ISO-10303-21;
HEADER;
/* Generated by software containing ST-Developer
 * from STEP Tools, Inc. (www.steptools.com) 
 */

FILE_DESCRIPTION(
/* description */ (''),
/* implementation_level */ '2;1');

FILE_NAME(
/* name */ 'Palmrest.step',
/* time_stamp */ '2026-05-27T21:27:23+02:00',
/* author */ (''),
/* organization */ (''),
/* preprocessor_version */ 'ST-DEVELOPER v20.1',
/* originating_system */ 'Autodesk Translation Framework v15.8.0.0',
/* authorisation */ '');

FILE_SCHEMA (('AUTOMOTIVE_DESIGN { 1 0 10303 214 3 1 1 }'));
ENDSEC;

DATA;
#10=MECHANICAL_DESIGN_GEOMETRIC_PRESENTATION_REPRESENTATION('',(#15,#16),
#9898);
#11=SHAPE_REPRESENTATION_RELATIONSHIP('SRR','None',#9905,#12);
#12=ADVANCED_BREP_SHAPE_REPRESENTATION('',(#17,#18),#9897);
#13=CONICAL_SURFACE('',#5259,3.65000000000001,0.785398163397921);
#14=CONICAL_SURFACE('',#5263,3.65000000000002,0.785398163399814);
#15=STYLED_ITEM('',(#9915),#17);
#16=STYLED_ITEM('',(#9916),#18);
#17=MANIFOLD_SOLID_BREP('Body2',#5057);
#18=MANIFOLD_SOLID_BREP('Body7',#5058);
#19=(
BOUNDED_SURFACE()
B_SPLINE_SURFACE(1,2,((#8390,#8391,#8392),(#8393,#8394,#8395)),
 .UNSPECIFIED.,.F.,.F.,.F.)
B_SPLINE_SURFACE_WITH_KNOTS((2,2),(3,3),(-1.02870140521007E-15,0.237769049250997),
(-2.49809154479634,-1.5707963267949),.UNSPECIFIED.)
GEOMETRIC_REPRESENTATION_ITEM()
RATIONAL_B_SPLINE_SURFACE(((1.,0.894427190999953,1.),(1.,0.894427190999953,
1.)))
REPRESENTATION_ITEM('')
SURFACE()
);
#20=(
BOUNDED_SURFACE()
B_SPLINE_SURFACE(1,2,((#8397,#8398,#8399),(#8400,#8401,#8402)),
 .UNSPECIFIED.,.F.,.F.,.F.)
B_SPLINE_SURFACE_WITH_KNOTS((2,2),(3,3),(-1.15985456738604E-15,0.0248415424590572),
(-1.57079632679506,-1.29154364647604),.UNSPECIFIED.)
GEOMETRIC_REPRESENTATION_ITEM()
RATIONAL_B_SPLINE_SURFACE(((1.,0.990268068741575,1.),(1.,0.990268068741575,
1.)))
REPRESENTATION_ITEM('')
SURFACE()
);
#21=(
BOUNDED_SURFACE()
B_SPLINE_SURFACE(1,2,((#8410,#8411,#8412),(#8413,#8414,#8415)),
 .UNSPECIFIED.,.F.,.F.,.F.)
B_SPLINE_SURFACE_WITH_KNOTS((2,2),(3,3),(-1.2820488605809E-15,0.172177587388653),
(-1.29154364647606,0.174532925199195),.UNSPECIFIED.)
GEOMETRIC_REPRESENTATION_ITEM()
RATIONAL_B_SPLINE_SURFACE(((1.,0.743144825477388,1.),(1.,0.743144825477388,
1.)))
REPRESENTATION_ITEM('')
SURFACE()
);
#22=(
BOUNDED_SURFACE()
B_SPLINE_SURFACE(1,2,((#8654,#8655,#8656),(#8657,#8658,#8659)),
 .UNSPECIFIED.,.F.,.F.,.F.)
B_SPLINE_SURFACE_WITH_KNOTS((2,2),(3,3),(-8.16850907447578E-17,0.237769049250999),
(-3.14159265358979,-1.5707963267949),.UNSPECIFIED.)
GEOMETRIC_REPRESENTATION_ITEM()
RATIONAL_B_SPLINE_SURFACE(((1.,0.70710678118655,1.),(1.,0.70710678118655,
1.)))
REPRESENTATION_ITEM('')
SURFACE()
);
#23=(
BOUNDED_SURFACE()
B_SPLINE_SURFACE(1,2,((#8661,#8662,#8663),(#8664,#8665,#8666)),
 .UNSPECIFIED.,.F.,.F.,.F.)
B_SPLINE_SURFACE_WITH_KNOTS((2,2),(3,3),(-8.16850907447578E-17,0.237769049250999),
(-1.57079632679489,-1.36780509335158E-16),.UNSPECIFIED.)
GEOMETRIC_REPRESENTATION_ITEM()
RATIONAL_B_SPLINE_SURFACE(((1.,0.707106781186551,1.),(1.,0.707106781186551,
1.)))
REPRESENTATION_ITEM('')
SURFACE()
);
#24=(
BOUNDED_SURFACE()
B_SPLINE_SURFACE(1,2,((#9853,#9854,#9855),(#9856,#9857,#9858)),
 .UNSPECIFIED.,.F.,.F.,.F.)
B_SPLINE_SURFACE_WITH_KNOTS((2,2),(3,3),(-0.33287666895139,1.94313128367056),
(-1.57079632679489,-7.70911112724093E-14),.UNSPECIFIED.)
GEOMETRIC_REPRESENTATION_ITEM()
RATIONAL_B_SPLINE_SURFACE(((1.,0.707106781186578,1.),(1.,0.707106781186578,
1.)))
REPRESENTATION_ITEM('')
SURFACE()
);
#25=(
BOUNDED_SURFACE()
B_SPLINE_SURFACE(1,2,((#9874,#9875,#9876),(#9877,#9878,#9879)),
 .UNSPECIFIED.,.F.,.F.,.F.)
B_SPLINE_SURFACE_WITH_KNOTS((2,2),(3,3),(-0.0473284363437919,0.276478847885199),
(1.34042431857428,1.57079632679511),.UNSPECIFIED.)
GEOMETRIC_REPRESENTATION_ITEM()
RATIONAL_B_SPLINE_SURFACE(((1.,0.993373423774139,1.),(1.,0.993373423774139,
1.)))
REPRESENTATION_ITEM('')
SURFACE()
);
#26=(
BOUNDED_SURFACE()
B_SPLINE_SURFACE(1,2,((#9884,#9885,#9886),(#9887,#9888,#9889)),
 .UNSPECIFIED.,.F.,.F.,.F.)
B_SPLINE_SURFACE_WITH_KNOTS((2,2),(3,3),(-0.499315003366967,2.22632626799109),
(-4.30211421990444E-16,1.2996936280438),.UNSPECIFIED.)
GEOMETRIC_REPRESENTATION_ITEM()
RATIONAL_B_SPLINE_SURFACE(((1.,0.796176495279759,1.),(1.,0.796176495279759,
1.)))
REPRESENTATION_ITEM('')
SURFACE()
);
#27=CIRCLE('',#5170,2.);
#28=CIRCLE('',#5172,2.);
#29=CIRCLE('',#5192,2.);
#30=CIRCLE('',#5194,1.99999999999999);
#31=CIRCLE('',#5195,2.);
#32=CIRCLE('',#5197,2.);
#33=CIRCLE('',#5198,2.00000000000001);
#34=CIRCLE('',#5200,2.00000000000001);
#35=CIRCLE('',#5201,2.);
#36=CIRCLE('',#5217,3.80000000000001);
#37=CIRCLE('',#5218,3.80000000000003);
#38=CIRCLE('',#5260,3.50000000000001);
#39=CIRCLE('',#5262,3.50000000000001);
#40=CIRCLE('',#5264,3.50000000000001);
#41=CIRCLE('',#5266,3.50000000000001);
#42=CIRCLE('',#5271,0.3);
#43=CIRCLE('',#5279,0.3);
#44=CIRCLE('',#5286,0.3);
#45=CIRCLE('',#5291,0.3);
#46=CIRCLE('',#5294,0.3);
#47=CIRCLE('',#5302,0.3);
#48=CIRCLE('',#5309,0.3);
#49=CIRCLE('',#5314,0.3);
#50=FACE_BOUND('',#665,.T.);
#51=FACE_BOUND('',#666,.T.);
#52=FACE_BOUND('',#667,.T.);
#53=FACE_BOUND('',#668,.T.);
#54=FACE_BOUND('',#763,.T.);
#55=FACE_BOUND('',#831,.T.);
#56=FACE_BOUND('',#832,.T.);
#57=FACE_BOUND('',#916,.T.);
#58=FACE_BOUND('',#917,.T.);
#59=FACE_BOUND('',#933,.T.);
#60=FACE_BOUND('',#934,.T.);
#61=FACE_BOUND('',#935,.T.);
#62=ELLIPSE('',#5079,15.0154590673497,15.);
#63=ELLIPSE('',#5082,15.0154590673497,15.);
#64=ELLIPSE('',#5085,105.63930066686,105.500000000004);
#65=ELLIPSE('',#5125,10.0087821520592,10.0000000012041);
#66=ELLIPSE('',#5128,10.0087821516274,10.0000000007729);
#67=ELLIPSE('',#5137,10.5144046623196,10.5);
#68=ELLIPSE('',#5141,10.5144046623196,10.5);
#69=ELLIPSE('',#5155,2.79480328012532,2.);
#70=ELLIPSE('',#5157,2.86329449110644,2.);
#71=ELLIPSE('',#5164,13.0178343438244,13.);
#72=ELLIPSE('',#5165,103.641988814298,103.500000000005);
#73=ELLIPSE('',#5166,8.0109749820208,8.00000000120416);
#74=ELLIPSE('',#5167,8.01097498158891,8.00000000077286);
#75=ELLIPSE('',#5168,13.0178343438244,13.);
#76=ELLIPSE('',#5186,100.637873196493,100.500000000004);
#77=ELLIPSE('',#5188,14.5198921527271,14.5);
#78=ELLIPSE('',#5204,10.5144046623196,10.5);
#79=ELLIPSE('',#5212,137.243713216231,105.629155073435);
#80=ELLIPSE('',#5270,0.424264068706955,0.3);
#81=ELLIPSE('',#5272,0.424264068709424,0.3);
#82=ELLIPSE('',#5275,0.424264068706955,0.3);
#83=ELLIPSE('',#5277,0.424264068709424,0.3);
#84=ELLIPSE('',#5280,0.424264068709384,0.3);
#85=ELLIPSE('',#5282,0.424264068709384,0.3);
#86=ELLIPSE('',#5285,0.424264068706905,0.3);
#87=ELLIPSE('',#5289,0.424264068706905,0.3);
#88=ELLIPSE('',#5293,0.424264068716957,0.3);
#89=ELLIPSE('',#5295,0.424264068714444,0.3);
#90=ELLIPSE('',#5298,0.424264068716957,0.3);
#91=ELLIPSE('',#5300,0.424264068714444,0.3);
#92=ELLIPSE('',#5303,0.424264068710515,0.3);
#93=ELLIPSE('',#5305,0.424264068710515,0.3);
#94=ELLIPSE('',#5308,0.424264068712987,0.3);
#95=ELLIPSE('',#5312,0.424264068712987,0.3);
#96=ELLIPSE('',#5325,10.0137187272245,10.0000000012042);
#97=ELLIPSE('',#5329,105.644732559502,105.500000000004);
#98=ELLIPSE('',#5330,10.0137187272245,10.0000000012042);
#99=CYLINDRICAL_SURFACE('',#5078,15.);
#100=CYLINDRICAL_SURFACE('',#5081,15.);
#101=CYLINDRICAL_SURFACE('',#5084,105.500000000004);
#102=CYLINDRICAL_SURFACE('',#5124,10.0000000012042);
#103=CYLINDRICAL_SURFACE('',#5127,10.0000000007729);
#104=CYLINDRICAL_SURFACE('',#5136,10.5);
#105=CYLINDRICAL_SURFACE('',#5140,10.5);
#106=CYLINDRICAL_SURFACE('',#5149,5.);
#107=CYLINDRICAL_SURFACE('',#5151,5.);
#108=CYLINDRICAL_SURFACE('',#5169,2.);
#109=CYLINDRICAL_SURFACE('',#5171,2.);
#110=CYLINDRICAL_SURFACE('',#5178,4.99999999999997);
#111=CYLINDRICAL_SURFACE('',#5190,4.99999999999999);
#112=CYLINDRICAL_SURFACE('',#5193,2.);
#113=CYLINDRICAL_SURFACE('',#5196,2.);
#114=CYLINDRICAL_SURFACE('',#5199,2.);
#115=CYLINDRICAL_SURFACE('',#5202,2.);
#116=CYLINDRICAL_SURFACE('',#5205,100.500000000004);
#117=CYLINDRICAL_SURFACE('',#5207,14.5);
#118=CYLINDRICAL_SURFACE('',#5210,10.5);
#119=CYLINDRICAL_SURFACE('',#5261,3.50000000000001);
#120=CYLINDRICAL_SURFACE('',#5265,3.50000000000001);
#121=CYLINDRICAL_SURFACE('',#5269,0.3);
#122=CYLINDRICAL_SURFACE('',#5278,0.3);
#123=CYLINDRICAL_SURFACE('',#5284,0.3);
#124=CYLINDRICAL_SURFACE('',#5290,0.3);
#125=CYLINDRICAL_SURFACE('',#5292,0.3);
#126=CYLINDRICAL_SURFACE('',#5301,0.3);
#127=CYLINDRICAL_SURFACE('',#5307,0.3);
#128=CYLINDRICAL_SURFACE('',#5313,0.3);
#129=CYLINDRICAL_SURFACE('',#5324,10.0000000012042);
#130=B_SPLINE_CURVE_WITH_KNOTS('',3,(#6421,#6422,#6423,#6424,#6425,#6426,
#6427),.UNSPECIFIED.,.F.,.F.,(4,1,1,1,4),(-1.55335577437123,-1.10953983883658,
-0.665723903301931,-0.443815935534606,4.3913678384104E-14),
 .UNSPECIFIED.);
#131=B_SPLINE_CURVE_WITH_KNOTS('',3,(#6430,#6431,#6432,#6433,#6434,#6435,
#6436),.UNSPECIFIED.,.F.,.F.,(4,1,1,1,4),(-4.3913678384104E-14,0.443815935534606,
0.665723903301931,1.10953983883658,1.55335577437123),.UNSPECIFIED.);
#132=B_SPLINE_CURVE_WITH_KNOTS('',3,(#6474,#6475,#6476,#6477,#6478,#6479,
#6480),.UNSPECIFIED.,.F.,.F.,(4,1,1,1,4),(-1.55335577437126,-1.22049382272029,
-0.887631871069324,-0.443815935534702,-7.95197241387768E-14),
 .UNSPECIFIED.);
#133=B_SPLINE_CURVE_WITH_KNOTS('',3,(#6481,#6482,#6483,#6484,#6485,#6486,
#6487),.UNSPECIFIED.,.F.,.F.,(4,1,1,1,4),(7.95197241387768E-14,0.443815935534702,
0.887631871069324,1.22049382272029,1.55335577437126),.UNSPECIFIED.);
#134=B_SPLINE_CURVE_WITH_KNOTS('',3,(#6521,#6522,#6523,#6524,#6525),
 .UNSPECIFIED.,.F.,.F.,(4,1,4),(0.,0.742682073167888,1.2996936280438),
 .UNSPECIFIED.);
#135=B_SPLINE_CURVE_WITH_KNOTS('',3,(#6528,#6529,#6530,#6531,#6532),
 .UNSPECIFIED.,.F.,.F.,(4,1,4),(-1.2996936280438,-0.742682073167888,0.),
 .UNSPECIFIED.);
#136=B_SPLINE_CURVE_WITH_KNOTS('',3,(#6566,#6567,#6568,#6569,#6570,#6571),
 .UNSPECIFIED.,.F.,.F.,(4,1,1,4),(1.5707963267949,2.01959527730773,2.46839422782056,
3.14159265358981),.UNSPECIFIED.);
#137=B_SPLINE_CURVE_WITH_KNOTS('',3,(#6572,#6573,#6574,#6575,#6576,#6577),
 .UNSPECIFIED.,.F.,.F.,(4,1,1,4),(-3.14159265358981,-2.46839422782056,-2.01959527730773,
-1.5707963267949),.UNSPECIFIED.);
#138=B_SPLINE_CURVE_WITH_KNOTS('',3,(#6586,#6587,#6588,#6589,#6590,#6591,
#6592),.UNSPECIFIED.,.F.,.F.,(4,3,4),(-0.703024036608062,-0.351514446072706,
0.),.UNSPECIFIED.);
#139=B_SPLINE_CURVE_WITH_KNOTS('',3,(#6611,#6612,#6613,#6614),
 .UNSPECIFIED.,.F.,.F.,(4,4),(1.34284028479522,1.57079632679511),
 .UNSPECIFIED.);
#140=B_SPLINE_CURVE_WITH_KNOTS('',3,(#6617,#6618,#6619,#6620),
 .UNSPECIFIED.,.F.,.F.,(4,4),(-1.57079632679511,-1.34142277000459),
 .UNSPECIFIED.);
#141=B_SPLINE_CURVE_WITH_KNOTS('',3,(#6621,#6622,#6623,#6624),
 .UNSPECIFIED.,.F.,.F.,(4,4),(0.860212367840057,0.860551786192134),
 .UNSPECIFIED.);
#142=B_SPLINE_CURVE_WITH_KNOTS('',3,(#6641,#6642,#6643,#6644),
 .UNSPECIFIED.,.F.,.F.,(4,4),(10.2305443953218,10.2557868611179),
 .UNSPECIFIED.);
#143=B_SPLINE_CURVE_WITH_KNOTS('',3,(#6645,#6646,#6647,#6648),
 .UNSPECIFIED.,.F.,.F.,(4,4),(-10.2557868611179,-10.2305443953218),
 .UNSPECIFIED.);
#144=B_SPLINE_CURVE_WITH_KNOTS('',3,(#6665,#6666,#6667,#6668),
 .UNSPECIFIED.,.F.,.F.,(4,4),(-4.78387931922684,-4.75767995264011),
 .UNSPECIFIED.);
#145=B_SPLINE_CURVE_WITH_KNOTS('',3,(#6669,#6670,#6671,#6672),
 .UNSPECIFIED.,.F.,.F.,(4,4),(4.75767995264011,4.78387931922684),
 .UNSPECIFIED.);
#146=B_SPLINE_CURVE_WITH_KNOTS('',3,(#6689,#6690,#6691,#6692),
 .UNSPECIFIED.,.F.,.F.,(4,4),(-1.57079632679486,-1.55335577437123),
 .UNSPECIFIED.);
#147=B_SPLINE_CURVE_WITH_KNOTS('',3,(#6693,#6694,#6695,#6696),
 .UNSPECIFIED.,.F.,.F.,(4,4),(1.55335577437123,1.57079632679486),
 .UNSPECIFIED.);
#148=B_SPLINE_CURVE_WITH_KNOTS('',3,(#6713,#6714,#6715,#6716),
 .UNSPECIFIED.,.F.,.F.,(4,4),(1.55335577437126,1.57079632679489),
 .UNSPECIFIED.);
#149=B_SPLINE_CURVE_WITH_KNOTS('',3,(#6717,#6718,#6719,#6720),
 .UNSPECIFIED.,.F.,.F.,(4,4),(-1.57079632679489,-1.55335577437126),
 .UNSPECIFIED.);
#150=B_SPLINE_CURVE_WITH_KNOTS('',3,(#6737,#6738,#6739,#6740),
 .UNSPECIFIED.,.F.,.F.,(4,4),(0.0274778894833627,0.0536772560700873),
 .UNSPECIFIED.);
#151=B_SPLINE_CURVE_WITH_KNOTS('',3,(#6741,#6742,#6743,#6744),
 .UNSPECIFIED.,.F.,.F.,(4,4),(-0.0536772560700873,-0.0274778894833627),
 .UNSPECIFIED.);
#152=B_SPLINE_CURVE_WITH_KNOTS('',3,(#6949,#6950,#6951,#6952),
 .UNSPECIFIED.,.F.,.F.,(4,4),(0.,0.00041479676361028),.UNSPECIFIED.);
#153=B_SPLINE_CURVE_WITH_KNOTS('',3,(#6983,#6984,#6985,#6986),
 .UNSPECIFIED.,.F.,.F.,(4,4),(0.00623868363458723,0.677308077956481),
 .UNSPECIFIED.);
#154=B_SPLINE_CURVE_WITH_KNOTS('',3,(#6989,#6990,#6991,#6992),
 .UNSPECIFIED.,.F.,.F.,(4,4),(-0.677308077956481,-0.00623868363458723),
 .UNSPECIFIED.);
#155=B_SPLINE_CURVE_WITH_KNOTS('',3,(#7034,#7035,#7036,#7037,#7038,#7039),
 .UNSPECIFIED.,.F.,.F.,(4,1,1,4),(-1.56082961827923,-1.11487829877088,-0.66892697926253,
-1.59692669016038E-15),.UNSPECIFIED.);
#156=B_SPLINE_CURVE_WITH_KNOTS('',3,(#7040,#7041,#7042,#7043,#7044,#7045),
 .UNSPECIFIED.,.F.,.F.,(4,1,1,4),(1.59692669016038E-15,0.66892697926253,
1.11487829877088,1.56082961827923),.UNSPECIFIED.);
#157=B_SPLINE_CURVE_WITH_KNOTS('',3,(#7074,#7075,#7076,#7077,#7078,#7079),
 .UNSPECIFIED.,.F.,.F.,(4,1,1,4),(-3.1415926535898,-2.69279370307697,-2.24399475256414,
-1.5707963267949),.UNSPECIFIED.);
#158=B_SPLINE_CURVE_WITH_KNOTS('',3,(#7082,#7083,#7084,#7085,#7086,#7087),
 .UNSPECIFIED.,.F.,.F.,(4,1,1,4),(1.5707963267949,2.24399475256414,2.69279370307697,
3.1415926535898),.UNSPECIFIED.);
#159=B_SPLINE_CURVE_WITH_KNOTS('',3,(#7130,#7131,#7132,#7133,#7134,#7135),
 .UNSPECIFIED.,.F.,.F.,(4,1,1,4),(-1.29154364647606,-0.663225115758093,
-0.244346095279448,0.174532925199197),.UNSPECIFIED.);
#160=B_SPLINE_CURVE_WITH_KNOTS('',3,(#7138,#7139,#7140,#7141,#7142,#7143),
 .UNSPECIFIED.,.F.,.F.,(4,1,1,4),(-0.174532925199197,0.244346095279448,
0.663225115758093,1.29154364647606),.UNSPECIFIED.);
#161=B_SPLINE_CURVE_WITH_KNOTS('',3,(#7160,#7161,#7162,#7163),
 .UNSPECIFIED.,.F.,.F.,(4,4),(-3.0282219900628,-3.02640220115727),
 .UNSPECIFIED.);
#162=B_SPLINE_CURVE_WITH_KNOTS('',3,(#7164,#7165,#7166,#7167),
 .UNSPECIFIED.,.F.,.F.,(4,4),(3.02640220115727,3.0282219900628),
 .UNSPECIFIED.);
#163=B_SPLINE_CURVE_WITH_KNOTS('',3,(#7193,#7194,#7195,#7196),
 .UNSPECIFIED.,.F.,.F.,(4,4),(1.32307022895686,1.3331440079799),
 .UNSPECIFIED.);
#164=B_SPLINE_CURVE_WITH_KNOTS('',3,(#7197,#7198,#7199,#7200),
 .UNSPECIFIED.,.F.,.F.,(4,4),(-1.3331440079799,-1.32307022895686),
 .UNSPECIFIED.);
#165=B_SPLINE_CURVE_WITH_KNOTS('',3,(#7221,#7222,#7223,#7224),
 .UNSPECIFIED.,.F.,.F.,(4,4),(1.29254502984379,1.57079632679506),
 .UNSPECIFIED.);
#166=B_SPLINE_CURVE_WITH_KNOTS('',3,(#7227,#7228,#7229,#7230),
 .UNSPECIFIED.,.F.,.F.,(4,4),(-1.57079632679506,-1.29254502984379),
 .UNSPECIFIED.);
#167=B_SPLINE_CURVE_WITH_KNOTS('',3,(#7247,#7248,#7249,#7250),
 .UNSPECIFIED.,.F.,.F.,(4,4),(-1.29254502984379,-1.29154364647604),
 .UNSPECIFIED.);
#168=B_SPLINE_CURVE_WITH_KNOTS('',3,(#7251,#7252,#7253,#7254),
 .UNSPECIFIED.,.F.,.F.,(4,4),(1.29154364647604,1.29254502984379),
 .UNSPECIFIED.);
#169=B_SPLINE_CURVE_WITH_KNOTS('',3,(#7280,#7281,#7282,#7283),
 .UNSPECIFIED.,.F.,.F.,(4,4),(2.48285920152125,2.49333894815596),
 .UNSPECIFIED.);
#170=B_SPLINE_CURVE_WITH_KNOTS('',3,(#7284,#7285,#7286,#7287),
 .UNSPECIFIED.,.F.,.F.,(4,4),(-2.49333894815596,-2.48285920152125),
 .UNSPECIFIED.);
#171=B_SPLINE_CURVE_WITH_KNOTS('',3,(#7311,#7312,#7313,#7314,#7315),
 .UNSPECIFIED.,.F.,.F.,(4,1,4),(1.58076303534704,2.10834392980293,2.50402960064486),
 .UNSPECIFIED.);
#172=B_SPLINE_CURVE_WITH_KNOTS('',3,(#7316,#7317,#7318,#7319,#7320),
 .UNSPECIFIED.,.F.,.F.,(4,1,4),(-2.50402960064486,-2.10834392980293,-1.58076303534704),
 .UNSPECIFIED.);
#173=B_SPLINE_CURVE_WITH_KNOTS('',3,(#7337,#7338,#7339,#7340),
 .UNSPECIFIED.,.F.,.F.,(4,4),(-1.58076303534704,-1.57079632679492),
 .UNSPECIFIED.);
#174=B_SPLINE_CURVE_WITH_KNOTS('',3,(#7341,#7342,#7343,#7344),
 .UNSPECIFIED.,.F.,.F.,(4,4),(1.57079632679492,1.58076303534704),
 .UNSPECIFIED.);
#175=B_SPLINE_CURVE_WITH_KNOTS('',3,(#7370,#7371,#7372,#7373),
 .UNSPECIFIED.,.F.,.F.,(4,4),(-1.57079632679488,-1.56082961827923),
 .UNSPECIFIED.);
#176=B_SPLINE_CURVE_WITH_KNOTS('',3,(#7374,#7375,#7376,#7377),
 .UNSPECIFIED.,.F.,.F.,(4,4),(1.56082961827923,1.57079632679488),
 .UNSPECIFIED.);
#177=B_SPLINE_CURVE_WITH_KNOTS('',3,(#7394,#7395,#7396,#7397),
 .UNSPECIFIED.,.F.,.F.,(4,4),(-1.44412218575221,-1.43364243911752),
 .UNSPECIFIED.);
#178=B_SPLINE_CURVE_WITH_KNOTS('',3,(#7398,#7399,#7400,#7401),
 .UNSPECIFIED.,.F.,.F.,(4,4),(1.43364243911752,1.44412218575221),
 .UNSPECIFIED.);
#179=B_SPLINE_CURVE_WITH_KNOTS('',3,(#7430,#7431,#7432,#7433,#7434,#7435),
 .UNSPECIFIED.,.F.,.F.,(4,2,4),(0.,0.305578779318055,0.677308077956462),
 .UNSPECIFIED.);
#180=B_SPLINE_CURVE_WITH_KNOTS('',3,(#7503,#7504,#7505,#7506,#7507,#7508),
 .UNSPECIFIED.,.F.,.F.,(4,1,1,4),(-1.53941043796811,-1.09957888426292,-0.659747330557734,
5.1222462740576E-14),.UNSPECIFIED.);
#181=B_SPLINE_CURVE_WITH_KNOTS('',3,(#7509,#7510,#7511,#7512,#7513,#7514),
 .UNSPECIFIED.,.F.,.F.,(4,1,1,4),(-5.1222462740576E-14,0.659747330557734,
1.09957888426292,1.53941043796811),.UNSPECIFIED.);
#182=B_SPLINE_CURVE_WITH_KNOTS('',3,(#7540,#7541,#7542,#7543),
 .UNSPECIFIED.,.F.,.F.,(4,4),(-1.57079632679491,-1.53941043796812),
 .UNSPECIFIED.);
#183=B_SPLINE_CURVE_WITH_KNOTS('',3,(#7544,#7545,#7546,#7547),
 .UNSPECIFIED.,.F.,.F.,(4,4),(1.53941043796812,1.57079632679491),
 .UNSPECIFIED.);
#184=B_SPLINE_CURVE_WITH_KNOTS('',3,(#7572,#7573,#7574,#7575,#7576),
 .UNSPECIFIED.,.F.,.F.,(4,1,4),(-3.48550218608988E-14,0.673198425769222,
1.5707963267949),.UNSPECIFIED.);
#185=B_SPLINE_CURVE_WITH_KNOTS('',3,(#7579,#7580,#7581,#7582,#7583),
 .UNSPECIFIED.,.F.,.F.,(4,1,4),(-1.5707963267949,-0.673198425769222,3.48550218608988E-14),
 .UNSPECIFIED.);
#186=B_SPLINE_CURVE_WITH_KNOTS('',3,(#7613,#7614,#7615,#7616,#7617),
 .UNSPECIFIED.,.F.,.F.,(4,1,4),(-1.29969362804382,-0.557011554875919,8.02893475796631E-15),
 .UNSPECIFIED.);
#187=B_SPLINE_CURVE_WITH_KNOTS('',3,(#7618,#7619,#7620,#7621,#7622),
 .UNSPECIFIED.,.F.,.F.,(4,1,4),(-8.02893475796631E-15,0.557011554875919,
1.29969362804382),.UNSPECIFIED.);
#188=B_SPLINE_CURVE_WITH_KNOTS('',3,(#7639,#7640,#7641,#7642),
 .UNSPECIFIED.,.F.,.F.,(4,4),(-6.08294069203209,-6.06722107208005),
 .UNSPECIFIED.);
#189=B_SPLINE_CURVE_WITH_KNOTS('',3,(#7643,#7644,#7645,#7646),
 .UNSPECIFIED.,.F.,.F.,(4,4),(6.06722107208005,6.08294069203209),
 .UNSPECIFIED.);
#190=B_SPLINE_CURVE_WITH_KNOTS('',3,(#7672,#7673,#7674,#7675),
 .UNSPECIFIED.,.F.,.F.,(4,4),(1.56126448368411,1.57640996316177),
 .UNSPECIFIED.);
#191=B_SPLINE_CURVE_WITH_KNOTS('',3,(#7676,#7677,#7678,#7679),
 .UNSPECIFIED.,.F.,.F.,(4,4),(-1.57640996316177,-1.56126448368411),
 .UNSPECIFIED.);
#192=B_SPLINE_CURVE_WITH_KNOTS('',3,(#7708,#7709,#7710,#7711,#7712,#7713),
 .UNSPECIFIED.,.F.,.F.,(4,1,1,4),(1.33019249819153,1.79786884967699,2.26554520116246,
2.96705972839066),.UNSPECIFIED.);
#193=B_SPLINE_CURVE_WITH_KNOTS('',3,(#7716,#7717,#7718,#7719,#7720,#7721),
 .UNSPECIFIED.,.F.,.F.,(4,1,1,4),(-2.96705972839066,-2.26554520116246,-1.79786884967699,
-1.33019249819153),.UNSPECIFIED.);
#194=B_SPLINE_CURVE_WITH_KNOTS('',3,(#7738,#7739,#7740,#7741),
 .UNSPECIFIED.,.F.,.F.,(4,4),(-1.33019249819306,-1.29969362804386),
 .UNSPECIFIED.);
#195=B_SPLINE_CURVE_WITH_KNOTS('',3,(#7742,#7743,#7744,#7745),
 .UNSPECIFIED.,.F.,.F.,(4,4),(1.29969362804386,1.33019249819306),
 .UNSPECIFIED.);
#196=B_SPLINE_CURVE_WITH_KNOTS('',3,(#7762,#7763,#7764,#7765),
 .UNSPECIFIED.,.F.,.F.,(4,4),(2.38457736223904,2.38730704559731),
 .UNSPECIFIED.);
#197=B_SPLINE_CURVE_WITH_KNOTS('',3,(#7766,#7767,#7768,#7769),
 .UNSPECIFIED.,.F.,.F.,(4,4),(-2.38730704559731,-2.38457736223904),
 .UNSPECIFIED.);
#198=B_SPLINE_CURVE_WITH_KNOTS('',3,(#7774,#7775,#7776,#7777,#7778,#7779),
 .UNSPECIFIED.,.F.,.F.,(4,1,1,4),(-1.56556367968609,-0.89460781696348,-0.447303908481741,
-2.60898670269983E-15),.UNSPECIFIED.);
#199=B_SPLINE_CURVE_WITH_KNOTS('',3,(#7788,#7789,#7790,#7791,#7792),
 .UNSPECIFIED.,.F.,.F.,(4,1,4),(-2.58130124201744E-15,0.554853701576184,
1.2946586370111),.UNSPECIFIED.);
#200=B_SPLINE_CURVE_WITH_KNOTS('',3,(#7798,#7799,#7800,#7801),
 .UNSPECIFIED.,.F.,.F.,(4,4),(1.29465863701109,1.29969362804381),
 .UNSPECIFIED.);
#201=B_SPLINE_CURVE_WITH_KNOTS('',3,(#7861,#7862,#7863,#7864,#7865,#7866),
 .UNSPECIFIED.,.F.,.F.,(4,1,1,4),(-1.57079632679489,-1.12199737628206,-0.673198425769235,
4.12713641095074E-15),.UNSPECIFIED.);
#202=B_SPLINE_CURVE_WITH_KNOTS('',3,(#7870,#7871,#7872,#7873,#7874,#7875),
 .UNSPECIFIED.,.F.,.F.,(4,1,1,4),(-3.14159265358979,-2.46839422782055,-2.01959527730772,
-1.5707963267949),.UNSPECIFIED.);
#203=B_SPLINE_CURVE_WITH_KNOTS('',3,(#7881,#7882,#7883,#7884,#7885,#7886),
 .UNSPECIFIED.,.F.,.F.,(4,1,1,4),(-1.29154364647606,-0.872664625997413,
-0.453785605518768,0.174532925199198),.UNSPECIFIED.);
#204=B_SPLINE_CURVE_WITH_KNOTS('',3,(#7890,#7891,#7892,#7893),
 .UNSPECIFIED.,.F.,.F.,(4,4),(-1.57079632679506,-1.29154364647604),
 .UNSPECIFIED.);
#205=B_SPLINE_CURVE_WITH_KNOTS('',3,(#7897,#7898,#7899,#7900,#7901),
 .UNSPECIFIED.,.F.,.F.,(4,1,4),(-2.49809154479635,-1.96820856308123,-1.57079632679489),
 .UNSPECIFIED.);
#206=B_SPLINE_CURVE_WITH_KNOTS('',3,(#7902,#7903,#7904,#7905),
 .UNSPECIFIED.,.F.,.F.,(4,4),(-0.677308077956482,-1.34612467757593E-14),
 .UNSPECIFIED.);
#207=B_SPLINE_CURVE_WITH_KNOTS('',3,(#7908,#7909,#7910,#7911,#7912,#7913),
 .UNSPECIFIED.,.F.,.F.,(4,1,1,4),(-2.96614515267038,-2.49001614563422,-2.01388713859807,
-1.29969362804384),.UNSPECIFIED.);
#208=B_SPLINE_CURVE_WITH_KNOTS('',3,(#7915,#7916,#7917,#7918),
 .UNSPECIFIED.,.F.,.F.,(4,4),(-2.96705972839066,-2.96614515298968),
 .UNSPECIFIED.);
#209=B_SPLINE_CURVE_WITH_KNOTS('',3,(#7924,#7925,#7926,#7927,#7928,#7929),
 .UNSPECIFIED.,.F.,.F.,(4,1,1,4),(-1.57079632679491,-0.897597901025665,
-0.448798950512833,-1.2924324980663E-16),.UNSPECIFIED.);
#210=B_SPLINE_CURVE_WITH_KNOTS('',3,(#7931,#7932,#7933,#7934),
 .UNSPECIFIED.,.F.,.F.,(4,4),(-0.407578953191621,-0.404959016532946),
 .UNSPECIFIED.);
#211=B_SPLINE_CURVE_WITH_KNOTS('',3,(#7938,#7939,#7940,#7941),
 .UNSPECIFIED.,.F.,.F.,(4,4),(1.56556367968609,1.5707963267949),
 .UNSPECIFIED.);
#212=B_SPLINE_CURVE_WITH_KNOTS('',3,(#7943,#7944,#7945,#7946,#7947,#7948),
 .UNSPECIFIED.,.F.,.F.,(4,1,1,4),(2.60898670269983E-15,0.447303908481741,
0.89460781696348,1.56556367968609),.UNSPECIFIED.);
#213=B_SPLINE_CURVE_WITH_KNOTS('',3,(#7952,#7953,#7954,#7955,#7956),
 .UNSPECIFIED.,.F.,.F.,(4,1,4),(-1.2946586370111,-0.554853701576184,2.58130124201744E-15),
 .UNSPECIFIED.);
#214=B_SPLINE_CURVE_WITH_KNOTS('',3,(#7958,#7959,#7960,#7961),
 .UNSPECIFIED.,.F.,.F.,(4,4),(-1.29969362804381,-1.29465863701109),
 .UNSPECIFIED.);
#215=B_SPLINE_CURVE_WITH_KNOTS('',3,(#7964,#7965,#7966,#7967),
 .UNSPECIFIED.,.F.,.F.,(4,4),(-3.39011496808706,-3.38759072150745),
 .UNSPECIFIED.);
#216=B_SPLINE_CURVE_WITH_KNOTS('',3,(#8004,#8005,#8006,#8007,#8008,#8009),
 .UNSPECIFIED.,.F.,.F.,(4,1,1,4),(1.2924324980663E-16,0.448798950512833,
0.897597901025665,1.57079632679491),.UNSPECIFIED.);
#217=B_SPLINE_CURVE_WITH_KNOTS('',3,(#8038,#8039,#8040,#8041),
 .UNSPECIFIED.,.F.,.F.,(4,4),(0.404959016532946,0.407578953191621),
 .UNSPECIFIED.);
#218=B_SPLINE_CURVE_WITH_KNOTS('',3,(#8107,#8108,#8109,#8110),
 .UNSPECIFIED.,.F.,.F.,(4,4),(-1.5707963267949,-1.56556367968609),
 .UNSPECIFIED.);
#219=B_SPLINE_CURVE_WITH_KNOTS('',3,(#8158,#8159,#8160,#8161,#8162,#8163),
 .UNSPECIFIED.,.F.,.F.,(4,1,1,4),(1.29969362804384,2.01388713859807,2.49001614563422,
2.96614515267038),.UNSPECIFIED.);
#220=B_SPLINE_CURVE_WITH_KNOTS('',3,(#8180,#8181,#8182,#8183),
 .UNSPECIFIED.,.F.,.F.,(4,4),(3.38759072150745,3.39011496808706),
 .UNSPECIFIED.);
#221=B_SPLINE_CURVE_WITH_KNOTS('',3,(#8200,#8201,#8202,#8203),
 .UNSPECIFIED.,.F.,.F.,(4,4),(2.96614515298968,2.96705972839066),
 .UNSPECIFIED.);
#222=B_SPLINE_CURVE_WITH_KNOTS('',3,(#8243,#8244,#8245,#8246,#8247,#8248),
 .UNSPECIFIED.,.F.,.F.,(4,1,1,4),(-0.174532925199198,0.453785605518768,
0.872664625997413,1.29154364647606),.UNSPECIFIED.);
#223=B_SPLINE_CURVE_WITH_KNOTS('',3,(#8270,#8271,#8272,#8273),
 .UNSPECIFIED.,.F.,.F.,(4,4),(1.29154364647604,1.57079632679506),
 .UNSPECIFIED.);
#224=B_SPLINE_CURVE_WITH_KNOTS('',3,(#8298,#8299,#8300,#8301,#8302),
 .UNSPECIFIED.,.F.,.F.,(4,1,4),(1.57079632679489,1.96820856308123,2.49809154479635),
 .UNSPECIFIED.);
#225=B_SPLINE_CURVE_WITH_KNOTS('',3,(#8319,#8320,#8321,#8322),
 .UNSPECIFIED.,.F.,.F.,(4,4),(1.34612467757593E-14,0.677308077956482),
 .UNSPECIFIED.);
#226=B_SPLINE_CURVE_WITH_KNOTS('',3,(#8348,#8349,#8350,#8351,#8352,#8353),
 .UNSPECIFIED.,.F.,.F.,(4,1,1,4),(-4.12713641095074E-15,0.673198425769235,
1.12199737628206,1.57079632679489),.UNSPECIFIED.);
#227=B_SPLINE_CURVE_WITH_KNOTS('',3,(#8382,#8383,#8384,#8385,#8386,#8387),
 .UNSPECIFIED.,.F.,.F.,(4,1,1,4),(1.5707963267949,2.01959527730772,2.46839422782055,
3.14159265358979),.UNSPECIFIED.);
#228=B_SPLINE_CURVE_WITH_KNOTS('',3,(#8446,#8447,#8448,#8449,#8450,#8451,
#8452,#8453,#8454,#8455,#8456,#8457,#8458,#8459,#8460,#8461,#8462,#8463,
#8464,#8465,#8466,#8467,#8468,#8469,#8470,#8471,#8472,#8473,#8474,#8475,
#8476,#8477,#8478,#8479,#8480,#8481,#8482,#8483,#8484,#8485,#8486,#8487,
#8488,#8489,#8490,#8491,#8492,#8493,#8494,#8495,#8496,#8497),
 .UNSPECIFIED.,.F.,.F.,(4,3,3,3,3,3,3,3,3,3,3,3,3,3,3,3,3,4),(-0.312361490816887,
-0.311712274407336,-0.289731996141275,-0.267320902400409,-0.24466825092794,
-0.234376372527744,-0.211764896052908,-0.189111807594256,-0.166897565574505,
-0.156236416593981,-0.133646967691903,-0.11136830321031,-0.0888338046121765,
-0.0781136308376603,-0.0556246445990678,-0.0330904547333307,-0.011016827833178,
0.),.UNSPECIFIED.);
#229=B_SPLINE_CURVE_WITH_KNOTS('',3,(#8696,#8697,#8698,#8699),
 .UNSPECIFIED.,.F.,.F.,(4,4),(-0.228274589872083,0.00219882979053003),
 .UNSPECIFIED.);
#230=B_SPLINE_CURVE_WITH_KNOTS('',3,(#8703,#8704,#8705,#8706),
 .UNSPECIFIED.,.F.,.F.,(4,4),(-0.00219882979053003,0.228115506752807),
 .UNSPECIFIED.);
#231=B_SPLINE_CURVE_WITH_KNOTS('',3,(#8707,#8708,#8709,#8710,#8711,#8712),
 .UNSPECIFIED.,.F.,.F.,(4,2,4),(0.,0.0191416453367579,0.0382830098948856),
 .UNSPECIFIED.);
#232=B_SPLINE_CURVE_WITH_KNOTS('',3,(#8745,#8746,#8747,#8748,#8749),
 .UNSPECIFIED.,.F.,.F.,(4,1,4),(0.270470150200005,1.01225785368921,1.56859863130611),
 .UNSPECIFIED.);
#233=B_SPLINE_CURVE_WITH_KNOTS('',3,(#8752,#8753,#8754,#8755,#8756),
 .UNSPECIFIED.,.F.,.F.,(4,1,4),(-1.56859863130611,-1.01225785368921,-0.270470150200005),
 .UNSPECIFIED.);
#234=B_SPLINE_CURVE_WITH_KNOTS('',3,(#8773,#8774,#8775,#8776),
 .UNSPECIFIED.,.F.,.F.,(4,4),(-0.270470150200008,-0.268905003262309),
 .UNSPECIFIED.);
#235=B_SPLINE_CURVE_WITH_KNOTS('',3,(#8777,#8778,#8779,#8780),
 .UNSPECIFIED.,.F.,.F.,(4,4),(0.268905003262309,0.270470150200008),
 .UNSPECIFIED.);
#236=B_SPLINE_CURVE_WITH_KNOTS('',3,(#8806,#8807,#8808,#8809),
 .UNSPECIFIED.,.F.,.F.,(4,4),(0.409648181766432,0.41552570971113),
 .UNSPECIFIED.);
#237=B_SPLINE_CURVE_WITH_KNOTS('',3,(#8810,#8811,#8812,#8813),
 .UNSPECIFIED.,.F.,.F.,(4,4),(-0.41552570971113,-0.409648181766432),
 .UNSPECIFIED.);
#238=B_SPLINE_CURVE_WITH_KNOTS('',3,(#8858,#8859,#8860,#8861,#8862,#8863,
#8864),.UNSPECIFIED.,.F.,.F.,(4,1,1,1,4),(-3.13938695333272,-2.69059028989654,
-2.24179362646037,-1.90519612888324,-1.5685986313061),.UNSPECIFIED.);
#239=B_SPLINE_CURVE_WITH_KNOTS('',3,(#8867,#8868,#8869,#8870,#8871,#8872,
#8873),.UNSPECIFIED.,.F.,.F.,(4,1,1,1,4),(1.5685986313061,1.90519612888324,
2.24179362646037,2.69059028989654,3.13938681919379),.UNSPECIFIED.);
#240=B_SPLINE_CURVE_WITH_KNOTS('',3,(#8890,#8891,#8892,#8893),
 .UNSPECIFIED.,.F.,.F.,(4,4),(-1.10933129836845,-1.10345377042376),
 .UNSPECIFIED.);
#241=B_SPLINE_CURVE_WITH_KNOTS('',3,(#8894,#8895,#8896,#8897),
 .UNSPECIFIED.,.F.,.F.,(4,4),(1.10345377042376,1.10933129836845),
 .UNSPECIFIED.);
#242=B_SPLINE_CURVE_WITH_KNOTS('',3,(#8952,#8953,#8954,#8955,#8956),
 .UNSPECIFIED.,.F.,.F.,(4,1,4),(-0.0942114494743646,-0.0469658946011959,
0.),.UNSPECIFIED.);
#243=B_SPLINE_CURVE_WITH_KNOTS('',3,(#8959,#8960,#8961,#8962,#8963),
 .UNSPECIFIED.,.F.,.F.,(4,1,4),(-0.0942114494743646,-0.0469658946011959,
0.),.UNSPECIFIED.);
#244=B_SPLINE_CURVE_WITH_KNOTS('',3,(#8975,#8976,#8977,#8978,#8979),
 .UNSPECIFIED.,.F.,.F.,(4,1,4),(-0.112290364317098,-0.0573375892291057,
0.),.UNSPECIFIED.);
#245=B_SPLINE_CURVE_WITH_KNOTS('',3,(#8982,#8983,#8984,#8985,#8986),
 .UNSPECIFIED.,.F.,.F.,(4,1,4),(-0.112290364317098,-0.0573375892291057,
0.),.UNSPECIFIED.);
#246=B_SPLINE_CURVE_WITH_KNOTS('',3,(#8998,#8999,#9000,#9001,#9002),
 .UNSPECIFIED.,.F.,.F.,(4,1,4),(-0.114725023653779,-0.0553801497596096,
0.),.UNSPECIFIED.);
#247=B_SPLINE_CURVE_WITH_KNOTS('',3,(#9005,#9006,#9007,#9008,#9009),
 .UNSPECIFIED.,.F.,.F.,(4,1,4),(-0.114725023653779,-0.0553801497596096,
0.),.UNSPECIFIED.);
#248=B_SPLINE_CURVE_WITH_KNOTS('',3,(#9021,#9022,#9023,#9024,#9025),
 .UNSPECIFIED.,.F.,.F.,(4,1,4),(-0.107332793580094,-0.0540901618663187,
0.),.UNSPECIFIED.);
#249=B_SPLINE_CURVE_WITH_KNOTS('',3,(#9028,#9029,#9030,#9031,#9032),
 .UNSPECIFIED.,.F.,.F.,(4,1,4),(-0.107332793580094,-0.0540901618663187,
0.),.UNSPECIFIED.);
#250=B_SPLINE_CURVE_WITH_KNOTS('',3,(#9044,#9045,#9046,#9047,#9048),
 .UNSPECIFIED.,.F.,.F.,(4,1,4),(-0.1133260586096,-0.0550983554920287,0.),
 .UNSPECIFIED.);
#251=B_SPLINE_CURVE_WITH_KNOTS('',3,(#9051,#9052,#9053,#9054,#9055),
 .UNSPECIFIED.,.F.,.F.,(4,1,4),(-0.1133260586096,-0.0550983554920287,0.),
 .UNSPECIFIED.);
#252=B_SPLINE_CURVE_WITH_KNOTS('',3,(#9073,#9074,#9075,#9076,#9077),
 .UNSPECIFIED.,.F.,.F.,(4,1,4),(-0.0592970826853403,-0.0314409617725635,
0.),.UNSPECIFIED.);
#253=B_SPLINE_CURVE_WITH_KNOTS('',3,(#9080,#9081,#9082,#9083,#9084),
 .UNSPECIFIED.,.F.,.F.,(4,1,4),(-0.0592970826853403,-0.0314409617725635,
0.),.UNSPECIFIED.);
#254=B_SPLINE_CURVE_WITH_KNOTS('',3,(#9096,#9097,#9098,#9099,#9100),
 .UNSPECIFIED.,.F.,.F.,(4,1,4),(-0.0535985196526664,-0.0261838087331192,
0.),.UNSPECIFIED.);
#255=B_SPLINE_CURVE_WITH_KNOTS('',3,(#9103,#9104,#9105,#9106,#9107),
 .UNSPECIFIED.,.F.,.F.,(4,1,4),(-0.0535985196526664,-0.0261838087331192,
0.),.UNSPECIFIED.);
#256=B_SPLINE_CURVE_WITH_KNOTS('',3,(#9119,#9120,#9121,#9122,#9123),
 .UNSPECIFIED.,.F.,.F.,(4,1,4),(-0.0571256986538091,-0.0300466765326387,
0.),.UNSPECIFIED.);
#257=B_SPLINE_CURVE_WITH_KNOTS('',3,(#9126,#9127,#9128,#9129,#9130),
 .UNSPECIFIED.,.F.,.F.,(4,1,4),(-0.0571256986538091,-0.0300466765326387,
0.),.UNSPECIFIED.);
#258=B_SPLINE_CURVE_WITH_KNOTS('',3,(#9142,#9143,#9144,#9145,#9146),
 .UNSPECIFIED.,.F.,.F.,(4,1,4),(-0.0529153276569737,-0.0262342713563785,
0.),.UNSPECIFIED.);
#259=B_SPLINE_CURVE_WITH_KNOTS('',3,(#9149,#9150,#9151,#9152,#9153),
 .UNSPECIFIED.,.F.,.F.,(4,1,4),(-0.0529153276569737,-0.0262342713563785,
0.),.UNSPECIFIED.);
#260=B_SPLINE_CURVE_WITH_KNOTS('',3,(#9165,#9166,#9167,#9168,#9169),
 .UNSPECIFIED.,.F.,.F.,(4,1,4),(-0.0228352993947746,-0.0109953466444859,
0.),.UNSPECIFIED.);
#261=B_SPLINE_CURVE_WITH_KNOTS('',3,(#9172,#9173,#9174,#9175,#9176),
 .UNSPECIFIED.,.F.,.F.,(4,1,4),(-0.0228352993947746,-0.0109953466444859,
0.),.UNSPECIFIED.);
#262=B_SPLINE_CURVE_WITH_KNOTS('',3,(#9188,#9189,#9190,#9191,#9192),
 .UNSPECIFIED.,.F.,.F.,(4,1,4),(-0.0315881265511419,-0.014467760493671,
0.),.UNSPECIFIED.);
#263=B_SPLINE_CURVE_WITH_KNOTS('',3,(#9195,#9196,#9197,#9198,#9199),
 .UNSPECIFIED.,.F.,.F.,(4,1,4),(-0.0315881265511419,-0.014467760493671,
0.),.UNSPECIFIED.);
#264=B_SPLINE_CURVE_WITH_KNOTS('',3,(#9552,#9553,#9554,#9555,#9556,#9557,
#9558),.UNSPECIFIED.,.F.,.F.,(4,1,1,1,4),(7.95197241387768E-14,0.443815935534702,
0.887631871069324,1.22049382272029,1.55335577437126),.UNSPECIFIED.);
#265=B_SPLINE_CURVE_WITH_KNOTS('',3,(#9560,#9561,#9562,#9563),
 .UNSPECIFIED.,.F.,.F.,(4,4),(1.55335577437126,1.57079632679489),
 .UNSPECIFIED.);
#266=B_SPLINE_CURVE_WITH_KNOTS('',3,(#9567,#9568,#9569,#9570),
 .UNSPECIFIED.,.F.,.F.,(4,4),(0.0274778894833627,0.0536772560700873),
 .UNSPECIFIED.);
#267=B_SPLINE_CURVE_WITH_KNOTS('',3,(#9572,#9573,#9574,#9575),
 .UNSPECIFIED.,.F.,.F.,(4,4),(-1.57079632679511,-1.34142277000459),
 .UNSPECIFIED.);
#268=B_SPLINE_CURVE_WITH_KNOTS('',3,(#9579,#9580,#9581,#9582),
 .UNSPECIFIED.,.F.,.F.,(4,4),(10.2305443953218,10.2557868611179),
 .UNSPECIFIED.);
#269=B_SPLINE_CURVE_WITH_KNOTS('',3,(#9584,#9585,#9586,#9587,#9588),
 .UNSPECIFIED.,.F.,.F.,(4,1,4),(-1.2996936280438,-0.742682073167888,0.),
 .UNSPECIFIED.);
#270=B_SPLINE_CURVE_WITH_KNOTS('',3,(#9614,#9615,#9616,#9617,#9618,#9619,
#9620),.UNSPECIFIED.,.F.,.F.,(4,3,4),(0.,0.0130986582859702,0.0261983071957913),
 .UNSPECIFIED.);
#271=B_SPLINE_CURVE_WITH_KNOTS('',3,(#9651,#9652,#9653,#9654,#9655,#9656,
#9657,#9658,#9659,#9660,#9661,#9662,#9663,#9664,#9665,#9666,#9667,#9668,
#9669,#9670,#9671,#9672,#9673,#9674,#9675,#9676,#9677,#9678,#9679,#9680,
#9681,#9682,#9683,#9684,#9685,#9686,#9687,#9688,#9689,#9690,#9691,#9692,
#9693,#9694,#9695,#9696,#9697,#9698,#9699,#9700,#9701,#9702,#9703,#9704,
#9705,#9706,#9707,#9708,#9709,#9710,#9711,#9712,#9713,#9714,#9715,#9716,
#9717,#9718,#9719,#9720,#9721,#9722,#9723,#9724,#9725,#9726),
 .UNSPECIFIED.,.F.,.F.,(4,3,3,3,3,3,3,3,3,3,3,3,3,3,3,3,3,3,3,3,3,3,3,3,
3,4),(0.,0.0992770593065245,0.200245139398639,0.301623723330586,0.40271201949766,
0.501749152598112,0.587852000406841,0.691686086914293,0.791867142718683,
0.892211307888147,0.992062449521719,1.00318834643665,1.10332278770792,1.17537614198891,
1.2737074517857,1.37323725206167,1.47285652751521,1.57215078869666,1.67144504987812,
1.76195977077383,1.85963329965463,1.95827509698878,2.05738913447019,2.15617859873747,
2.25363226364913,2.33916876635346),.UNSPECIFIED.);
#272=B_SPLINE_CURVE_WITH_KNOTS('',3,(#9757,#9758,#9759,#9760,#9761),
 .UNSPECIFIED.,.F.,.F.,(4,1,4),(0.,0.742682073167888,1.2996936280438),
 .UNSPECIFIED.);
#273=B_SPLINE_CURVE_WITH_KNOTS('',3,(#9768,#9769,#9770,#9771,#9772,#9773,
#9774),.UNSPECIFIED.,.F.,.F.,(4,3,4),(-0.703024036608062,-0.351514446072706,
0.),.UNSPECIFIED.);
#274=B_SPLINE_CURVE_WITH_KNOTS('',3,(#9796,#9797,#9798,#9799),
 .UNSPECIFIED.,.F.,.F.,(4,4),(1.34284028479522,1.57079632679511),
 .UNSPECIFIED.);
#275=B_SPLINE_CURVE_WITH_KNOTS('',3,(#9800,#9801,#9802,#9803),
 .UNSPECIFIED.,.F.,.F.,(4,4),(0.860212367840057,0.860551786192134),
 .UNSPECIFIED.);
#276=B_SPLINE_CURVE_WITH_KNOTS('',3,(#9821,#9822,#9823,#9824),
 .UNSPECIFIED.,.F.,.F.,(4,4),(-10.2557868611179,-10.2305443953218),
 .UNSPECIFIED.);
#277=B_SPLINE_CURVE_WITH_KNOTS('',3,(#9841,#9842,#9843,#9844),
 .UNSPECIFIED.,.F.,.F.,(4,4),(-0.0536772560700873,-0.0274778894833627),
 .UNSPECIFIED.);
#278=B_SPLINE_SURFACE_WITH_KNOTS('',3,3,((#6389,#6390,#6391,#6392,#6393,
#6394,#6395),(#6396,#6397,#6398,#6399,#6400,#6401,#6402),(#6403,#6404,#6405,
#6406,#6407,#6408,#6409),(#6410,#6411,#6412,#6413,#6414,#6415,#6416)),
 .UNSPECIFIED.,.F.,.F.,.F.,(4,4),(4,1,1,1,4),(0.,1.),(-4.3913678384104E-14,
0.443815935534606,0.665723903301931,1.10953983883658,1.55335577437123),
 .UNSPECIFIED.);
#279=B_SPLINE_SURFACE_WITH_KNOTS('',3,3,((#6443,#6444,#6445,#6446,#6447,
#6448,#6449),(#6450,#6451,#6452,#6453,#6454,#6455,#6456),(#6457,#6458,#6459,
#6460,#6461,#6462,#6463),(#6464,#6465,#6466,#6467,#6468,#6469,#6470)),
 .UNSPECIFIED.,.F.,.F.,.F.,(4,4),(4,1,1,1,4),(0.,1.),(-1.55335577437126,
-1.22049382272029,-0.887631871069324,-0.443815935534702,-7.95197241387768E-14),
 .UNSPECIFIED.);
#280=B_SPLINE_SURFACE_WITH_KNOTS('',3,3,((#6497,#6498,#6499,#6500,#6501),
(#6502,#6503,#6504,#6505,#6506),(#6507,#6508,#6509,#6510,#6511),(#6512,
#6513,#6514,#6515,#6516)),.UNSPECIFIED.,.F.,.F.,.F.,(4,4),(4,1,4),(0.,1.),
(-1.2996936280438,-0.742682073167888,0.),.UNSPECIFIED.);
#281=B_SPLINE_SURFACE_WITH_KNOTS('',3,3,((#6539,#6540,#6541,#6542,#6543,
#6544),(#6545,#6546,#6547,#6548,#6549,#6550),(#6551,#6552,#6553,#6554,#6555,
#6556),(#6557,#6558,#6559,#6560,#6561,#6562)),.UNSPECIFIED.,.F.,.F.,.F.,
(4,4),(4,1,1,4),(0.,1.),(-3.14159265358981,-2.46839422782056,-2.01959527730773,
-1.5707963267949),.UNSPECIFIED.);
#282=B_SPLINE_SURFACE_WITH_KNOTS('',3,3,((#6593,#6594,#6595,#6596),(#6597,
#6598,#6599,#6600),(#6601,#6602,#6603,#6604),(#6605,#6606,#6607,#6608)),
 .UNSPECIFIED.,.F.,.F.,.F.,(4,4),(4,4),(0.,1.),(-1.57079632679511,-1.34142277000459),
 .UNSPECIFIED.);
#283=B_SPLINE_SURFACE_WITH_KNOTS('',3,3,((#6625,#6626,#6627,#6628),(#6629,
#6630,#6631,#6632),(#6633,#6634,#6635,#6636),(#6637,#6638,#6639,#6640)),
 .UNSPECIFIED.,.F.,.F.,.F.,(4,4),(4,4),(0.,1.),(-10.2557868611179,-10.2305443953218),
 .UNSPECIFIED.);
#284=B_SPLINE_SURFACE_WITH_KNOTS('',3,3,((#6649,#6650,#6651,#6652),(#6653,
#6654,#6655,#6656),(#6657,#6658,#6659,#6660),(#6661,#6662,#6663,#6664)),
 .UNSPECIFIED.,.F.,.F.,.F.,(4,4),(4,4),(0.,1.),(4.75767995264011,4.78387931922684),
 .UNSPECIFIED.);
#285=B_SPLINE_SURFACE_WITH_KNOTS('',3,3,((#6673,#6674,#6675,#6676),(#6677,
#6678,#6679,#6680),(#6681,#6682,#6683,#6684),(#6685,#6686,#6687,#6688)),
 .UNSPECIFIED.,.F.,.F.,.F.,(4,4),(4,4),(0.,1.),(1.55335577437123,1.57079632679486),
 .UNSPECIFIED.);
#286=B_SPLINE_SURFACE_WITH_KNOTS('',3,3,((#6697,#6698,#6699,#6700),(#6701,
#6702,#6703,#6704),(#6705,#6706,#6707,#6708),(#6709,#6710,#6711,#6712)),
 .UNSPECIFIED.,.F.,.F.,.F.,(4,4),(4,4),(0.,1.),(-1.57079632679489,-1.55335577437126),
 .UNSPECIFIED.);
#287=B_SPLINE_SURFACE_WITH_KNOTS('',3,3,((#6721,#6722,#6723,#6724),(#6725,
#6726,#6727,#6728),(#6729,#6730,#6731,#6732),(#6733,#6734,#6735,#6736)),
 .UNSPECIFIED.,.F.,.F.,.F.,(4,4),(4,4),(0.,1.),(-0.0536772560700873,-0.0274778894833627),
 .UNSPECIFIED.);
#288=B_SPLINE_SURFACE_WITH_KNOTS('',3,3,((#6963,#6964,#6965,#6966),(#6967,
#6968,#6969,#6970),(#6971,#6972,#6973,#6974),(#6975,#6976,#6977,#6978)),
 .UNSPECIFIED.,.F.,.F.,.F.,(4,4),(4,4),(0.,1.),(0.00623868363458723,0.677308077956481),
 .UNSPECIFIED.);
#289=B_SPLINE_SURFACE_WITH_KNOTS('',3,3,((#7007,#7008,#7009,#7010,#7011,
#7012),(#7013,#7014,#7015,#7016,#7017,#7018),(#7019,#7020,#7021,#7022,#7023,
#7024),(#7025,#7026,#7027,#7028,#7029,#7030)),.UNSPECIFIED.,.F.,.F.,.F.,
(4,4),(4,1,1,4),(0.,1.),(1.59692669016038E-15,0.66892697926253,1.11487829877088,
1.56082961827923),.UNSPECIFIED.);
#290=B_SPLINE_SURFACE_WITH_KNOTS('',3,3,((#7046,#7047,#7048,#7049,#7050,
#7051),(#7052,#7053,#7054,#7055,#7056,#7057),(#7058,#7059,#7060,#7061,#7062,
#7063),(#7064,#7065,#7066,#7067,#7068,#7069)),.UNSPECIFIED.,.F.,.F.,.F.,
(4,4),(4,1,1,4),(0.,1.),(1.5707963267949,2.24399475256414,2.69279370307697,
3.1415926535898),.UNSPECIFIED.);
#291=B_SPLINE_SURFACE_WITH_KNOTS('',3,3,((#7102,#7103,#7104,#7105,#7106,
#7107),(#7108,#7109,#7110,#7111,#7112,#7113),(#7114,#7115,#7116,#7117,#7118,
#7119),(#7120,#7121,#7122,#7123,#7124,#7125)),.UNSPECIFIED.,.F.,.F.,.F.,
(4,4),(4,1,1,4),(0.,1.),(-0.174532925199197,0.244346095279448,0.663225115758093,
1.29154364647606),.UNSPECIFIED.);
#292=B_SPLINE_SURFACE_WITH_KNOTS('',3,3,((#7144,#7145,#7146,#7147),(#7148,
#7149,#7150,#7151),(#7152,#7153,#7154,#7155),(#7156,#7157,#7158,#7159)),
 .UNSPECIFIED.,.F.,.F.,.F.,(4,4),(4,4),(0.,1.),(3.02640220115727,3.0282219900628),
 .UNSPECIFIED.);
#293=B_SPLINE_SURFACE_WITH_KNOTS('',3,3,((#7177,#7178,#7179,#7180),(#7181,
#7182,#7183,#7184),(#7185,#7186,#7187,#7188),(#7189,#7190,#7191,#7192)),
 .UNSPECIFIED.,.F.,.F.,.F.,(4,4),(4,4),(0.,1.),(-1.3331440079799,-1.32307022895686),
 .UNSPECIFIED.);
#294=B_SPLINE_SURFACE_WITH_KNOTS('',3,3,((#7201,#7202,#7203,#7204),(#7205,
#7206,#7207,#7208),(#7209,#7210,#7211,#7212),(#7213,#7214,#7215,#7216)),
 .UNSPECIFIED.,.F.,.F.,.F.,(4,4),(4,4),(0.,1.),(1.29254502984379,1.57079632679506),
 .UNSPECIFIED.);
#295=B_SPLINE_SURFACE_WITH_KNOTS('',3,3,((#7231,#7232,#7233,#7234),(#7235,
#7236,#7237,#7238),(#7239,#7240,#7241,#7242),(#7243,#7244,#7245,#7246)),
 .UNSPECIFIED.,.F.,.F.,.F.,(4,4),(4,4),(0.,1.),(1.29154364647604,1.29254502984379),
 .UNSPECIFIED.);
#296=B_SPLINE_SURFACE_WITH_KNOTS('',3,3,((#7264,#7265,#7266,#7267),(#7268,
#7269,#7270,#7271),(#7272,#7273,#7274,#7275),(#7276,#7277,#7278,#7279)),
 .UNSPECIFIED.,.F.,.F.,.F.,(4,4),(4,4),(0.,1.),(-2.49333894815596,-2.48285920152125),
 .UNSPECIFIED.);
#297=B_SPLINE_SURFACE_WITH_KNOTS('',3,3,((#7288,#7289,#7290,#7291,#7292),
(#7293,#7294,#7295,#7296,#7297),(#7298,#7299,#7300,#7301,#7302),(#7303,
#7304,#7305,#7306,#7307)),.UNSPECIFIED.,.F.,.F.,.F.,(4,4),(4,1,4),(0.,1.),
(1.58076303534704,2.10834392980293,2.50402960064486),.UNSPECIFIED.);
#298=B_SPLINE_SURFACE_WITH_KNOTS('',3,3,((#7321,#7322,#7323,#7324),(#7325,
#7326,#7327,#7328),(#7329,#7330,#7331,#7332),(#7333,#7334,#7335,#7336)),
 .UNSPECIFIED.,.F.,.F.,.F.,(4,4),(4,4),(0.,1.),(1.57079632679492,1.58076303534704),
 .UNSPECIFIED.);
#299=B_SPLINE_SURFACE_WITH_KNOTS('',3,3,((#7354,#7355,#7356,#7357),(#7358,
#7359,#7360,#7361),(#7362,#7363,#7364,#7365),(#7366,#7367,#7368,#7369)),
 .UNSPECIFIED.,.F.,.F.,.F.,(4,4),(4,4),(0.,1.),(1.56082961827923,1.57079632679488),
 .UNSPECIFIED.);
#300=B_SPLINE_SURFACE_WITH_KNOTS('',3,3,((#7378,#7379,#7380,#7381),(#7382,
#7383,#7384,#7385),(#7386,#7387,#7388,#7389),(#7390,#7391,#7392,#7393)),
 .UNSPECIFIED.,.F.,.F.,.F.,(4,4),(4,4),(0.,1.),(1.43364243911752,1.44412218575221),
 .UNSPECIFIED.);
#301=B_SPLINE_SURFACE_WITH_KNOTS('',3,1,((#7416,#7417),(#7418,#7419),(#7420,
#7421),(#7422,#7423),(#7424,#7425),(#7426,#7427)),.UNSPECIFIED.,.F.,.F.,
 .F.,(4,2,4),(2,2),(0.,0.305578779318055,0.677308077956462),(0.,0.3),
 .UNSPECIFIED.);
#302=B_SPLINE_SURFACE_WITH_KNOTS('',3,3,((#7476,#7477,#7478,#7479,#7480,
#7481),(#7482,#7483,#7484,#7485,#7486,#7487),(#7488,#7489,#7490,#7491,#7492,
#7493),(#7494,#7495,#7496,#7497,#7498,#7499)),.UNSPECIFIED.,.F.,.F.,.F.,
(4,4),(4,1,1,4),(0.,1.),(-5.1222462740576E-14,0.659747330557734,1.09957888426292,
1.53941043796811),.UNSPECIFIED.);
#303=B_SPLINE_SURFACE_WITH_KNOTS('',3,3,((#7524,#7525,#7526,#7527),(#7528,
#7529,#7530,#7531),(#7532,#7533,#7534,#7535),(#7536,#7537,#7538,#7539)),
 .UNSPECIFIED.,.F.,.F.,.F.,(4,4),(4,4),(0.,1.),(1.53941043796812,1.57079632679491),
 .UNSPECIFIED.);
#304=B_SPLINE_SURFACE_WITH_KNOTS('',3,3,((#7548,#7549,#7550,#7551,#7552),
(#7553,#7554,#7555,#7556,#7557),(#7558,#7559,#7560,#7561,#7562),(#7563,
#7564,#7565,#7566,#7567)),.UNSPECIFIED.,.F.,.F.,.F.,(4,4),(4,1,4),(0.,1.),
(-1.5707963267949,-0.673198425769222,3.48550218608988E-14),
 .UNSPECIFIED.);
#305=B_SPLINE_SURFACE_WITH_KNOTS('',3,3,((#7590,#7591,#7592,#7593,#7594),
(#7595,#7596,#7597,#7598,#7599),(#7600,#7601,#7602,#7603,#7604),(#7605,
#7606,#7607,#7608,#7609)),.UNSPECIFIED.,.F.,.F.,.F.,(4,4),(4,1,4),(0.,1.),
(-8.02893475796631E-15,0.557011554875919,1.29969362804382),
 .UNSPECIFIED.);
#306=B_SPLINE_SURFACE_WITH_KNOTS('',3,3,((#7623,#7624,#7625,#7626),(#7627,
#7628,#7629,#7630),(#7631,#7632,#7633,#7634),(#7635,#7636,#7637,#7638)),
 .UNSPECIFIED.,.F.,.F.,.F.,(4,4),(4,4),(0.,1.),(6.06722107208005,6.08294069203209),
 .UNSPECIFIED.);
#307=B_SPLINE_SURFACE_WITH_KNOTS('',3,3,((#7656,#7657,#7658,#7659),(#7660,
#7661,#7662,#7663),(#7664,#7665,#7666,#7667),(#7668,#7669,#7670,#7671)),
 .UNSPECIFIED.,.F.,.F.,.F.,(4,4),(4,4),(0.,1.),(-1.57640996316177,-1.56126448368411),
 .UNSPECIFIED.);
#308=B_SPLINE_SURFACE_WITH_KNOTS('',3,3,((#7680,#7681,#7682,#7683,#7684,
#7685),(#7686,#7687,#7688,#7689,#7690,#7691),(#7692,#7693,#7694,#7695,#7696,
#7697),(#7698,#7699,#7700,#7701,#7702,#7703)),.UNSPECIFIED.,.F.,.F.,.F.,
(4,4),(4,1,1,4),(0.,1.),(1.33019249819153,1.79786884967699,2.26554520116246,
2.96705972839066),.UNSPECIFIED.);
#309=B_SPLINE_SURFACE_WITH_KNOTS('',3,3,((#7722,#7723,#7724,#7725),(#7726,
#7727,#7728,#7729),(#7730,#7731,#7732,#7733),(#7734,#7735,#7736,#7737)),
 .UNSPECIFIED.,.F.,.F.,.F.,(4,4),(4,4),(0.,1.),(1.29969362804386,1.33019249819306),
 .UNSPECIFIED.);
#310=B_SPLINE_SURFACE_WITH_KNOTS('',3,3,((#7746,#7747,#7748,#7749),(#7750,
#7751,#7752,#7753),(#7754,#7755,#7756,#7757),(#7758,#7759,#7760,#7761)),
 .UNSPECIFIED.,.F.,.F.,.F.,(4,4),(4,4),(0.,1.),(-2.38730704559731,-2.38457736223904),
 .UNSPECIFIED.);
#311=B_SPLINE_SURFACE_WITH_KNOTS('',3,3,((#7978,#7979,#7980,#7981,#7982,
#7983),(#7984,#7985,#7986,#7987,#7988,#7989),(#7990,#7991,#7992,#7993,#7994,
#7995),(#7996,#7997,#7998,#7999,#8000,#8001)),.UNSPECIFIED.,.F.,.F.,.F.,
(4,4),(4,1,1,4),(0.,1.),(1.2924324980663E-16,0.448798950512833,0.897597901025665,
1.57079632679491),.UNSPECIFIED.);
#312=B_SPLINE_SURFACE_WITH_KNOTS('',3,3,((#8022,#8023,#8024,#8025),(#8026,
#8027,#8028,#8029),(#8030,#8031,#8032,#8033),(#8034,#8035,#8036,#8037)),
 .UNSPECIFIED.,.F.,.F.,.F.,(4,4),(4,4),(0.,1.),(0.404959016532946,0.407578953191621),
 .UNSPECIFIED.);
#313=B_SPLINE_SURFACE_WITH_KNOTS('',3,3,((#8042,#8043,#8044,#8045,#8046,
#8047),(#8048,#8049,#8050,#8051,#8052,#8053),(#8054,#8055,#8056,#8057,#8058,
#8059),(#8060,#8061,#8062,#8063,#8064,#8065)),.UNSPECIFIED.,.F.,.F.,.F.,
(4,4),(4,1,1,4),(0.,1.),(-1.56556367968609,-0.89460781696348,-0.447303908481741,
-2.60898670269983E-15),.UNSPECIFIED.);
#314=B_SPLINE_SURFACE_WITH_KNOTS('',3,3,((#8070,#8071,#8072,#8073,#8074),
(#8075,#8076,#8077,#8078,#8079),(#8080,#8081,#8082,#8083,#8084),(#8085,
#8086,#8087,#8088,#8089)),.UNSPECIFIED.,.F.,.F.,.F.,(4,4),(4,1,4),(0.,1.),
(-2.58130124201744E-15,0.554853701576184,1.2946586370111),.UNSPECIFIED.);
#315=B_SPLINE_SURFACE_WITH_KNOTS('',3,3,((#8091,#8092,#8093,#8094),(#8095,
#8096,#8097,#8098),(#8099,#8100,#8101,#8102),(#8103,#8104,#8105,#8106)),
 .UNSPECIFIED.,.F.,.F.,.F.,(4,4),(4,4),(0.,1.),(-1.5707963267949,-1.56556367968609),
 .UNSPECIFIED.);
#316=B_SPLINE_SURFACE_WITH_KNOTS('',3,3,((#8114,#8115,#8116,#8117),(#8118,
#8119,#8120,#8121),(#8122,#8123,#8124,#8125),(#8126,#8127,#8128,#8129)),
 .UNSPECIFIED.,.F.,.F.,.F.,(4,4),(4,4),(0.,1.),(1.29465863701109,1.29969362804381),
 .UNSPECIFIED.);
#317=B_SPLINE_SURFACE_WITH_KNOTS('',3,3,((#8130,#8131,#8132,#8133,#8134,
#8135),(#8136,#8137,#8138,#8139,#8140,#8141),(#8142,#8143,#8144,#8145,#8146,
#8147),(#8148,#8149,#8150,#8151,#8152,#8153)),.UNSPECIFIED.,.F.,.F.,.F.,
(4,4),(4,1,1,4),(0.,1.),(1.29969362804384,2.01388713859807,2.49001614563422,
2.96614515267038),.UNSPECIFIED.);
#318=B_SPLINE_SURFACE_WITH_KNOTS('',3,3,((#8164,#8165,#8166,#8167),(#8168,
#8169,#8170,#8171),(#8172,#8173,#8174,#8175),(#8176,#8177,#8178,#8179)),
 .UNSPECIFIED.,.F.,.F.,.F.,(4,4),(4,4),(0.,1.),(3.38759072150745,3.39011496808706),
 .UNSPECIFIED.);
#319=B_SPLINE_SURFACE_WITH_KNOTS('',3,3,((#8184,#8185,#8186,#8187),(#8188,
#8189,#8190,#8191),(#8192,#8193,#8194,#8195),(#8196,#8197,#8198,#8199)),
 .UNSPECIFIED.,.F.,.F.,.F.,(4,4),(4,4),(0.,1.),(2.96614515298968,2.96705972839066),
 .UNSPECIFIED.);
#320=B_SPLINE_SURFACE_WITH_KNOTS('',3,3,((#8217,#8218,#8219,#8220,#8221,
#8222),(#8223,#8224,#8225,#8226,#8227,#8228),(#8229,#8230,#8231,#8232,#8233,
#8234),(#8235,#8236,#8237,#8238,#8239,#8240)),.UNSPECIFIED.,.F.,.F.,.F.,
(4,4),(4,1,1,4),(0.,1.),(-0.174532925199198,0.453785605518768,0.872664625997413,
1.29154364647606),.UNSPECIFIED.);
#321=B_SPLINE_SURFACE_WITH_KNOTS('',3,3,((#8253,#8254,#8255,#8256),(#8257,
#8258,#8259,#8260),(#8261,#8262,#8263,#8264),(#8265,#8266,#8267,#8268)),
 .UNSPECIFIED.,.F.,.F.,.F.,(4,4),(4,4),(0.,1.),(1.29154364647604,1.57079632679506),
 .UNSPECIFIED.);
#322=B_SPLINE_SURFACE_WITH_KNOTS('',3,3,((#8276,#8277,#8278,#8279,#8280),
(#8281,#8282,#8283,#8284,#8285),(#8286,#8287,#8288,#8289,#8290),(#8291,
#8292,#8293,#8294,#8295)),.UNSPECIFIED.,.F.,.F.,.F.,(4,4),(4,1,4),(0.,1.),
(1.57079632679489,1.96820856308123,2.49809154479635),.UNSPECIFIED.);
#323=B_SPLINE_SURFACE_WITH_KNOTS('',3,3,((#8303,#8304,#8305,#8306),(#8307,
#8308,#8309,#8310),(#8311,#8312,#8313,#8314),(#8315,#8316,#8317,#8318)),
 .UNSPECIFIED.,.F.,.F.,.F.,(4,4),(4,4),(0.,1.),(1.34612467757593E-14,0.677308077956482),
 .UNSPECIFIED.);
#324=B_SPLINE_SURFACE_WITH_KNOTS('',3,3,((#8323,#8324,#8325,#8326,#8327,
#8328),(#8329,#8330,#8331,#8332,#8333,#8334),(#8335,#8336,#8337,#8338,#8339,
#8340),(#8341,#8342,#8343,#8344,#8345,#8346)),.UNSPECIFIED.,.F.,.F.,.F.,
(4,4),(4,1,1,4),(0.,1.),(-4.12713641095074E-15,0.673198425769235,1.12199737628206,
1.57079632679489),.UNSPECIFIED.);
#325=B_SPLINE_SURFACE_WITH_KNOTS('',3,3,((#8356,#8357,#8358,#8359,#8360,
#8361),(#8362,#8363,#8364,#8365,#8366,#8367),(#8368,#8369,#8370,#8371,#8372,
#8373),(#8374,#8375,#8376,#8377,#8378,#8379)),.UNSPECIFIED.,.F.,.F.,.F.,
(4,4),(4,1,1,4),(0.,1.),(1.5707963267949,2.01959527730772,2.46839422782055,
3.14159265358979),.UNSPECIFIED.);
#326=B_SPLINE_SURFACE_WITH_KNOTS('',3,3,((#8425,#8426,#8427,#8428),(#8429,
#8430,#8431,#8432),(#8433,#8434,#8435,#8436),(#8437,#8438,#8439,#8440),
(#8441,#8442,#8443,#8444)),.UNSPECIFIED.,.F.,.F.,.F.,(4,1,4),(4,4),(0.,
0.571428571428571,1.),(1.34042431857417,1.57079632679505),.UNSPECIFIED.);
#327=B_SPLINE_SURFACE_WITH_KNOTS('',3,3,((#8500,#8501,#8502,#8503,#8504,
#8505,#8506),(#8507,#8508,#8509,#8510,#8511,#8512,#8513),(#8514,#8515,#8516,
#8517,#8518,#8519,#8520),(#8521,#8522,#8523,#8524,#8525,#8526,#8527),(#8528,
#8529,#8530,#8531,#8532,#8533,#8534)),.UNSPECIFIED.,.F.,.F.,.F.,(4,1,4),
(4,1,1,1,4),(0.,0.571428571428571,1.),(-1.57079632679487,-1.12199737628207,
-0.897597901025669,-0.448798950512867,-6.42601213036693E-14),
 .UNSPECIFIED.);
#328=B_SPLINE_SURFACE_WITH_KNOTS('',3,3,((#8535,#8536,#8537,#8538,#8539,
#8540,#8541),(#8542,#8543,#8544,#8545,#8546,#8547,#8548),(#8549,#8550,#8551,
#8552,#8553,#8554,#8555),(#8556,#8557,#8558,#8559,#8560,#8561,#8562),(#8563,
#8564,#8565,#8566,#8567,#8568,#8569)),.UNSPECIFIED.,.F.,.F.,.F.,(4,1,4),
(4,1,1,1,4),(0.,0.571428571428571,1.),(5.10537955859808E-14,0.448798950512879,
0.673198425769292,1.12199737628212,1.57079632679495),.UNSPECIFIED.);
#329=B_SPLINE_SURFACE_WITH_KNOTS('',3,3,((#8573,#8574,#8575,#8576,#8577,
#8578),(#8579,#8580,#8581,#8582,#8583,#8584),(#8585,#8586,#8587,#8588,#8589,
#8590),(#8591,#8592,#8593,#8594,#8595,#8596),(#8597,#8598,#8599,#8600,#8601,
#8602)),.UNSPECIFIED.,.F.,.F.,.F.,(4,1,4),(4,1,1,4),(0.,0.571428571428571,
1.),(-6.92830766528824E-15,0.673198425769238,1.12199737628207,1.5707963267949),
 .UNSPECIFIED.);
#330=B_SPLINE_SURFACE_WITH_KNOTS('',3,3,((#8606,#8607,#8608,#8609,#8610,
#8611),(#8612,#8613,#8614,#8615,#8616,#8617),(#8618,#8619,#8620,#8621,#8622,
#8623),(#8624,#8625,#8626,#8627,#8628,#8629),(#8630,#8631,#8632,#8633,#8634,
#8635)),.UNSPECIFIED.,.F.,.F.,.F.,(4,1,4),(4,1,1,4),(0.,0.571428571428571,
1.),(-1.2996936280438,-0.928352591459861,-0.557011554875917,-1.66633820127634E-15),
 .UNSPECIFIED.);
#331=B_SPLINE_SURFACE_WITH_KNOTS('',3,1,((#8638,#8639),(#8640,#8641),(#8642,
#8643),(#8644,#8645),(#8646,#8647),(#8648,#8649)),.UNSPECIFIED.,.F.,.F.,
 .F.,(4,2,4),(2,2),(0.,0.305578779318055,0.677308077956462),(0.,0.3),
 .UNSPECIFIED.);
#332=B_SPLINE_SURFACE_WITH_KNOTS('',3,3,((#8678,#8679,#8680,#8681),(#8682,
#8683,#8684,#8685),(#8686,#8687,#8688,#8689),(#8690,#8691,#8692,#8693)),
 .UNSPECIFIED.,.F.,.F.,.F.,(4,4),(4,4),(0.,1.),(-0.00219882979053003,0.228274589872083),
 .UNSPECIFIED.);
#333=B_SPLINE_SURFACE_WITH_KNOTS('',3,3,((#8721,#8722,#8723,#8724,#8725),
(#8726,#8727,#8728,#8729,#8730),(#8731,#8732,#8733,#8734,#8735),(#8736,
#8737,#8738,#8739,#8740)),.UNSPECIFIED.,.F.,.F.,.F.,(4,4),(4,1,4),(0.,1.),
(0.270470150200005,1.01225785368921,1.56859863130611),.UNSPECIFIED.);
#334=B_SPLINE_SURFACE_WITH_KNOTS('',3,3,((#8757,#8758,#8759,#8760),(#8761,
#8762,#8763,#8764),(#8765,#8766,#8767,#8768),(#8769,#8770,#8771,#8772)),
 .UNSPECIFIED.,.F.,.F.,.F.,(4,4),(4,4),(0.,1.),(0.268905003262309,0.270470150200008),
 .UNSPECIFIED.);
#335=B_SPLINE_SURFACE_WITH_KNOTS('',3,3,((#8790,#8791,#8792,#8793),(#8794,
#8795,#8796,#8797),(#8798,#8799,#8800,#8801),(#8802,#8803,#8804,#8805)),
 .UNSPECIFIED.,.F.,.F.,.F.,(4,4),(4,4),(0.,1.),(-0.41552570971113,-0.409648181766432),
 .UNSPECIFIED.);
#336=B_SPLINE_SURFACE_WITH_KNOTS('',3,3,((#8829,#8830,#8831,#8832,#8833,
#8834,#8835),(#8836,#8837,#8838,#8839,#8840,#8841,#8842),(#8843,#8844,#8845,
#8846,#8847,#8848,#8849),(#8850,#8851,#8852,#8853,#8854,#8855,#8856)),
 .UNSPECIFIED.,.F.,.F.,.F.,(4,4),(4,1,1,1,4),(0.,1.),(1.5685986313061,1.90519612888324,
2.24179362646037,2.69059028989654,3.13938695333272),.UNSPECIFIED.);
#337=B_SPLINE_SURFACE_WITH_KNOTS('',3,3,((#8874,#8875,#8876,#8877),(#8878,
#8879,#8880,#8881),(#8882,#8883,#8884,#8885),(#8886,#8887,#8888,#8889)),
 .UNSPECIFIED.,.F.,.F.,.F.,(4,4),(4,4),(0.,1.),(1.10345377042376,1.10933129836845),
 .UNSPECIFIED.);
#338=B_SPLINE_SURFACE_WITH_KNOTS('',3,1,((#8941,#8942),(#8943,#8944),(#8945,
#8946),(#8947,#8948),(#8949,#8950)),.UNSPECIFIED.,.F.,.F.,.F.,(4,1,4),(2,
2),(-0.0942114494743646,-0.0469658946011959,0.),(0.,0.0200000000000002),
 .UNSPECIFIED.);
#339=B_SPLINE_SURFACE_WITH_KNOTS('',3,1,((#8964,#8965),(#8966,#8967),(#8968,
#8969),(#8970,#8971),(#8972,#8973)),.UNSPECIFIED.,.F.,.F.,.F.,(4,1,4),(2,
2),(-0.112290364317098,-0.0573375892291057,0.),(0.,0.0200000000000002),
 .UNSPECIFIED.);
#340=B_SPLINE_SURFACE_WITH_KNOTS('',3,1,((#8987,#8988),(#8989,#8990),(#8991,
#8992),(#8993,#8994),(#8995,#8996)),.UNSPECIFIED.,.F.,.F.,.F.,(4,1,4),(2,
2),(-0.114725023653779,-0.0553801497596096,0.),(0.,0.0200000000000002),
 .UNSPECIFIED.);
#341=B_SPLINE_SURFACE_WITH_KNOTS('',3,1,((#9010,#9011),(#9012,#9013),(#9014,
#9015),(#9016,#9017),(#9018,#9019)),.UNSPECIFIED.,.F.,.F.,.F.,(4,1,4),(2,
2),(-0.107332793580094,-0.0540901618663187,0.),(0.,0.0200000000000002),
 .UNSPECIFIED.);
#342=B_SPLINE_SURFACE_WITH_KNOTS('',3,1,((#9033,#9034),(#9035,#9036),(#9037,
#9038),(#9039,#9040),(#9041,#9042)),.UNSPECIFIED.,.F.,.F.,.F.,(4,1,4),(2,
2),(-0.1133260586096,-0.0550983554920287,0.),(0.,0.0200000000000002),
 .UNSPECIFIED.);
#343=B_SPLINE_SURFACE_WITH_KNOTS('',3,1,((#9062,#9063),(#9064,#9065),(#9066,
#9067),(#9068,#9069),(#9070,#9071)),.UNSPECIFIED.,.F.,.F.,.F.,(4,1,4),(2,
2),(-0.0592970826853403,-0.0314409617725635,0.),(0.,0.0200000000000002),
 .UNSPECIFIED.);
#344=B_SPLINE_SURFACE_WITH_KNOTS('',3,1,((#9085,#9086),(#9087,#9088),(#9089,
#9090),(#9091,#9092),(#9093,#9094)),.UNSPECIFIED.,.F.,.F.,.F.,(4,1,4),(2,
2),(-0.0535985196526664,-0.0261838087331192,0.),(0.,0.0200000000000002),
 .UNSPECIFIED.);
#345=B_SPLINE_SURFACE_WITH_KNOTS('',3,1,((#9108,#9109),(#9110,#9111),(#9112,
#9113),(#9114,#9115),(#9116,#9117)),.UNSPECIFIED.,.F.,.F.,.F.,(4,1,4),(2,
2),(-0.0571256986538091,-0.0300466765326387,0.),(0.,0.0200000000000002),
 .UNSPECIFIED.);
#346=B_SPLINE_SURFACE_WITH_KNOTS('',3,1,((#9131,#9132),(#9133,#9134),(#9135,
#9136),(#9137,#9138),(#9139,#9140)),.UNSPECIFIED.,.F.,.F.,.F.,(4,1,4),(2,
2),(-0.0529153276569737,-0.0262342713563785,0.),(0.,0.0200000000000002),
 .UNSPECIFIED.);
#347=B_SPLINE_SURFACE_WITH_KNOTS('',3,1,((#9154,#9155),(#9156,#9157),(#9158,
#9159),(#9160,#9161),(#9162,#9163)),.UNSPECIFIED.,.F.,.F.,.F.,(4,1,4),(2,
2),(-0.0228352993947746,-0.0109953466444859,0.),(0.,0.0200000000000002),
 .UNSPECIFIED.);
#348=B_SPLINE_SURFACE_WITH_KNOTS('',3,1,((#9177,#9178),(#9179,#9180),(#9181,
#9182),(#9183,#9184),(#9185,#9186)),.UNSPECIFIED.,.F.,.F.,.F.,(4,1,4),(2,
2),(-0.0315881265511419,-0.014467760493671,0.),(0.,0.0200000000000002),
 .UNSPECIFIED.);
#349=B_SPLINE_SURFACE_WITH_KNOTS('',3,3,((#9596,#9597,#9598,#9599),(#9600,
#9601,#9602,#9603),(#9604,#9605,#9606,#9607),(#9608,#9609,#9610,#9611)),
 .UNSPECIFIED.,.F.,.F.,.F.,(4,4),(4,4),(0.,1.),(-1.57079632679489,-1.55335577437126),
 .UNSPECIFIED.);
#350=B_SPLINE_SURFACE_WITH_KNOTS('',3,3,((#9623,#9624,#9625,#9626,#9627,
#9628,#9629),(#9630,#9631,#9632,#9633,#9634,#9635,#9636),(#9637,#9638,#9639,
#9640,#9641,#9642,#9643),(#9644,#9645,#9646,#9647,#9648,#9649,#9650)),
 .UNSPECIFIED.,.F.,.F.,.F.,(4,4),(4,1,1,1,4),(0.,0.999543891184045),(-1.55335577437126,
-1.22049382272029,-0.887631871069324,-0.443815935534702,-7.95197241387768E-14),
 .UNSPECIFIED.);
#351=B_SPLINE_SURFACE_WITH_KNOTS('',3,3,((#9733,#9734,#9735,#9736,#9737),
(#9738,#9739,#9740,#9741,#9742),(#9743,#9744,#9745,#9746,#9747),(#9748,
#9749,#9750,#9751,#9752)),.UNSPECIFIED.,.F.,.F.,.F.,(4,4),(4,1,4),(0.,1.),
(-1.2996936280438,-0.742682073167888,0.),.UNSPECIFIED.);
#352=B_SPLINE_SURFACE_WITH_KNOTS('',3,3,((#9778,#9779,#9780,#9781),(#9782,
#9783,#9784,#9785),(#9786,#9787,#9788,#9789),(#9790,#9791,#9792,#9793)),
 .UNSPECIFIED.,.F.,.F.,.F.,(4,4),(4,4),(0.,1.),(-1.57079632679511,-1.34142277000459),
 .UNSPECIFIED.);
#353=B_SPLINE_SURFACE_WITH_KNOTS('',3,3,((#9805,#9806,#9807,#9808),(#9809,
#9810,#9811,#9812),(#9813,#9814,#9815,#9816),(#9817,#9818,#9819,#9820)),
 .UNSPECIFIED.,.F.,.F.,.F.,(4,4),(4,4),(0.,1.),(-10.2557868611179,-10.2305443953218),
 .UNSPECIFIED.);
#354=B_SPLINE_SURFACE_WITH_KNOTS('',3,3,((#9825,#9826,#9827,#9828),(#9829,
#9830,#9831,#9832),(#9833,#9834,#9835,#9836),(#9837,#9838,#9839,#9840)),
 .UNSPECIFIED.,.F.,.F.,.F.,(4,4),(4,4),(0.,1.),(-0.0536772560700873,-0.0274778894833627),
 .UNSPECIFIED.);
#355=FACE_OUTER_BOUND('',#643,.T.);
#356=FACE_OUTER_BOUND('',#644,.T.);
#357=FACE_OUTER_BOUND('',#645,.T.);
#358=FACE_OUTER_BOUND('',#646,.T.);
#359=FACE_OUTER_BOUND('',#647,.T.);
#360=FACE_OUTER_BOUND('',#648,.T.);
#361=FACE_OUTER_BOUND('',#649,.T.);
#362=FACE_OUTER_BOUND('',#650,.T.);
#363=FACE_OUTER_BOUND('',#651,.T.);
#364=FACE_OUTER_BOUND('',#652,.T.);
#365=FACE_OUTER_BOUND('',#653,.T.);
#366=FACE_OUTER_BOUND('',#654,.T.);
#367=FACE_OUTER_BOUND('',#655,.T.);
#368=FACE_OUTER_BOUND('',#656,.T.);
#369=FACE_OUTER_BOUND('',#657,.T.);
#370=FACE_OUTER_BOUND('',#658,.T.);
#371=FACE_OUTER_BOUND('',#659,.T.);
#372=FACE_OUTER_BOUND('',#660,.T.);
#373=FACE_OUTER_BOUND('',#661,.T.);
#374=FACE_OUTER_BOUND('',#662,.T.);
#375=FACE_OUTER_BOUND('',#663,.T.);
#376=FACE_OUTER_BOUND('',#664,.T.);
#377=FACE_OUTER_BOUND('',#669,.T.);
#378=FACE_OUTER_BOUND('',#670,.T.);
#379=FACE_OUTER_BOUND('',#671,.T.);
#380=FACE_OUTER_BOUND('',#672,.T.);
#381=FACE_OUTER_BOUND('',#673,.T.);
#382=FACE_OUTER_BOUND('',#674,.T.);
#383=FACE_OUTER_BOUND('',#675,.T.);
#384=FACE_OUTER_BOUND('',#676,.T.);
#385=FACE_OUTER_BOUND('',#677,.T.);
#386=FACE_OUTER_BOUND('',#678,.T.);
#387=FACE_OUTER_BOUND('',#679,.T.);
#388=FACE_OUTER_BOUND('',#680,.T.);
#389=FACE_OUTER_BOUND('',#681,.T.);
#390=FACE_OUTER_BOUND('',#682,.T.);
#391=FACE_OUTER_BOUND('',#683,.T.);
#392=FACE_OUTER_BOUND('',#684,.T.);
#393=FACE_OUTER_BOUND('',#685,.T.);
#394=FACE_OUTER_BOUND('',#686,.T.);
#395=FACE_OUTER_BOUND('',#687,.T.);
#396=FACE_OUTER_BOUND('',#688,.T.);
#397=FACE_OUTER_BOUND('',#689,.T.);
#398=FACE_OUTER_BOUND('',#690,.T.);
#399=FACE_OUTER_BOUND('',#691,.T.);
#400=FACE_OUTER_BOUND('',#692,.T.);
#401=FACE_OUTER_BOUND('',#693,.T.);
#402=FACE_OUTER_BOUND('',#694,.T.);
#403=FACE_OUTER_BOUND('',#695,.T.);
#404=FACE_OUTER_BOUND('',#696,.T.);
#405=FACE_OUTER_BOUND('',#697,.T.);
#406=FACE_OUTER_BOUND('',#698,.T.);
#407=FACE_OUTER_BOUND('',#699,.T.);
#408=FACE_OUTER_BOUND('',#700,.T.);
#409=FACE_OUTER_BOUND('',#701,.T.);
#410=FACE_OUTER_BOUND('',#702,.T.);
#411=FACE_OUTER_BOUND('',#703,.T.);
#412=FACE_OUTER_BOUND('',#704,.T.);
#413=FACE_OUTER_BOUND('',#705,.T.);
#414=FACE_OUTER_BOUND('',#706,.T.);
#415=FACE_OUTER_BOUND('',#707,.T.);
#416=FACE_OUTER_BOUND('',#708,.T.);
#417=FACE_OUTER_BOUND('',#709,.T.);
#418=FACE_OUTER_BOUND('',#710,.T.);
#419=FACE_OUTER_BOUND('',#711,.T.);
#420=FACE_OUTER_BOUND('',#712,.T.);
#421=FACE_OUTER_BOUND('',#713,.T.);
#422=FACE_OUTER_BOUND('',#714,.T.);
#423=FACE_OUTER_BOUND('',#715,.T.);
#424=FACE_OUTER_BOUND('',#716,.T.);
#425=FACE_OUTER_BOUND('',#717,.T.);
#426=FACE_OUTER_BOUND('',#718,.T.);
#427=FACE_OUTER_BOUND('',#719,.T.);
#428=FACE_OUTER_BOUND('',#720,.T.);
#429=FACE_OUTER_BOUND('',#721,.T.);
#430=FACE_OUTER_BOUND('',#722,.T.);
#431=FACE_OUTER_BOUND('',#723,.T.);
#432=FACE_OUTER_BOUND('',#724,.T.);
#433=FACE_OUTER_BOUND('',#725,.T.);
#434=FACE_OUTER_BOUND('',#726,.T.);
#435=FACE_OUTER_BOUND('',#727,.T.);
#436=FACE_OUTER_BOUND('',#728,.T.);
#437=FACE_OUTER_BOUND('',#729,.T.);
#438=FACE_OUTER_BOUND('',#730,.T.);
#439=FACE_OUTER_BOUND('',#731,.T.);
#440=FACE_OUTER_BOUND('',#732,.T.);
#441=FACE_OUTER_BOUND('',#733,.T.);
#442=FACE_OUTER_BOUND('',#734,.T.);
#443=FACE_OUTER_BOUND('',#735,.T.);
#444=FACE_OUTER_BOUND('',#736,.T.);
#445=FACE_OUTER_BOUND('',#737,.T.);
#446=FACE_OUTER_BOUND('',#738,.T.);
#447=FACE_OUTER_BOUND('',#739,.T.);
#448=FACE_OUTER_BOUND('',#740,.T.);
#449=FACE_OUTER_BOUND('',#741,.T.);
#450=FACE_OUTER_BOUND('',#742,.T.);
#451=FACE_OUTER_BOUND('',#743,.T.);
#452=FACE_OUTER_BOUND('',#744,.T.);
#453=FACE_OUTER_BOUND('',#745,.T.);
#454=FACE_OUTER_BOUND('',#746,.T.);
#455=FACE_OUTER_BOUND('',#747,.T.);
#456=FACE_OUTER_BOUND('',#748,.T.);
#457=FACE_OUTER_BOUND('',#749,.T.);
#458=FACE_OUTER_BOUND('',#750,.T.);
#459=FACE_OUTER_BOUND('',#751,.T.);
#460=FACE_OUTER_BOUND('',#752,.T.);
#461=FACE_OUTER_BOUND('',#753,.T.);
#462=FACE_OUTER_BOUND('',#754,.T.);
#463=FACE_OUTER_BOUND('',#755,.T.);
#464=FACE_OUTER_BOUND('',#756,.T.);
#465=FACE_OUTER_BOUND('',#757,.T.);
#466=FACE_OUTER_BOUND('',#758,.T.);
#467=FACE_OUTER_BOUND('',#759,.T.);
#468=FACE_OUTER_BOUND('',#760,.T.);
#469=FACE_OUTER_BOUND('',#761,.T.);
#470=FACE_OUTER_BOUND('',#762,.T.);
#471=FACE_OUTER_BOUND('',#764,.T.);
#472=FACE_OUTER_BOUND('',#765,.T.);
#473=FACE_OUTER_BOUND('',#766,.T.);
#474=FACE_OUTER_BOUND('',#767,.T.);
#475=FACE_OUTER_BOUND('',#768,.T.);
#476=FACE_OUTER_BOUND('',#769,.T.);
#477=FACE_OUTER_BOUND('',#770,.T.);
#478=FACE_OUTER_BOUND('',#771,.T.);
#479=FACE_OUTER_BOUND('',#772,.T.);
#480=FACE_OUTER_BOUND('',#773,.T.);
#481=FACE_OUTER_BOUND('',#774,.T.);
#482=FACE_OUTER_BOUND('',#775,.T.);
#483=FACE_OUTER_BOUND('',#776,.T.);
#484=FACE_OUTER_BOUND('',#777,.T.);
#485=FACE_OUTER_BOUND('',#778,.T.);
#486=FACE_OUTER_BOUND('',#779,.T.);
#487=FACE_OUTER_BOUND('',#780,.T.);
#488=FACE_OUTER_BOUND('',#781,.T.);
#489=FACE_OUTER_BOUND('',#782,.T.);
#490=FACE_OUTER_BOUND('',#783,.T.);
#491=FACE_OUTER_BOUND('',#784,.T.);
#492=FACE_OUTER_BOUND('',#785,.T.);
#493=FACE_OUTER_BOUND('',#786,.T.);
#494=FACE_OUTER_BOUND('',#787,.T.);
#495=FACE_OUTER_BOUND('',#788,.T.);
#496=FACE_OUTER_BOUND('',#789,.T.);
#497=FACE_OUTER_BOUND('',#790,.T.);
#498=FACE_OUTER_BOUND('',#791,.T.);
#499=FACE_OUTER_BOUND('',#792,.T.);
#500=FACE_OUTER_BOUND('',#793,.T.);
#501=FACE_OUTER_BOUND('',#794,.T.);
#502=FACE_OUTER_BOUND('',#795,.T.);
#503=FACE_OUTER_BOUND('',#796,.T.);
#504=FACE_OUTER_BOUND('',#797,.T.);
#505=FACE_OUTER_BOUND('',#798,.T.);
#506=FACE_OUTER_BOUND('',#799,.T.);
#507=FACE_OUTER_BOUND('',#800,.T.);
#508=FACE_OUTER_BOUND('',#801,.T.);
#509=FACE_OUTER_BOUND('',#802,.T.);
#510=FACE_OUTER_BOUND('',#803,.T.);
#511=FACE_OUTER_BOUND('',#804,.T.);
#512=FACE_OUTER_BOUND('',#805,.T.);
#513=FACE_OUTER_BOUND('',#806,.T.);
#514=FACE_OUTER_BOUND('',#807,.T.);
#515=FACE_OUTER_BOUND('',#808,.T.);
#516=FACE_OUTER_BOUND('',#809,.T.);
#517=FACE_OUTER_BOUND('',#810,.T.);
#518=FACE_OUTER_BOUND('',#811,.T.);
#519=FACE_OUTER_BOUND('',#812,.T.);
#520=FACE_OUTER_BOUND('',#813,.T.);
#521=FACE_OUTER_BOUND('',#814,.T.);
#522=FACE_OUTER_BOUND('',#815,.T.);
#523=FACE_OUTER_BOUND('',#816,.T.);
#524=FACE_OUTER_BOUND('',#817,.T.);
#525=FACE_OUTER_BOUND('',#818,.T.);
#526=FACE_OUTER_BOUND('',#819,.T.);
#527=FACE_OUTER_BOUND('',#820,.T.);
#528=FACE_OUTER_BOUND('',#821,.T.);
#529=FACE_OUTER_BOUND('',#822,.T.);
#530=FACE_OUTER_BOUND('',#823,.T.);
#531=FACE_OUTER_BOUND('',#824,.T.);
#532=FACE_OUTER_BOUND('',#825,.T.);
#533=FACE_OUTER_BOUND('',#826,.T.);
#534=FACE_OUTER_BOUND('',#827,.T.);
#535=FACE_OUTER_BOUND('',#828,.T.);
#536=FACE_OUTER_BOUND('',#829,.T.);
#537=FACE_OUTER_BOUND('',#830,.T.);
#538=FACE_OUTER_BOUND('',#833,.T.);
#539=FACE_OUTER_BOUND('',#834,.T.);
#540=FACE_OUTER_BOUND('',#835,.T.);
#541=FACE_OUTER_BOUND('',#836,.T.);
#542=FACE_OUTER_BOUND('',#837,.T.);
#543=FACE_OUTER_BOUND('',#838,.T.);
#544=FACE_OUTER_BOUND('',#839,.T.);
#545=FACE_OUTER_BOUND('',#840,.T.);
#546=FACE_OUTER_BOUND('',#841,.T.);
#547=FACE_OUTER_BOUND('',#842,.T.);
#548=FACE_OUTER_BOUND('',#843,.T.);
#549=FACE_OUTER_BOUND('',#844,.T.);
#550=FACE_OUTER_BOUND('',#845,.T.);
#551=FACE_OUTER_BOUND('',#846,.T.);
#552=FACE_OUTER_BOUND('',#847,.T.);
#553=FACE_OUTER_BOUND('',#848,.T.);
#554=FACE_OUTER_BOUND('',#849,.T.);
#555=FACE_OUTER_BOUND('',#850,.T.);
#556=FACE_OUTER_BOUND('',#851,.T.);
#557=FACE_OUTER_BOUND('',#852,.T.);
#558=FACE_OUTER_BOUND('',#853,.T.);
#559=FACE_OUTER_BOUND('',#854,.T.);
#560=FACE_OUTER_BOUND('',#855,.T.);
#561=FACE_OUTER_BOUND('',#856,.T.);
#562=FACE_OUTER_BOUND('',#857,.T.);
#563=FACE_OUTER_BOUND('',#858,.T.);
#564=FACE_OUTER_BOUND('',#859,.T.);
#565=FACE_OUTER_BOUND('',#860,.T.);
#566=FACE_OUTER_BOUND('',#861,.T.);
#567=FACE_OUTER_BOUND('',#862,.T.);
#568=FACE_OUTER_BOUND('',#863,.T.);
#569=FACE_OUTER_BOUND('',#864,.T.);
#570=FACE_OUTER_BOUND('',#865,.T.);
#571=FACE_OUTER_BOUND('',#866,.T.);
#572=FACE_OUTER_BOUND('',#867,.T.);
#573=FACE_OUTER_BOUND('',#868,.T.);
#574=FACE_OUTER_BOUND('',#869,.T.);
#575=FACE_OUTER_BOUND('',#870,.T.);
#576=FACE_OUTER_BOUND('',#871,.T.);
#577=FACE_OUTER_BOUND('',#872,.T.);
#578=FACE_OUTER_BOUND('',#873,.T.);
#579=FACE_OUTER_BOUND('',#874,.T.);
#580=FACE_OUTER_BOUND('',#875,.T.);
#581=FACE_OUTER_BOUND('',#876,.T.);
#582=FACE_OUTER_BOUND('',#877,.T.);
#583=FACE_OUTER_BOUND('',#878,.T.);
#584=FACE_OUTER_BOUND('',#879,.T.);
#585=FACE_OUTER_BOUND('',#880,.T.);
#586=FACE_OUTER_BOUND('',#881,.T.);
#587=FACE_OUTER_BOUND('',#882,.T.);
#588=FACE_OUTER_BOUND('',#883,.T.);
#589=FACE_OUTER_BOUND('',#884,.T.);
#590=FACE_OUTER_BOUND('',#885,.T.);
#591=FACE_OUTER_BOUND('',#886,.T.);
#592=FACE_OUTER_BOUND('',#887,.T.);
#593=FACE_OUTER_BOUND('',#888,.T.);
#594=FACE_OUTER_BOUND('',#889,.T.);
#595=FACE_OUTER_BOUND('',#890,.T.);
#596=FACE_OUTER_BOUND('',#891,.T.);
#597=FACE_OUTER_BOUND('',#892,.T.);
#598=FACE_OUTER_BOUND('',#893,.T.);
#599=FACE_OUTER_BOUND('',#894,.T.);
#600=FACE_OUTER_BOUND('',#895,.T.);
#601=FACE_OUTER_BOUND('',#896,.T.);
#602=FACE_OUTER_BOUND('',#897,.T.);
#603=FACE_OUTER_BOUND('',#898,.T.);
#604=FACE_OUTER_BOUND('',#899,.T.);
#605=FACE_OUTER_BOUND('',#900,.T.);
#606=FACE_OUTER_BOUND('',#901,.T.);
#607=FACE_OUTER_BOUND('',#902,.T.);
#608=FACE_OUTER_BOUND('',#903,.T.);
#609=FACE_OUTER_BOUND('',#904,.T.);
#610=FACE_OUTER_BOUND('',#905,.T.);
#611=FACE_OUTER_BOUND('',#906,.T.);
#612=FACE_OUTER_BOUND('',#907,.T.);
#613=FACE_OUTER_BOUND('',#908,.T.);
#614=FACE_OUTER_BOUND('',#909,.T.);
#615=FACE_OUTER_BOUND('',#910,.T.);
#616=FACE_OUTER_BOUND('',#911,.T.);
#617=FACE_OUTER_BOUND('',#912,.T.);
#618=FACE_OUTER_BOUND('',#913,.T.);
#619=FACE_OUTER_BOUND('',#914,.T.);
#620=FACE_OUTER_BOUND('',#915,.T.);
#621=FACE_OUTER_BOUND('',#918,.T.);
#622=FACE_OUTER_BOUND('',#919,.T.);
#623=FACE_OUTER_BOUND('',#920,.T.);
#624=FACE_OUTER_BOUND('',#921,.T.);
#625=FACE_OUTER_BOUND('',#922,.T.);
#626=FACE_OUTER_BOUND('',#923,.T.);
#627=FACE_OUTER_BOUND('',#924,.T.);
#628=FACE_OUTER_BOUND('',#925,.T.);
#629=FACE_OUTER_BOUND('',#926,.T.);
#630=FACE_OUTER_BOUND('',#927,.T.);
#631=FACE_OUTER_BOUND('',#928,.T.);
#632=FACE_OUTER_BOUND('',#929,.T.);
#633=FACE_OUTER_BOUND('',#930,.T.);
#634=FACE_OUTER_BOUND('',#931,.T.);
#635=FACE_OUTER_BOUND('',#932,.T.);
#636=FACE_OUTER_BOUND('',#936,.T.);
#637=FACE_OUTER_BOUND('',#937,.T.);
#638=FACE_OUTER_BOUND('',#938,.T.);
#639=FACE_OUTER_BOUND('',#939,.T.);
#640=FACE_OUTER_BOUND('',#940,.T.);
#641=FACE_OUTER_BOUND('',#941,.T.);
#642=FACE_OUTER_BOUND('',#942,.T.);
#643=EDGE_LOOP('',(#3151,#3152,#3153,#3154));
#644=EDGE_LOOP('',(#3155,#3156,#3157,#3158));
#645=EDGE_LOOP('',(#3159,#3160,#3161,#3162));
#646=EDGE_LOOP('',(#3163,#3164,#3165,#3166));
#647=EDGE_LOOP('',(#3167,#3168,#3169,#3170));
#648=EDGE_LOOP('',(#3171,#3172,#3173,#3174));
#649=EDGE_LOOP('',(#3175,#3176,#3177,#3178));
#650=EDGE_LOOP('',(#3179,#3180,#3181,#3182));
#651=EDGE_LOOP('',(#3183,#3184,#3185,#3186));
#652=EDGE_LOOP('',(#3187,#3188,#3189,#3190,#3191));
#653=EDGE_LOOP('',(#3192,#3193,#3194,#3195));
#654=EDGE_LOOP('',(#3196,#3197,#3198,#3199));
#655=EDGE_LOOP('',(#3200,#3201,#3202,#3203));
#656=EDGE_LOOP('',(#3204,#3205,#3206,#3207));
#657=EDGE_LOOP('',(#3208,#3209,#3210,#3211));
#658=EDGE_LOOP('',(#3212,#3213,#3214,#3215,#3216));
#659=EDGE_LOOP('',(#3217,#3218,#3219,#3220));
#660=EDGE_LOOP('',(#3221,#3222,#3223,#3224,#3225,#3226,#3227,#3228));
#661=EDGE_LOOP('',(#3229,#3230,#3231,#3232));
#662=EDGE_LOOP('',(#3233,#3234,#3235,#3236,#3237));
#663=EDGE_LOOP('',(#3238,#3239,#3240,#3241,#3242));
#664=EDGE_LOOP('',(#3243,#3244,#3245,#3246,#3247,#3248,#3249,#3250,#3251,
#3252,#3253,#3254,#3255,#3256,#3257));
#665=EDGE_LOOP('',(#3258,#3259,#3260,#3261));
#666=EDGE_LOOP('',(#3262,#3263,#3264,#3265));
#667=EDGE_LOOP('',(#3266,#3267,#3268,#3269));
#668=EDGE_LOOP('',(#3270,#3271,#3272,#3273));
#669=EDGE_LOOP('',(#3274,#3275,#3276,#3277));
#670=EDGE_LOOP('',(#3278,#3279,#3280,#3281));
#671=EDGE_LOOP('',(#3282,#3283,#3284,#3285));
#672=EDGE_LOOP('',(#3286,#3287,#3288,#3289));
#673=EDGE_LOOP('',(#3290,#3291,#3292,#3293));
#674=EDGE_LOOP('',(#3294,#3295,#3296,#3297));
#675=EDGE_LOOP('',(#3298,#3299,#3300,#3301));
#676=EDGE_LOOP('',(#3302,#3303,#3304,#3305));
#677=EDGE_LOOP('',(#3306,#3307,#3308,#3309));
#678=EDGE_LOOP('',(#3310,#3311,#3312,#3313));
#679=EDGE_LOOP('',(#3314,#3315,#3316,#3317));
#680=EDGE_LOOP('',(#3318,#3319,#3320,#3321));
#681=EDGE_LOOP('',(#3322,#3323,#3324,#3325));
#682=EDGE_LOOP('',(#3326,#3327,#3328,#3329));
#683=EDGE_LOOP('',(#3330,#3331,#3332,#3333));
#684=EDGE_LOOP('',(#3334,#3335,#3336,#3337));
#685=EDGE_LOOP('',(#3338,#3339,#3340,#3341));
#686=EDGE_LOOP('',(#3342,#3343,#3344,#3345));
#687=EDGE_LOOP('',(#3346,#3347,#3348,#3349));
#688=EDGE_LOOP('',(#3350,#3351,#3352,#3353));
#689=EDGE_LOOP('',(#3354,#3355,#3356,#3357));
#690=EDGE_LOOP('',(#3358,#3359,#3360,#3361));
#691=EDGE_LOOP('',(#3362,#3363,#3364,#3365));
#692=EDGE_LOOP('',(#3366,#3367,#3368,#3369));
#693=EDGE_LOOP('',(#3370,#3371,#3372,#3373));
#694=EDGE_LOOP('',(#3374,#3375,#3376,#3377));
#695=EDGE_LOOP('',(#3378,#3379,#3380,#3381));
#696=EDGE_LOOP('',(#3382,#3383,#3384,#3385));
#697=EDGE_LOOP('',(#3386,#3387,#3388,#3389));
#698=EDGE_LOOP('',(#3390,#3391,#3392,#3393));
#699=EDGE_LOOP('',(#3394,#3395,#3396,#3397));
#700=EDGE_LOOP('',(#3398,#3399,#3400,#3401));
#701=EDGE_LOOP('',(#3402,#3403,#3404,#3405));
#702=EDGE_LOOP('',(#3406,#3407,#3408,#3409));
#703=EDGE_LOOP('',(#3410,#3411,#3412,#3413));
#704=EDGE_LOOP('',(#3414,#3415,#3416,#3417));
#705=EDGE_LOOP('',(#3418,#3419,#3420,#3421,#3422,#3423));
#706=EDGE_LOOP('',(#3424,#3425,#3426,#3427,#3428));
#707=EDGE_LOOP('',(#3429,#3430,#3431,#3432));
#708=EDGE_LOOP('',(#3433,#3434,#3435,#3436,#3437));
#709=EDGE_LOOP('',(#3438,#3439,#3440,#3441));
#710=EDGE_LOOP('',(#3442,#3443,#3444,#3445,#3446,#3447,#3448,#3449));
#711=EDGE_LOOP('',(#3450,#3451,#3452,#3453));
#712=EDGE_LOOP('',(#3454,#3455,#3456,#3457));
#713=EDGE_LOOP('',(#3458,#3459,#3460,#3461));
#714=EDGE_LOOP('',(#3462,#3463,#3464,#3465,#3466));
#715=EDGE_LOOP('',(#3467,#3468,#3469,#3470));
#716=EDGE_LOOP('',(#3471,#3472,#3473,#3474));
#717=EDGE_LOOP('',(#3475,#3476,#3477,#3478));
#718=EDGE_LOOP('',(#3479,#3480,#3481,#3482));
#719=EDGE_LOOP('',(#3483,#3484,#3485,#3486));
#720=EDGE_LOOP('',(#3487,#3488,#3489,#3490));
#721=EDGE_LOOP('',(#3491,#3492,#3493,#3494));
#722=EDGE_LOOP('',(#3495,#3496,#3497,#3498));
#723=EDGE_LOOP('',(#3499,#3500,#3501,#3502));
#724=EDGE_LOOP('',(#3503,#3504,#3505,#3506));
#725=EDGE_LOOP('',(#3507,#3508,#3509,#3510));
#726=EDGE_LOOP('',(#3511,#3512,#3513,#3514));
#727=EDGE_LOOP('',(#3515,#3516,#3517,#3518));
#728=EDGE_LOOP('',(#3519,#3520,#3521,#3522,#3523,#3524,#3525));
#729=EDGE_LOOP('',(#3526,#3527,#3528,#3529));
#730=EDGE_LOOP('',(#3530,#3531,#3532,#3533));
#731=EDGE_LOOP('',(#3534,#3535,#3536,#3537));
#732=EDGE_LOOP('',(#3538,#3539,#3540,#3541));
#733=EDGE_LOOP('',(#3542,#3543,#3544,#3545));
#734=EDGE_LOOP('',(#3546,#3547,#3548,#3549,#3550,#3551,#3552));
#735=EDGE_LOOP('',(#3553,#3554,#3555,#3556,#3557,#3558,#3559,#3560,#3561,
#3562,#3563,#3564,#3565,#3566,#3567,#3568,#3569,#3570,#3571));
#736=EDGE_LOOP('',(#3572,#3573,#3574,#3575,#3576));
#737=EDGE_LOOP('',(#3577,#3578,#3579,#3580));
#738=EDGE_LOOP('',(#3581,#3582,#3583,#3584));
#739=EDGE_LOOP('',(#3585,#3586,#3587,#3588));
#740=EDGE_LOOP('',(#3589,#3590,#3591,#3592));
#741=EDGE_LOOP('',(#3593,#3594,#3595,#3596));
#742=EDGE_LOOP('',(#3597,#3598,#3599,#3600));
#743=EDGE_LOOP('',(#3601,#3602,#3603,#3604));
#744=EDGE_LOOP('',(#3605,#3606,#3607,#3608));
#745=EDGE_LOOP('',(#3609,#3610,#3611,#3612));
#746=EDGE_LOOP('',(#3613,#3614,#3615,#3616));
#747=EDGE_LOOP('',(#3617,#3618,#3619,#3620));
#748=EDGE_LOOP('',(#3621,#3622,#3623,#3624));
#749=EDGE_LOOP('',(#3625,#3626,#3627,#3628));
#750=EDGE_LOOP('',(#3629,#3630,#3631,#3632,#3633));
#751=EDGE_LOOP('',(#3634,#3635,#3636,#3637));
#752=EDGE_LOOP('',(#3638,#3639,#3640,#3641,#3642));
#753=EDGE_LOOP('',(#3643,#3644,#3645,#3646,#3647,#3648));
#754=EDGE_LOOP('',(#3649,#3650,#3651,#3652,#3653,#3654,#3655,#3656,#3657,
#3658,#3659,#3660,#3661,#3662));
#755=EDGE_LOOP('',(#3663,#3664,#3665,#3666,#3667,#3668,#3669,#3670));
#756=EDGE_LOOP('',(#3671,#3672,#3673,#3674,#3675,#3676,#3677,#3678));
#757=EDGE_LOOP('',(#3679,#3680,#3681,#3682));
#758=EDGE_LOOP('',(#3683,#3684,#3685,#3686));
#759=EDGE_LOOP('',(#3687,#3688,#3689,#3690));
#760=EDGE_LOOP('',(#3691,#3692,#3693,#3694));
#761=EDGE_LOOP('',(#3695,#3696,#3697,#3698));
#762=EDGE_LOOP('',(#3699,#3700,#3701,#3702,#3703,#3704,#3705,#3706,#3707,
#3708,#3709,#3710,#3711,#3712,#3713,#3714,#3715,#3716,#3717,#3718,#3719,
#3720,#3721,#3722,#3723,#3724));
#763=EDGE_LOOP('',(#3725,#3726,#3727,#3728,#3729,#3730,#3731,#3732,#3733,
#3734,#3735,#3736,#3737,#3738));
#764=EDGE_LOOP('',(#3739,#3740,#3741,#3742));
#765=EDGE_LOOP('',(#3743,#3744,#3745,#3746));
#766=EDGE_LOOP('',(#3747,#3748,#3749,#3750));
#767=EDGE_LOOP('',(#3751,#3752,#3753,#3754));
#768=EDGE_LOOP('',(#3755,#3756,#3757,#3758,#3759));
#769=EDGE_LOOP('',(#3760,#3761,#3762,#3763));
#770=EDGE_LOOP('',(#3764,#3765,#3766,#3767));
#771=EDGE_LOOP('',(#3768,#3769,#3770,#3771));
#772=EDGE_LOOP('',(#3772,#3773,#3774,#3775));
#773=EDGE_LOOP('',(#3776,#3777,#3778,#3779));
#774=EDGE_LOOP('',(#3780,#3781,#3782,#3783));
#775=EDGE_LOOP('',(#3784,#3785,#3786,#3787));
#776=EDGE_LOOP('',(#3788,#3789,#3790,#3791));
#777=EDGE_LOOP('',(#3792,#3793,#3794,#3795));
#778=EDGE_LOOP('',(#3796,#3797,#3798,#3799));
#779=EDGE_LOOP('',(#3800,#3801,#3802,#3803));
#780=EDGE_LOOP('',(#3804,#3805,#3806,#3807,#3808));
#781=EDGE_LOOP('',(#3809,#3810,#3811,#3812,#3813,#3814));
#782=EDGE_LOOP('',(#3815,#3816,#3817,#3818,#3819));
#783=EDGE_LOOP('',(#3820,#3821,#3822,#3823));
#784=EDGE_LOOP('',(#3824,#3825,#3826,#3827));
#785=EDGE_LOOP('',(#3828,#3829,#3830,#3831));
#786=EDGE_LOOP('',(#3832,#3833,#3834,#3835));
#787=EDGE_LOOP('',(#3836,#3837,#3838,#3839));
#788=EDGE_LOOP('',(#3840,#3841,#3842,#3843));
#789=EDGE_LOOP('',(#3844,#3845,#3846,#3847));
#790=EDGE_LOOP('',(#3848,#3849,#3850,#3851));
#791=EDGE_LOOP('',(#3852,#3853,#3854,#3855));
#792=EDGE_LOOP('',(#3856,#3857,#3858,#3859));
#793=EDGE_LOOP('',(#3860,#3861,#3862,#3863));
#794=EDGE_LOOP('',(#3864,#3865,#3866,#3867));
#795=EDGE_LOOP('',(#3868,#3869,#3870,#3871));
#796=EDGE_LOOP('',(#3872,#3873,#3874,#3875));
#797=EDGE_LOOP('',(#3876,#3877,#3878,#3879));
#798=EDGE_LOOP('',(#3880,#3881,#3882,#3883));
#799=EDGE_LOOP('',(#3884,#3885,#3886,#3887,#3888,#3889));
#800=EDGE_LOOP('',(#3890,#3891,#3892,#3893,#3894,#3895));
#801=EDGE_LOOP('',(#3896,#3897,#3898,#3899,#3900));
#802=EDGE_LOOP('',(#3901,#3902,#3903,#3904));
#803=EDGE_LOOP('',(#3905,#3906,#3907,#3908));
#804=EDGE_LOOP('',(#3909,#3910,#3911,#3912));
#805=EDGE_LOOP('',(#3913,#3914,#3915,#3916));
#806=EDGE_LOOP('',(#3917,#3918,#3919,#3920));
#807=EDGE_LOOP('',(#3921,#3922,#3923,#3924));
#808=EDGE_LOOP('',(#3925,#3926,#3927,#3928));
#809=EDGE_LOOP('',(#3929,#3930,#3931,#3932));
#810=EDGE_LOOP('',(#3933,#3934,#3935,#3936));
#811=EDGE_LOOP('',(#3937,#3938,#3939,#3940));
#812=EDGE_LOOP('',(#3941,#3942,#3943,#3944));
#813=EDGE_LOOP('',(#3945,#3946,#3947,#3948));
#814=EDGE_LOOP('',(#3949,#3950,#3951,#3952,#3953));
#815=EDGE_LOOP('',(#3954,#3955,#3956,#3957,#3958));
#816=EDGE_LOOP('',(#3959,#3960,#3961,#3962,#3963,#3964));
#817=EDGE_LOOP('',(#3965,#3966,#3967,#3968));
#818=EDGE_LOOP('',(#3969,#3970,#3971,#3972,#3973));
#819=EDGE_LOOP('',(#3974,#3975,#3976,#3977,#3978));
#820=EDGE_LOOP('',(#3979,#3980,#3981,#3982));
#821=EDGE_LOOP('',(#3983,#3984,#3985,#3986,#3987));
#822=EDGE_LOOP('',(#3988,#3989,#3990,#3991));
#823=EDGE_LOOP('',(#3992,#3993,#3994,#3995));
#824=EDGE_LOOP('',(#3996,#3997,#3998,#3999));
#825=EDGE_LOOP('',(#4000,#4001,#4002,#4003));
#826=EDGE_LOOP('',(#4004,#4005,#4006,#4007));
#827=EDGE_LOOP('',(#4008,#4009,#4010,#4011));
#828=EDGE_LOOP('',(#4012,#4013,#4014,#4015));
#829=EDGE_LOOP('',(#4016,#4017,#4018,#4019));
#830=EDGE_LOOP('',(#4020,#4021,#4022,#4023,#4024,#4025,#4026,#4027,#4028,
#4029,#4030,#4031,#4032));
#831=EDGE_LOOP('',(#4033));
#832=EDGE_LOOP('',(#4034));
#833=EDGE_LOOP('',(#4035,#4036,#4037,#4038,#4039,#4040));
#834=EDGE_LOOP('',(#4041,#4042,#4043,#4044));
#835=EDGE_LOOP('',(#4045,#4046,#4047,#4048));
#836=EDGE_LOOP('',(#4049,#4050,#4051,#4052));
#837=EDGE_LOOP('',(#4053,#4054,#4055,#4056));
#838=EDGE_LOOP('',(#4057,#4058,#4059,#4060));
#839=EDGE_LOOP('',(#4061,#4062,#4063,#4064));
#840=EDGE_LOOP('',(#4065,#4066,#4067,#4068));
#841=EDGE_LOOP('',(#4069,#4070,#4071,#4072));
#842=EDGE_LOOP('',(#4073,#4074,#4075,#4076));
#843=EDGE_LOOP('',(#4077,#4078,#4079,#4080));
#844=EDGE_LOOP('',(#4081,#4082,#4083,#4084));
#845=EDGE_LOOP('',(#4085,#4086,#4087,#4088));
#846=EDGE_LOOP('',(#4089,#4090,#4091,#4092));
#847=EDGE_LOOP('',(#4093,#4094,#4095,#4096));
#848=EDGE_LOOP('',(#4097,#4098,#4099,#4100));
#849=EDGE_LOOP('',(#4101,#4102,#4103,#4104));
#850=EDGE_LOOP('',(#4105,#4106,#4107,#4108));
#851=EDGE_LOOP('',(#4109,#4110,#4111,#4112));
#852=EDGE_LOOP('',(#4113,#4114,#4115,#4116));
#853=EDGE_LOOP('',(#4117,#4118,#4119,#4120,#4121,#4122,#4123,#4124,#4125,
#4126,#4127,#4128,#4129,#4130,#4131,#4132,#4133,#4134));
#854=EDGE_LOOP('',(#4135,#4136,#4137,#4138));
#855=EDGE_LOOP('',(#4139,#4140,#4141,#4142));
#856=EDGE_LOOP('',(#4143,#4144,#4145,#4146));
#857=EDGE_LOOP('',(#4147,#4148,#4149,#4150));
#858=EDGE_LOOP('',(#4151,#4152,#4153,#4154));
#859=EDGE_LOOP('',(#4155,#4156,#4157,#4158));
#860=EDGE_LOOP('',(#4159,#4160,#4161,#4162));
#861=EDGE_LOOP('',(#4163,#4164,#4165,#4166));
#862=EDGE_LOOP('',(#4167,#4168,#4169,#4170));
#863=EDGE_LOOP('',(#4171,#4172,#4173,#4174));
#864=EDGE_LOOP('',(#4175,#4176,#4177,#4178));
#865=EDGE_LOOP('',(#4179,#4180,#4181,#4182));
#866=EDGE_LOOP('',(#4183,#4184,#4185,#4186));
#867=EDGE_LOOP('',(#4187,#4188,#4189,#4190,#4191,#4192,#4193,#4194,#4195,
#4196,#4197,#4198,#4199));
#868=EDGE_LOOP('',(#4200,#4201,#4202,#4203));
#869=EDGE_LOOP('',(#4204,#4205,#4206,#4207));
#870=EDGE_LOOP('',(#4208,#4209,#4210,#4211));
#871=EDGE_LOOP('',(#4212,#4213,#4214,#4215));
#872=EDGE_LOOP('',(#4216,#4217,#4218,#4219));
#873=EDGE_LOOP('',(#4220,#4221,#4222,#4223));
#874=EDGE_LOOP('',(#4224,#4225,#4226,#4227));
#875=EDGE_LOOP('',(#4228,#4229,#4230,#4231));
#876=EDGE_LOOP('',(#4232,#4233,#4234,#4235));
#877=EDGE_LOOP('',(#4236,#4237,#4238,#4239));
#878=EDGE_LOOP('',(#4240,#4241,#4242,#4243));
#879=EDGE_LOOP('',(#4244,#4245,#4246,#4247));
#880=EDGE_LOOP('',(#4248,#4249,#4250,#4251));
#881=EDGE_LOOP('',(#4252,#4253,#4254,#4255));
#882=EDGE_LOOP('',(#4256,#4257,#4258,#4259));
#883=EDGE_LOOP('',(#4260,#4261,#4262,#4263,#4264,#4265,#4266,#4267,#4268,
#4269,#4270,#4271,#4272,#4273,#4274));
#884=EDGE_LOOP('',(#4275,#4276,#4277,#4278));
#885=EDGE_LOOP('',(#4279,#4280,#4281,#4282));
#886=EDGE_LOOP('',(#4283,#4284,#4285,#4286));
#887=EDGE_LOOP('',(#4287,#4288,#4289,#4290));
#888=EDGE_LOOP('',(#4291));
#889=EDGE_LOOP('',(#4292));
#890=EDGE_LOOP('',(#4293,#4294,#4295,#4296,#4297));
#891=EDGE_LOOP('',(#4298,#4299,#4300,#4301));
#892=EDGE_LOOP('',(#4302,#4303,#4304,#4305,#4306,#4307));
#893=EDGE_LOOP('',(#4308,#4309,#4310,#4311,#4312,#4313));
#894=EDGE_LOOP('',(#4314,#4315,#4316,#4317,#4318));
#895=EDGE_LOOP('',(#4319,#4320,#4321,#4322,#4323,#4324));
#896=EDGE_LOOP('',(#4325,#4326,#4327,#4328));
#897=EDGE_LOOP('',(#4329,#4330,#4331,#4332,#4333));
#898=EDGE_LOOP('',(#4334,#4335,#4336,#4337));
#899=EDGE_LOOP('',(#4338,#4339,#4340,#4341,#4342,#4343));
#900=EDGE_LOOP('',(#4344,#4345,#4346,#4347,#4348));
#901=EDGE_LOOP('',(#4349,#4350,#4351,#4352,#4353));
#902=EDGE_LOOP('',(#4354,#4355,#4356,#4357));
#903=EDGE_LOOP('',(#4358,#4359,#4360,#4361,#4362,#4363));
#904=EDGE_LOOP('',(#4364,#4365,#4366,#4367,#4368,#4369));
#905=EDGE_LOOP('',(#4370,#4371,#4372,#4373,#4374));
#906=EDGE_LOOP('',(#4375,#4376,#4377,#4378,#4379,#4380));
#907=EDGE_LOOP('',(#4381,#4382,#4383,#4384));
#908=EDGE_LOOP('',(#4385,#4386,#4387,#4388,#4389));
#909=EDGE_LOOP('',(#4390,#4391,#4392,#4393));
#910=EDGE_LOOP('',(#4394,#4395,#4396,#4397,#4398,#4399));
#911=EDGE_LOOP('',(#4400,#4401,#4402,#4403,#4404));
#912=EDGE_LOOP('',(#4405,#4406,#4407,#4408));
#913=EDGE_LOOP('',(#4409,#4410,#4411,#4412));
#914=EDGE_LOOP('',(#4413,#4414,#4415,#4416));
#915=EDGE_LOOP('',(#4417,#4418,#4419,#4420,#4421,#4422,#4423,#4424,#4425,
#4426,#4427,#4428,#4429));
#916=EDGE_LOOP('',(#4430,#4431,#4432,#4433,#4434,#4435,#4436,#4437));
#917=EDGE_LOOP('',(#4438,#4439,#4440,#4441,#4442,#4443,#4444,#4445));
#918=EDGE_LOOP('',(#4446,#4447,#4448,#4449));
#919=EDGE_LOOP('',(#4450,#4451,#4452,#4453));
#920=EDGE_LOOP('',(#4454,#4455,#4456,#4457));
#921=EDGE_LOOP('',(#4458,#4459,#4460,#4461));
#922=EDGE_LOOP('',(#4462,#4463,#4464,#4465));
#923=EDGE_LOOP('',(#4466,#4467,#4468,#4469));
#924=EDGE_LOOP('',(#4470,#4471,#4472,#4473));
#925=EDGE_LOOP('',(#4474,#4475,#4476,#4477));
#926=EDGE_LOOP('',(#4478,#4479,#4480,#4481,#4482));
#927=EDGE_LOOP('',(#4483,#4484,#4485,#4486));
#928=EDGE_LOOP('',(#4487,#4488,#4489,#4490));
#929=EDGE_LOOP('',(#4491,#4492,#4493,#4494));
#930=EDGE_LOOP('',(#4495,#4496,#4497,#4498));
#931=EDGE_LOOP('',(#4499,#4500,#4501,#4502,#4503,#4504));
#932=EDGE_LOOP('',(#4505,#4506,#4507,#4508));
#933=EDGE_LOOP('',(#4509,#4510,#4511,#4512,#4513,#4514,#4515,#4516,#4517,
#4518,#4519,#4520,#4521,#4522,#4523,#4524,#4525,#4526));
#934=EDGE_LOOP('',(#4527,#4528,#4529,#4530,#4531,#4532,#4533,#4534,#4535,
#4536,#4537,#4538,#4539));
#935=EDGE_LOOP('',(#4540,#4541,#4542,#4543,#4544,#4545,#4546,#4547,#4548,
#4549,#4550,#4551,#4552,#4553,#4554));
#936=EDGE_LOOP('',(#4555,#4556,#4557,#4558,#4559,#4560,#4561,#4562,#4563,
#4564,#4565,#4566));
#937=EDGE_LOOP('',(#4567,#4568,#4569,#4570,#4571));
#938=EDGE_LOOP('',(#4572,#4573,#4574,#4575,#4576));
#939=EDGE_LOOP('',(#4577,#4578,#4579,#4580,#4581));
#940=EDGE_LOOP('',(#4582,#4583,#4584,#4585));
#941=EDGE_LOOP('',(#4586,#4587,#4588,#4589,#4590,#4591,#4592,#4593));
#942=EDGE_LOOP('',(#4594,#4595,#4596,#4597,#4598));
#943=LINE('',#6383,#1459);
#944=LINE('',#6385,#1460);
#945=LINE('',#6387,#1461);
#946=LINE('',#6388,#1462);
#947=LINE('',#6419,#1463);
#948=LINE('',#6429,#1464);
#949=LINE('',#6440,#1465);
#950=LINE('',#6441,#1466);
#951=LINE('',#6442,#1467);
#952=LINE('',#6473,#1468);
#953=LINE('',#6491,#1469);
#954=LINE('',#6493,#1470);
#955=LINE('',#6495,#1471);
#956=LINE('',#6496,#1472);
#957=LINE('',#6519,#1473);
#958=LINE('',#6527,#1474);
#959=LINE('',#6535,#1475);
#960=LINE('',#6537,#1476);
#961=LINE('',#6538,#1477);
#962=LINE('',#6565,#1478);
#963=LINE('',#6581,#1479);
#964=LINE('',#6583,#1480);
#965=LINE('',#6585,#1481);
#966=LINE('',#6616,#1482);
#967=LINE('',#6747,#1483);
#968=LINE('',#6749,#1484);
#969=LINE('',#6750,#1485);
#970=LINE('',#6753,#1486);
#971=LINE('',#6757,#1487);
#972=LINE('',#6759,#1488);
#973=LINE('',#6761,#1489);
#974=LINE('',#6763,#1490);
#975=LINE('',#6765,#1491);
#976=LINE('',#6766,#1492);
#977=LINE('',#6769,#1493);
#978=LINE('',#6773,#1494);
#979=LINE('',#6774,#1495);
#980=LINE('',#6777,#1496);
#981=LINE('',#6782,#1497);
#982=LINE('',#6784,#1498);
#983=LINE('',#6786,#1499);
#984=LINE('',#6787,#1500);
#985=LINE('',#6790,#1501);
#986=LINE('',#6792,#1502);
#987=LINE('',#6794,#1503);
#988=LINE('',#6795,#1504);
#989=LINE('',#6798,#1505);
#990=LINE('',#6800,#1506);
#991=LINE('',#6802,#1507);
#992=LINE('',#6803,#1508);
#993=LINE('',#6806,#1509);
#994=LINE('',#6808,#1510);
#995=LINE('',#6810,#1511);
#996=LINE('',#6811,#1512);
#997=LINE('',#6814,#1513);
#998=LINE('',#6816,#1514);
#999=LINE('',#6817,#1515);
#1000=LINE('',#6820,#1516);
#1001=LINE('',#6822,#1517);
#1002=LINE('',#6823,#1518);
#1003=LINE('',#6825,#1519);
#1004=LINE('',#6827,#1520);
#1005=LINE('',#6830,#1521);
#1006=LINE('',#6832,#1522);
#1007=LINE('',#6833,#1523);
#1008=LINE('',#6836,#1524);
#1009=LINE('',#6837,#1525);
#1010=LINE('',#6840,#1526);
#1011=LINE('',#6842,#1527);
#1012=LINE('',#6843,#1528);
#1013=LINE('',#6846,#1529);
#1014=LINE('',#6847,#1530);
#1015=LINE('',#6850,#1531);
#1016=LINE('',#6851,#1532);
#1017=LINE('',#6853,#1533);
#1018=LINE('',#6856,#1534);
#1019=LINE('',#6858,#1535);
#1020=LINE('',#6859,#1536);
#1021=LINE('',#6862,#1537);
#1022=LINE('',#6863,#1538);
#1023=LINE('',#6866,#1539);
#1024=LINE('',#6868,#1540);
#1025=LINE('',#6869,#1541);
#1026=LINE('',#6872,#1542);
#1027=LINE('',#6873,#1543);
#1028=LINE('',#6876,#1544);
#1029=LINE('',#6877,#1545);
#1030=LINE('',#6879,#1546);
#1031=LINE('',#6882,#1547);
#1032=LINE('',#6884,#1548);
#1033=LINE('',#6885,#1549);
#1034=LINE('',#6888,#1550);
#1035=LINE('',#6889,#1551);
#1036=LINE('',#6892,#1552);
#1037=LINE('',#6894,#1553);
#1038=LINE('',#6895,#1554);
#1039=LINE('',#6898,#1555);
#1040=LINE('',#6899,#1556);
#1041=LINE('',#6902,#1557);
#1042=LINE('',#6903,#1558);
#1043=LINE('',#6905,#1559);
#1044=LINE('',#6908,#1560);
#1045=LINE('',#6910,#1561);
#1046=LINE('',#6911,#1562);
#1047=LINE('',#6914,#1563);
#1048=LINE('',#6915,#1564);
#1049=LINE('',#6918,#1565);
#1050=LINE('',#6919,#1566);
#1051=LINE('',#6921,#1567);
#1052=LINE('',#6925,#1568);
#1053=LINE('',#6926,#1569);
#1054=LINE('',#6928,#1570);
#1055=LINE('',#6932,#1571);
#1056=LINE('',#6933,#1572);
#1057=LINE('',#6935,#1573);
#1058=LINE('',#6939,#1574);
#1059=LINE('',#6940,#1575);
#1060=LINE('',#6942,#1576);
#1061=LINE('',#6946,#1577);
#1062=LINE('',#6948,#1578);
#1063=LINE('',#6955,#1579);
#1064=LINE('',#6959,#1580);
#1065=LINE('',#6960,#1581);
#1066=LINE('',#6981,#1582);
#1067=LINE('',#6988,#1583);
#1068=LINE('',#6996,#1584);
#1069=LINE('',#6998,#1585);
#1070=LINE('',#7000,#1586);
#1071=LINE('',#7001,#1587);
#1072=LINE('',#7003,#1588);
#1073=LINE('',#7005,#1589);
#1074=LINE('',#7006,#1590);
#1075=LINE('',#7033,#1591);
#1076=LINE('',#7072,#1592);
#1077=LINE('',#7081,#1593);
#1078=LINE('',#7090,#1594);
#1079=LINE('',#7092,#1595);
#1080=LINE('',#7093,#1596);
#1081=LINE('',#7096,#1597);
#1082=LINE('',#7098,#1598);
#1083=LINE('',#7100,#1599);
#1084=LINE('',#7101,#1600);
#1085=LINE('',#7128,#1601);
#1086=LINE('',#7137,#1602);
#1087=LINE('',#7171,#1603);
#1088=LINE('',#7173,#1604);
#1089=LINE('',#7175,#1605);
#1090=LINE('',#7176,#1606);
#1091=LINE('',#7219,#1607);
#1092=LINE('',#7226,#1608);
#1093=LINE('',#7258,#1609);
#1094=LINE('',#7260,#1610);
#1095=LINE('',#7262,#1611);
#1096=LINE('',#7263,#1612);
#1097=LINE('',#7310,#1613);
#1098=LINE('',#7348,#1614);
#1099=LINE('',#7350,#1615);
#1100=LINE('',#7352,#1616);
#1101=LINE('',#7353,#1617);
#1102=LINE('',#7404,#1618);
#1103=LINE('',#7406,#1619);
#1104=LINE('',#7408,#1620);
#1105=LINE('',#7410,#1621);
#1106=LINE('',#7411,#1622);
#1107=LINE('',#7414,#1623);
#1108=LINE('',#7429,#1624);
#1109=LINE('',#7438,#1625);
#1110=LINE('',#7440,#1626);
#1111=LINE('',#7441,#1627);
#1112=LINE('',#7444,#1628);
#1113=LINE('',#7445,#1629);
#1114=LINE('',#7448,#1630);
#1115=LINE('',#7452,#1631);
#1116=LINE('',#7454,#1632);
#1117=LINE('',#7456,#1633);
#1118=LINE('',#7457,#1634);
#1119=LINE('',#7462,#1635);
#1120=LINE('',#7464,#1636);
#1121=LINE('',#7466,#1637);
#1122=LINE('',#7468,#1638);
#1123=LINE('',#7469,#1639);
#1124=LINE('',#7472,#1640);
#1125=LINE('',#7474,#1641);
#1126=LINE('',#7475,#1642);
#1127=LINE('',#7502,#1643);
#1128=LINE('',#7518,#1644);
#1129=LINE('',#7520,#1645);
#1130=LINE('',#7522,#1646);
#1131=LINE('',#7523,#1647);
#1132=LINE('',#7570,#1648);
#1133=LINE('',#7578,#1649);
#1134=LINE('',#7587,#1650);
#1135=LINE('',#7588,#1651);
#1136=LINE('',#7589,#1652);
#1137=LINE('',#7612,#1653);
#1138=LINE('',#7650,#1654);
#1139=LINE('',#7652,#1655);
#1140=LINE('',#7654,#1656);
#1141=LINE('',#7655,#1657);
#1142=LINE('',#7706,#1658);
#1143=LINE('',#7715,#1659);
#1144=LINE('',#7772,#1660);
#1145=LINE('',#7780,#1661);
#1146=LINE('',#7783,#1662);
#1147=LINE('',#7784,#1663);
#1148=LINE('',#7787,#1664);
#1149=LINE('',#7795,#1665);
#1150=LINE('',#7797,#1666);
#1151=LINE('',#7804,#1667);
#1152=LINE('',#7808,#1668);
#1153=LINE('',#7810,#1669);
#1154=LINE('',#7811,#1670);
#1155=LINE('',#7814,#1671);
#1156=LINE('',#7816,#1672);
#1157=LINE('',#7818,#1673);
#1158=LINE('',#7820,#1674);
#1159=LINE('',#7824,#1675);
#1160=LINE('',#7825,#1676);
#1161=LINE('',#7828,#1677);
#1162=LINE('',#7829,#1678);
#1163=LINE('',#7832,#1679);
#1164=LINE('',#7833,#1680);
#1165=LINE('',#7836,#1681);
#1166=LINE('',#7837,#1682);
#1167=LINE('',#7840,#1683);
#1168=LINE('',#7844,#1684);
#1169=LINE('',#7848,#1685);
#1170=LINE('',#7852,#1686);
#1171=LINE('',#7856,#1687);
#1172=LINE('',#7859,#1688);
#1173=LINE('',#7868,#1689);
#1174=LINE('',#7877,#1690);
#1175=LINE('',#7879,#1691);
#1176=LINE('',#7888,#1692);
#1177=LINE('',#7895,#1693);
#1178=LINE('',#7920,#1694);
#1179=LINE('',#7922,#1695);
#1180=LINE('',#7936,#1696);
#1181=LINE('',#7950,#1697);
#1182=LINE('',#7963,#1698);
#1183=LINE('',#7975,#1699);
#1184=LINE('',#7976,#1700);
#1185=LINE('',#7977,#1701);
#1186=LINE('',#8003,#1702);
#1187=LINE('',#8012,#1703);
#1188=LINE('',#8014,#1704);
#1189=LINE('',#8015,#1705);
#1190=LINE('',#8018,#1706);
#1191=LINE('',#8020,#1707);
#1192=LINE('',#8021,#1708);
#1193=LINE('',#8066,#1709);
#1194=LINE('',#8067,#1710);
#1195=LINE('',#8069,#1711);
#1196=LINE('',#8090,#1712);
#1197=LINE('',#8112,#1713);
#1198=LINE('',#8113,#1714);
#1199=LINE('',#8155,#1715);
#1200=LINE('',#8157,#1716);
#1201=LINE('',#8205,#1717);
#1202=LINE('',#8206,#1718);
#1203=LINE('',#8208,#1719);
#1204=LINE('',#8210,#1720);
#1205=LINE('',#8214,#1721);
#1206=LINE('',#8215,#1722);
#1207=LINE('',#8216,#1723);
#1208=LINE('',#8242,#1724);
#1209=LINE('',#8251,#1725);
#1210=LINE('',#8252,#1726);
#1211=LINE('',#8269,#1727);
#1212=LINE('',#8275,#1728);
#1213=LINE('',#8297,#1729);
#1214=LINE('',#8347,#1730);
#1215=LINE('',#8355,#1731);
#1216=LINE('',#8381,#1732);
#1217=LINE('',#8389,#1733);
#1218=LINE('',#8396,#1734);
#1219=LINE('',#8404,#1735);
#1220=LINE('',#8408,#1736);
#1221=LINE('',#8409,#1737);
#1222=LINE('',#8417,#1738);
#1223=LINE('',#8421,#1739);
#1224=LINE('',#8422,#1740);
#1225=LINE('',#8652,#1741);
#1226=LINE('',#8653,#1742);
#1227=LINE('',#8668,#1743);
#1228=LINE('',#8670,#1744);
#1229=LINE('',#8672,#1745);
#1230=LINE('',#8674,#1746);
#1231=LINE('',#8676,#1747);
#1232=LINE('',#8701,#1748);
#1233=LINE('',#8715,#1749);
#1234=LINE('',#8717,#1750);
#1235=LINE('',#8719,#1751);
#1236=LINE('',#8743,#1752);
#1237=LINE('',#8751,#1753);
#1238=LINE('',#8784,#1754);
#1239=LINE('',#8786,#1755);
#1240=LINE('',#8788,#1756);
#1241=LINE('',#8789,#1757);
#1242=LINE('',#8816,#1758);
#1243=LINE('',#8818,#1759);
#1244=LINE('',#8819,#1760);
#1245=LINE('',#8823,#1761);
#1246=LINE('',#8825,#1762);
#1247=LINE('',#8827,#1763);
#1248=LINE('',#8828,#1764);
#1249=LINE('',#8866,#1765);
#1250=LINE('',#8900,#1766);
#1251=LINE('',#8902,#1767);
#1252=LINE('',#8903,#1768);
#1253=LINE('',#8910,#1769);
#1254=LINE('',#8912,#1770);
#1255=LINE('',#8914,#1771);
#1256=LINE('',#8915,#1772);
#1257=LINE('',#8918,#1773);
#1258=LINE('',#8919,#1774);
#1259=LINE('',#8923,#1775);
#1260=LINE('',#8925,#1776);
#1261=LINE('',#8927,#1777);
#1262=LINE('',#8928,#1778);
#1263=LINE('',#8931,#1779);
#1264=LINE('',#8933,#1780);
#1265=LINE('',#8934,#1781);
#1266=LINE('',#8937,#1782);
#1267=LINE('',#8939,#1783);
#1268=LINE('',#8940,#1784);
#1269=LINE('',#8958,#1785);
#1270=LINE('',#8981,#1786);
#1271=LINE('',#9004,#1787);
#1272=LINE('',#9027,#1788);
#1273=LINE('',#9050,#1789);
#1274=LINE('',#9058,#1790);
#1275=LINE('',#9060,#1791);
#1276=LINE('',#9061,#1792);
#1277=LINE('',#9079,#1793);
#1278=LINE('',#9102,#1794);
#1279=LINE('',#9125,#1795);
#1280=LINE('',#9148,#1796);
#1281=LINE('',#9171,#1797);
#1282=LINE('',#9194,#1798);
#1283=LINE('',#9202,#1799);
#1284=LINE('',#9204,#1800);
#1285=LINE('',#9205,#1801);
#1286=LINE('',#9208,#1802);
#1287=LINE('',#9210,#1803);
#1288=LINE('',#9211,#1804);
#1289=LINE('',#9213,#1805);
#1290=LINE('',#9214,#1806);
#1291=LINE('',#9219,#1807);
#1292=LINE('',#9221,#1808);
#1293=LINE('',#9223,#1809);
#1294=LINE('',#9224,#1810);
#1295=LINE('',#9227,#1811);
#1296=LINE('',#9229,#1812);
#1297=LINE('',#9230,#1813);
#1298=LINE('',#9233,#1814);
#1299=LINE('',#9235,#1815);
#1300=LINE('',#9236,#1816);
#1301=LINE('',#9239,#1817);
#1302=LINE('',#9241,#1818);
#1303=LINE('',#9242,#1819);
#1304=LINE('',#9245,#1820);
#1305=LINE('',#9247,#1821);
#1306=LINE('',#9248,#1822);
#1307=LINE('',#9251,#1823);
#1308=LINE('',#9253,#1824);
#1309=LINE('',#9254,#1825);
#1310=LINE('',#9257,#1826);
#1311=LINE('',#9259,#1827);
#1312=LINE('',#9260,#1828);
#1313=LINE('',#9263,#1829);
#1314=LINE('',#9265,#1830);
#1315=LINE('',#9266,#1831);
#1316=LINE('',#9269,#1832);
#1317=LINE('',#9271,#1833);
#1318=LINE('',#9272,#1834);
#1319=LINE('',#9275,#1835);
#1320=LINE('',#9277,#1836);
#1321=LINE('',#9278,#1837);
#1322=LINE('',#9281,#1838);
#1323=LINE('',#9283,#1839);
#1324=LINE('',#9284,#1840);
#1325=LINE('',#9287,#1841);
#1326=LINE('',#9289,#1842);
#1327=LINE('',#9290,#1843);
#1328=LINE('',#9292,#1844);
#1329=LINE('',#9293,#1845);
#1330=LINE('',#9298,#1846);
#1331=LINE('',#9300,#1847);
#1332=LINE('',#9302,#1848);
#1333=LINE('',#9303,#1849);
#1334=LINE('',#9306,#1850);
#1335=LINE('',#9308,#1851);
#1336=LINE('',#9309,#1852);
#1337=LINE('',#9312,#1853);
#1338=LINE('',#9314,#1854);
#1339=LINE('',#9315,#1855);
#1340=LINE('',#9318,#1856);
#1341=LINE('',#9320,#1857);
#1342=LINE('',#9321,#1858);
#1343=LINE('',#9324,#1859);
#1344=LINE('',#9326,#1860);
#1345=LINE('',#9327,#1861);
#1346=LINE('',#9330,#1862);
#1347=LINE('',#9332,#1863);
#1348=LINE('',#9333,#1864);
#1349=LINE('',#9336,#1865);
#1350=LINE('',#9338,#1866);
#1351=LINE('',#9339,#1867);
#1352=LINE('',#9342,#1868);
#1353=LINE('',#9344,#1869);
#1354=LINE('',#9345,#1870);
#1355=LINE('',#9348,#1871);
#1356=LINE('',#9350,#1872);
#1357=LINE('',#9351,#1873);
#1358=LINE('',#9354,#1874);
#1359=LINE('',#9356,#1875);
#1360=LINE('',#9357,#1876);
#1361=LINE('',#9360,#1877);
#1362=LINE('',#9362,#1878);
#1363=LINE('',#9363,#1879);
#1364=LINE('',#9366,#1880);
#1365=LINE('',#9368,#1881);
#1366=LINE('',#9369,#1882);
#1367=LINE('',#9372,#1883);
#1368=LINE('',#9374,#1884);
#1369=LINE('',#9375,#1885);
#1370=LINE('',#9378,#1886);
#1371=LINE('',#9380,#1887);
#1372=LINE('',#9381,#1888);
#1373=LINE('',#9383,#1889);
#1374=LINE('',#9384,#1890);
#1375=LINE('',#9388,#1891);
#1376=LINE('',#9392,#1892);
#1377=LINE('',#9396,#1893);
#1378=LINE('',#9400,#1894);
#1379=LINE('',#9409,#1895);
#1380=LINE('',#9413,#1896);
#1381=LINE('',#9417,#1897);
#1382=LINE('',#9419,#1898);
#1383=LINE('',#9420,#1899);
#1384=LINE('',#9423,#1900);
#1385=LINE('',#9425,#1901);
#1386=LINE('',#9427,#1902);
#1387=LINE('',#9431,#1903);
#1388=LINE('',#9435,#1904);
#1389=LINE('',#9436,#1905);
#1390=LINE('',#9439,#1906);
#1391=LINE('',#9443,#1907);
#1392=LINE('',#9447,#1908);
#1393=LINE('',#9451,#1909);
#1394=LINE('',#9452,#1910);
#1395=LINE('',#9455,#1911);
#1396=LINE('',#9456,#1912);
#1397=LINE('',#9461,#1913);
#1398=LINE('',#9465,#1914);
#1399=LINE('',#9467,#1915);
#1400=LINE('',#9468,#1916);
#1401=LINE('',#9470,#1917);
#1402=LINE('',#9479,#1918);
#1403=LINE('',#9483,#1919);
#1404=LINE('',#9487,#1920);
#1405=LINE('',#9489,#1921);
#1406=LINE('',#9490,#1922);
#1407=LINE('',#9493,#1923);
#1408=LINE('',#9495,#1924);
#1409=LINE('',#9497,#1925);
#1410=LINE('',#9501,#1926);
#1411=LINE('',#9505,#1927);
#1412=LINE('',#9506,#1928);
#1413=LINE('',#9509,#1929);
#1414=LINE('',#9513,#1930);
#1415=LINE('',#9517,#1931);
#1416=LINE('',#9521,#1932);
#1417=LINE('',#9522,#1933);
#1418=LINE('',#9525,#1934);
#1419=LINE('',#9526,#1935);
#1420=LINE('',#9531,#1936);
#1421=LINE('',#9535,#1937);
#1422=LINE('',#9537,#1938);
#1423=LINE('',#9538,#1939);
#1424=LINE('',#9540,#1940);
#1425=LINE('',#9547,#1941);
#1426=LINE('',#9550,#1942);
#1427=LINE('',#9565,#1943);
#1428=LINE('',#9577,#1944);
#1429=LINE('',#9590,#1945);
#1430=LINE('',#9592,#1946);
#1431=LINE('',#9593,#1947);
#1432=LINE('',#9594,#1948);
#1433=LINE('',#9621,#1949);
#1434=LINE('',#9622,#1950);
#1435=LINE('',#9727,#1951);
#1436=LINE('',#9731,#1952);
#1437=LINE('',#9732,#1953);
#1438=LINE('',#9754,#1954);
#1439=LINE('',#9756,#1955);
#1440=LINE('',#9764,#1956);
#1441=LINE('',#9765,#1957);
#1442=LINE('',#9776,#1958);
#1443=LINE('',#9777,#1959);
#1444=LINE('',#9804,#1960);
#1445=LINE('',#9848,#1961);
#1446=LINE('',#9851,#1962);
#1447=LINE('',#9852,#1963);
#1448=LINE('',#9859,#1964);
#1449=LINE('',#9861,#1965);
#1450=LINE('',#9864,#1966);
#1451=LINE('',#9868,#1967);
#1452=LINE('',#9872,#1968);
#1453=LINE('',#9873,#1969);
#1454=LINE('',#9880,#1970);
#1455=LINE('',#9881,#1971);
#1456=LINE('',#9883,#1972);
#1457=LINE('',#9890,#1973);
#1458=LINE('',#9892,#1974);
#1459=VECTOR('',#5339,10.);
#1460=VECTOR('',#5340,10.);
#1461=VECTOR('',#5341,10.);
#1462=VECTOR('',#5342,10.);
#1463=VECTOR('',#5343,10.);
#1464=VECTOR('',#5344,10.);
#1465=VECTOR('',#5347,10.);
#1466=VECTOR('',#5348,10.);
#1467=VECTOR('',#5349,10.);
#1468=VECTOR('',#5350,10.);
#1469=VECTOR('',#5353,10.);
#1470=VECTOR('',#5354,10.);
#1471=VECTOR('',#5355,10.);
#1472=VECTOR('',#5356,10.);
#1473=VECTOR('',#5357,10.);
#1474=VECTOR('',#5358,10.);
#1475=VECTOR('',#5361,10.);
#1476=VECTOR('',#5362,10.);
#1477=VECTOR('',#5363,10.);
#1478=VECTOR('',#5364,10.);
#1479=VECTOR('',#5367,10.);
#1480=VECTOR('',#5368,10.);
#1481=VECTOR('',#5369,10.);
#1482=VECTOR('',#5370,10.);
#1483=VECTOR('',#5373,10.);
#1484=VECTOR('',#5374,10.);
#1485=VECTOR('',#5375,10.);
#1486=VECTOR('',#5378,10.);
#1487=VECTOR('',#5383,10.);
#1488=VECTOR('',#5384,10.);
#1489=VECTOR('',#5385,10.);
#1490=VECTOR('',#5386,10.);
#1491=VECTOR('',#5387,10.);
#1492=VECTOR('',#5388,10.);
#1493=VECTOR('',#5391,10.);
#1494=VECTOR('',#5396,10.);
#1495=VECTOR('',#5397,10.);
#1496=VECTOR('',#5400,10.);
#1497=VECTOR('',#5405,10.);
#1498=VECTOR('',#5406,10.);
#1499=VECTOR('',#5407,10.);
#1500=VECTOR('',#5408,10.);
#1501=VECTOR('',#5409,10.);
#1502=VECTOR('',#5410,10.);
#1503=VECTOR('',#5411,10.);
#1504=VECTOR('',#5412,10.);
#1505=VECTOR('',#5413,10.);
#1506=VECTOR('',#5414,10.);
#1507=VECTOR('',#5415,10.);
#1508=VECTOR('',#5416,10.);
#1509=VECTOR('',#5417,10.);
#1510=VECTOR('',#5418,10.);
#1511=VECTOR('',#5419,10.);
#1512=VECTOR('',#5420,10.);
#1513=VECTOR('',#5423,10.);
#1514=VECTOR('',#5424,10.);
#1515=VECTOR('',#5425,10.);
#1516=VECTOR('',#5428,10.);
#1517=VECTOR('',#5429,10.);
#1518=VECTOR('',#5430,10.);
#1519=VECTOR('',#5433,10.);
#1520=VECTOR('',#5436,10.);
#1521=VECTOR('',#5439,10.);
#1522=VECTOR('',#5440,10.);
#1523=VECTOR('',#5441,10.);
#1524=VECTOR('',#5444,10.);
#1525=VECTOR('',#5445,10.);
#1526=VECTOR('',#5448,10.);
#1527=VECTOR('',#5449,10.);
#1528=VECTOR('',#5450,10.);
#1529=VECTOR('',#5453,10.);
#1530=VECTOR('',#5454,10.);
#1531=VECTOR('',#5457,10.);
#1532=VECTOR('',#5458,10.);
#1533=VECTOR('',#5461,10.);
#1534=VECTOR('',#5464,10.);
#1535=VECTOR('',#5465,10.);
#1536=VECTOR('',#5466,10.);
#1537=VECTOR('',#5469,10.);
#1538=VECTOR('',#5470,10.);
#1539=VECTOR('',#5473,10.);
#1540=VECTOR('',#5474,10.);
#1541=VECTOR('',#5475,10.);
#1542=VECTOR('',#5478,10.);
#1543=VECTOR('',#5479,10.);
#1544=VECTOR('',#5482,10.);
#1545=VECTOR('',#5483,10.);
#1546=VECTOR('',#5486,10.);
#1547=VECTOR('',#5489,10.);
#1548=VECTOR('',#5490,10.);
#1549=VECTOR('',#5491,10.);
#1550=VECTOR('',#5494,10.);
#1551=VECTOR('',#5495,10.);
#1552=VECTOR('',#5498,10.);
#1553=VECTOR('',#5499,10.);
#1554=VECTOR('',#5500,10.);
#1555=VECTOR('',#5503,10.);
#1556=VECTOR('',#5504,10.);
#1557=VECTOR('',#5507,10.);
#1558=VECTOR('',#5508,10.);
#1559=VECTOR('',#5511,10.);
#1560=VECTOR('',#5514,10.);
#1561=VECTOR('',#5515,10.);
#1562=VECTOR('',#5516,10.);
#1563=VECTOR('',#5519,10.);
#1564=VECTOR('',#5520,10.);
#1565=VECTOR('',#5523,10.);
#1566=VECTOR('',#5524,10.);
#1567=VECTOR('',#5527,10.);
#1568=VECTOR('',#5532,10.);
#1569=VECTOR('',#5533,10.);
#1570=VECTOR('',#5536,10.);
#1571=VECTOR('',#5541,10.);
#1572=VECTOR('',#5542,10.);
#1573=VECTOR('',#5545,10.);
#1574=VECTOR('',#5550,10.);
#1575=VECTOR('',#5551,10.);
#1576=VECTOR('',#5554,10.);
#1577=VECTOR('',#5559,10.);
#1578=VECTOR('',#5560,10.);
#1579=VECTOR('',#5563,10.);
#1580=VECTOR('',#5568,10.);
#1581=VECTOR('',#5569,10.);
#1582=VECTOR('',#5574,10.);
#1583=VECTOR('',#5575,10.);
#1584=VECTOR('',#5578,10.);
#1585=VECTOR('',#5579,10.);
#1586=VECTOR('',#5580,10.);
#1587=VECTOR('',#5581,10.);
#1588=VECTOR('',#5582,10.);
#1589=VECTOR('',#5583,10.);
#1590=VECTOR('',#5584,10.);
#1591=VECTOR('',#5585,10.);
#1592=VECTOR('',#5586,10.);
#1593=VECTOR('',#5587,10.);
#1594=VECTOR('',#5590,10.);
#1595=VECTOR('',#5591,10.);
#1596=VECTOR('',#5592,10.);
#1597=VECTOR('',#5595,10.);
#1598=VECTOR('',#5596,10.);
#1599=VECTOR('',#5597,10.);
#1600=VECTOR('',#5598,10.);
#1601=VECTOR('',#5599,10.);
#1602=VECTOR('',#5600,10.);
#1603=VECTOR('',#5603,10.);
#1604=VECTOR('',#5604,10.);
#1605=VECTOR('',#5605,10.);
#1606=VECTOR('',#5606,10.);
#1607=VECTOR('',#5607,10.);
#1608=VECTOR('',#5608,10.);
#1609=VECTOR('',#5611,10.);
#1610=VECTOR('',#5612,10.);
#1611=VECTOR('',#5613,10.);
#1612=VECTOR('',#5614,10.);
#1613=VECTOR('',#5615,10.);
#1614=VECTOR('',#5618,10.);
#1615=VECTOR('',#5619,10.);
#1616=VECTOR('',#5620,10.);
#1617=VECTOR('',#5621,10.);
#1618=VECTOR('',#5624,10.);
#1619=VECTOR('',#5625,10.);
#1620=VECTOR('',#5626,10.);
#1621=VECTOR('',#5627,10.);
#1622=VECTOR('',#5628,10.);
#1623=VECTOR('',#5631,10.);
#1624=VECTOR('',#5634,10.);
#1625=VECTOR('',#5637,10.);
#1626=VECTOR('',#5638,10.);
#1627=VECTOR('',#5639,10.);
#1628=VECTOR('',#5642,10.);
#1629=VECTOR('',#5643,10.);
#1630=VECTOR('',#5646,10.);
#1631=VECTOR('',#5651,10.);
#1632=VECTOR('',#5652,10.);
#1633=VECTOR('',#5653,10.);
#1634=VECTOR('',#5654,10.);
#1635=VECTOR('',#5659,10.);
#1636=VECTOR('',#5660,10.);
#1637=VECTOR('',#5661,10.);
#1638=VECTOR('',#5662,10.);
#1639=VECTOR('',#5663,10.);
#1640=VECTOR('',#5666,10.);
#1641=VECTOR('',#5667,10.);
#1642=VECTOR('',#5668,10.);
#1643=VECTOR('',#5669,10.);
#1644=VECTOR('',#5672,10.);
#1645=VECTOR('',#5673,10.);
#1646=VECTOR('',#5674,10.);
#1647=VECTOR('',#5675,10.);
#1648=VECTOR('',#5676,10.);
#1649=VECTOR('',#5677,10.);
#1650=VECTOR('',#5680,10.);
#1651=VECTOR('',#5681,10.);
#1652=VECTOR('',#5682,10.);
#1653=VECTOR('',#5683,10.);
#1654=VECTOR('',#5686,10.);
#1655=VECTOR('',#5687,10.);
#1656=VECTOR('',#5688,10.);
#1657=VECTOR('',#5689,10.);
#1658=VECTOR('',#5690,10.);
#1659=VECTOR('',#5691,10.);
#1660=VECTOR('',#5694,10.);
#1661=VECTOR('',#5695,10.);
#1662=VECTOR('',#5698,10.);
#1663=VECTOR('',#5699,10.);
#1664=VECTOR('',#5702,10.);
#1665=VECTOR('',#5705,10.);
#1666=VECTOR('',#5706,10.);
#1667=VECTOR('',#5711,10.);
#1668=VECTOR('',#5714,10.);
#1669=VECTOR('',#5715,10.);
#1670=VECTOR('',#5716,10.);
#1671=VECTOR('',#5719,10.);
#1672=VECTOR('',#5720,10.);
#1673=VECTOR('',#5721,10.);
#1674=VECTOR('',#5724,10.);
#1675=VECTOR('',#5729,10.);
#1676=VECTOR('',#5730,10.);
#1677=VECTOR('',#5733,10.);
#1678=VECTOR('',#5734,10.);
#1679=VECTOR('',#5737,10.);
#1680=VECTOR('',#5738,10.);
#1681=VECTOR('',#5741,10.);
#1682=VECTOR('',#5742,10.);
#1683=VECTOR('',#5745,10.);
#1684=VECTOR('',#5748,10.);
#1685=VECTOR('',#5751,10.);
#1686=VECTOR('',#5754,10.);
#1687=VECTOR('',#5757,10.);
#1688=VECTOR('',#5760,10.);
#1689=VECTOR('',#5761,10.);
#1690=VECTOR('',#5762,10.);
#1691=VECTOR('',#5763,10.);
#1692=VECTOR('',#5764,10.);
#1693=VECTOR('',#5765,10.);
#1694=VECTOR('',#5766,10.);
#1695=VECTOR('',#5767,10.);
#1696=VECTOR('',#5768,10.);
#1697=VECTOR('',#5769,10.);
#1698=VECTOR('',#5770,10.);
#1699=VECTOR('',#5781,10.);
#1700=VECTOR('',#5782,10.);
#1701=VECTOR('',#5783,10.);
#1702=VECTOR('',#5784,10.);
#1703=VECTOR('',#5787,10.);
#1704=VECTOR('',#5788,10.);
#1705=VECTOR('',#5789,10.);
#1706=VECTOR('',#5792,10.);
#1707=VECTOR('',#5793,10.);
#1708=VECTOR('',#5794,10.);
#1709=VECTOR('',#5795,10.);
#1710=VECTOR('',#5796,10.);
#1711=VECTOR('',#5799,10.);
#1712=VECTOR('',#5800,10.);
#1713=VECTOR('',#5803,10.);
#1714=VECTOR('',#5804,10.);
#1715=VECTOR('',#5805,10.);
#1716=VECTOR('',#5806,10.);
#1717=VECTOR('',#5809,10.);
#1718=VECTOR('',#5810,10.);
#1719=VECTOR('',#5813,10.);
#1720=VECTOR('',#5816,10.);
#1721=VECTOR('',#5819,10.);
#1722=VECTOR('',#5820,10.);
#1723=VECTOR('',#5821,10.);
#1724=VECTOR('',#5822,10.);
#1725=VECTOR('',#5825,10.);
#1726=VECTOR('',#5826,10.);
#1727=VECTOR('',#5827,10.);
#1728=VECTOR('',#5830,10.);
#1729=VECTOR('',#5831,10.);
#1730=VECTOR('',#5832,10.);
#1731=VECTOR('',#5835,10.);
#1732=VECTOR('',#5836,10.);
#1733=VECTOR('',#5839,10.);
#1734=VECTOR('',#5840,10.);
#1735=VECTOR('',#5841,10.);
#1736=VECTOR('',#5846,10.);
#1737=VECTOR('',#5847,10.);
#1738=VECTOR('',#5848,10.);
#1739=VECTOR('',#5853,10.);
#1740=VECTOR('',#5854,10.);
#1741=VECTOR('',#5883,10.);
#1742=VECTOR('',#5884,10.);
#1743=VECTOR('',#5889,10.);
#1744=VECTOR('',#5892,10.);
#1745=VECTOR('',#5895,10.);
#1746=VECTOR('',#5898,10.);
#1747=VECTOR('',#5901,10.);
#1748=VECTOR('',#5904,10.);
#1749=VECTOR('',#5907,10.);
#1750=VECTOR('',#5908,10.);
#1751=VECTOR('',#5909,10.);
#1752=VECTOR('',#5912,10.);
#1753=VECTOR('',#5913,10.);
#1754=VECTOR('',#5916,10.);
#1755=VECTOR('',#5917,10.);
#1756=VECTOR('',#5918,10.);
#1757=VECTOR('',#5919,10.);
#1758=VECTOR('',#5922,10.);
#1759=VECTOR('',#5923,10.);
#1760=VECTOR('',#5924,10.);
#1761=VECTOR('',#5927,10.);
#1762=VECTOR('',#5928,10.);
#1763=VECTOR('',#5929,10.);
#1764=VECTOR('',#5930,10.);
#1765=VECTOR('',#5931,10.);
#1766=VECTOR('',#5934,10.);
#1767=VECTOR('',#5935,10.);
#1768=VECTOR('',#5936,10.);
#1769=VECTOR('',#5943,10.);
#1770=VECTOR('',#5944,10.);
#1771=VECTOR('',#5945,10.);
#1772=VECTOR('',#5946,10.);
#1773=VECTOR('',#5949,10.);
#1774=VECTOR('',#5950,10.);
#1775=VECTOR('',#5953,10.);
#1776=VECTOR('',#5954,10.);
#1777=VECTOR('',#5955,10.);
#1778=VECTOR('',#5956,10.);
#1779=VECTOR('',#5959,10.);
#1780=VECTOR('',#5960,10.);
#1781=VECTOR('',#5961,10.);
#1782=VECTOR('',#5964,10.);
#1783=VECTOR('',#5965,10.);
#1784=VECTOR('',#5966,10.);
#1785=VECTOR('',#5967,10.);
#1786=VECTOR('',#5968,10.);
#1787=VECTOR('',#5969,10.);
#1788=VECTOR('',#5970,10.);
#1789=VECTOR('',#5971,10.);
#1790=VECTOR('',#5974,10.);
#1791=VECTOR('',#5975,10.);
#1792=VECTOR('',#5976,10.);
#1793=VECTOR('',#5977,10.);
#1794=VECTOR('',#5978,10.);
#1795=VECTOR('',#5979,10.);
#1796=VECTOR('',#5980,10.);
#1797=VECTOR('',#5981,10.);
#1798=VECTOR('',#5982,10.);
#1799=VECTOR('',#5985,10.);
#1800=VECTOR('',#5986,10.);
#1801=VECTOR('',#5987,10.);
#1802=VECTOR('',#5990,10.);
#1803=VECTOR('',#5991,10.);
#1804=VECTOR('',#5992,10.);
#1805=VECTOR('',#5995,10.);
#1806=VECTOR('',#5996,10.);
#1807=VECTOR('',#6001,10.);
#1808=VECTOR('',#6002,10.);
#1809=VECTOR('',#6003,10.);
#1810=VECTOR('',#6004,10.);
#1811=VECTOR('',#6007,10.);
#1812=VECTOR('',#6008,10.);
#1813=VECTOR('',#6009,10.);
#1814=VECTOR('',#6012,10.);
#1815=VECTOR('',#6013,10.);
#1816=VECTOR('',#6014,10.);
#1817=VECTOR('',#6017,10.);
#1818=VECTOR('',#6018,10.);
#1819=VECTOR('',#6019,10.);
#1820=VECTOR('',#6022,10.);
#1821=VECTOR('',#6023,10.);
#1822=VECTOR('',#6024,10.);
#1823=VECTOR('',#6027,10.);
#1824=VECTOR('',#6028,10.);
#1825=VECTOR('',#6029,10.);
#1826=VECTOR('',#6032,10.);
#1827=VECTOR('',#6033,10.);
#1828=VECTOR('',#6034,10.);
#1829=VECTOR('',#6037,10.);
#1830=VECTOR('',#6038,10.);
#1831=VECTOR('',#6039,10.);
#1832=VECTOR('',#6042,10.);
#1833=VECTOR('',#6043,10.);
#1834=VECTOR('',#6044,10.);
#1835=VECTOR('',#6047,10.);
#1836=VECTOR('',#6048,10.);
#1837=VECTOR('',#6049,10.);
#1838=VECTOR('',#6052,10.);
#1839=VECTOR('',#6053,10.);
#1840=VECTOR('',#6054,10.);
#1841=VECTOR('',#6057,10.);
#1842=VECTOR('',#6058,10.);
#1843=VECTOR('',#6059,10.);
#1844=VECTOR('',#6062,10.);
#1845=VECTOR('',#6063,10.);
#1846=VECTOR('',#6068,10.);
#1847=VECTOR('',#6069,10.);
#1848=VECTOR('',#6070,10.);
#1849=VECTOR('',#6071,10.);
#1850=VECTOR('',#6074,10.);
#1851=VECTOR('',#6075,10.);
#1852=VECTOR('',#6076,10.);
#1853=VECTOR('',#6079,10.);
#1854=VECTOR('',#6080,10.);
#1855=VECTOR('',#6081,10.);
#1856=VECTOR('',#6084,10.);
#1857=VECTOR('',#6085,10.);
#1858=VECTOR('',#6086,10.);
#1859=VECTOR('',#6089,10.);
#1860=VECTOR('',#6090,10.);
#1861=VECTOR('',#6091,10.);
#1862=VECTOR('',#6094,10.);
#1863=VECTOR('',#6095,10.);
#1864=VECTOR('',#6096,10.);
#1865=VECTOR('',#6099,10.);
#1866=VECTOR('',#6100,10.);
#1867=VECTOR('',#6101,10.);
#1868=VECTOR('',#6104,10.);
#1869=VECTOR('',#6105,10.);
#1870=VECTOR('',#6106,10.);
#1871=VECTOR('',#6109,10.);
#1872=VECTOR('',#6110,10.);
#1873=VECTOR('',#6111,10.);
#1874=VECTOR('',#6114,10.);
#1875=VECTOR('',#6115,10.);
#1876=VECTOR('',#6116,10.);
#1877=VECTOR('',#6119,10.);
#1878=VECTOR('',#6120,10.);
#1879=VECTOR('',#6121,10.);
#1880=VECTOR('',#6124,10.);
#1881=VECTOR('',#6125,10.);
#1882=VECTOR('',#6126,10.);
#1883=VECTOR('',#6129,10.);
#1884=VECTOR('',#6130,10.);
#1885=VECTOR('',#6131,10.);
#1886=VECTOR('',#6134,10.);
#1887=VECTOR('',#6135,10.);
#1888=VECTOR('',#6136,10.);
#1889=VECTOR('',#6139,10.);
#1890=VECTOR('',#6140,10.);
#1891=VECTOR('',#6145,3.65000000000001);
#1892=VECTOR('',#6150,3.50000000000001);
#1893=VECTOR('',#6155,3.65000000000021);
#1894=VECTOR('',#6160,3.50000000000001);
#1895=VECTOR('',#6171,10.);
#1896=VECTOR('',#6174,10.);
#1897=VECTOR('',#6179,10.);
#1898=VECTOR('',#6180,10.);
#1899=VECTOR('',#6181,10.);
#1900=VECTOR('',#6184,10.);
#1901=VECTOR('',#6185,10.);
#1902=VECTOR('',#6186,10.);
#1903=VECTOR('',#6191,10.);
#1904=VECTOR('',#6194,10.);
#1905=VECTOR('',#6195,10.);
#1906=VECTOR('',#6198,10.);
#1907=VECTOR('',#6201,10.);
#1908=VECTOR('',#6206,10.);
#1909=VECTOR('',#6209,10.);
#1910=VECTOR('',#6210,10.);
#1911=VECTOR('',#6213,10.);
#1912=VECTOR('',#6214,10.);
#1913=VECTOR('',#6219,10.);
#1914=VECTOR('',#6224,10.);
#1915=VECTOR('',#6225,10.);
#1916=VECTOR('',#6226,10.);
#1917=VECTOR('',#6229,10.);
#1918=VECTOR('',#6240,10.);
#1919=VECTOR('',#6243,10.);
#1920=VECTOR('',#6248,10.);
#1921=VECTOR('',#6249,10.);
#1922=VECTOR('',#6250,10.);
#1923=VECTOR('',#6253,10.);
#1924=VECTOR('',#6254,10.);
#1925=VECTOR('',#6255,10.);
#1926=VECTOR('',#6260,10.);
#1927=VECTOR('',#6263,10.);
#1928=VECTOR('',#6264,10.);
#1929=VECTOR('',#6267,10.);
#1930=VECTOR('',#6270,10.);
#1931=VECTOR('',#6275,10.);
#1932=VECTOR('',#6278,10.);
#1933=VECTOR('',#6279,10.);
#1934=VECTOR('',#6282,10.);
#1935=VECTOR('',#6283,10.);
#1936=VECTOR('',#6288,10.);
#1937=VECTOR('',#6293,10.);
#1938=VECTOR('',#6294,10.);
#1939=VECTOR('',#6295,10.);
#1940=VECTOR('',#6298,10.);
#1941=VECTOR('',#6311,10.);
#1942=VECTOR('',#6314,10.);
#1943=VECTOR('',#6315,10.);
#1944=VECTOR('',#6316,10.);
#1945=VECTOR('',#6317,10.);
#1946=VECTOR('',#6318,10.);
#1947=VECTOR('',#6319,10.);
#1948=VECTOR('',#6320,10.);
#1949=VECTOR('',#6323,10.);
#1950=VECTOR('',#6324,10.);
#1951=VECTOR('',#6325,10.);
#1952=VECTOR('',#6330,10.);
#1953=VECTOR('',#6331,10.);
#1954=VECTOR('',#6332,10.);
#1955=VECTOR('',#6333,10.);
#1956=VECTOR('',#6336,10.);
#1957=VECTOR('',#6337,10.);
#1958=VECTOR('',#6340,10.);
#1959=VECTOR('',#6341,10.);
#1960=VECTOR('',#6342,10.);
#1961=VECTOR('',#6347,10.);
#1962=VECTOR('',#6350,10.);
#1963=VECTOR('',#6351,10.);
#1964=VECTOR('',#6352,10.);
#1965=VECTOR('',#6355,10.);
#1966=VECTOR('',#6358,10.);
#1967=VECTOR('',#6361,10.);
#1968=VECTOR('',#6364,10.);
#1969=VECTOR('',#6365,10.);
#1970=VECTOR('',#6366,10.);
#1971=VECTOR('',#6367,10.);
#1972=VECTOR('',#6370,10.);
#1973=VECTOR('',#6371,10.);
#1974=VECTOR('',#6374,10.);
#1975=VERTEX_POINT('',#6381);
#1976=VERTEX_POINT('',#6382);
#1977=VERTEX_POINT('',#6384);
#1978=VERTEX_POINT('',#6386);
#1979=VERTEX_POINT('',#6417);
#1980=VERTEX_POINT('',#6418);
#1981=VERTEX_POINT('',#6420);
#1982=VERTEX_POINT('',#6428);
#1983=VERTEX_POINT('',#6438);
#1984=VERTEX_POINT('',#6439);
#1985=VERTEX_POINT('',#6471);
#1986=VERTEX_POINT('',#6472);
#1987=VERTEX_POINT('',#6489);
#1988=VERTEX_POINT('',#6490);
#1989=VERTEX_POINT('',#6492);
#1990=VERTEX_POINT('',#6494);
#1991=VERTEX_POINT('',#6517);
#1992=VERTEX_POINT('',#6518);
#1993=VERTEX_POINT('',#6520);
#1994=VERTEX_POINT('',#6526);
#1995=VERTEX_POINT('',#6534);
#1996=VERTEX_POINT('',#6536);
#1997=VERTEX_POINT('',#6563);
#1998=VERTEX_POINT('',#6564);
#1999=VERTEX_POINT('',#6579);
#2000=VERTEX_POINT('',#6580);
#2001=VERTEX_POINT('',#6582);
#2002=VERTEX_POINT('',#6584);
#2003=VERTEX_POINT('',#6609);
#2004=VERTEX_POINT('',#6610);
#2005=VERTEX_POINT('',#6615);
#2006=VERTEX_POINT('',#6746);
#2007=VERTEX_POINT('',#6748);
#2008=VERTEX_POINT('',#6752);
#2009=VERTEX_POINT('',#6756);
#2010=VERTEX_POINT('',#6758);
#2011=VERTEX_POINT('',#6760);
#2012=VERTEX_POINT('',#6762);
#2013=VERTEX_POINT('',#6764);
#2014=VERTEX_POINT('',#6768);
#2015=VERTEX_POINT('',#6772);
#2016=VERTEX_POINT('',#6776);
#2017=VERTEX_POINT('',#6780);
#2018=VERTEX_POINT('',#6781);
#2019=VERTEX_POINT('',#6783);
#2020=VERTEX_POINT('',#6785);
#2021=VERTEX_POINT('',#6788);
#2022=VERTEX_POINT('',#6789);
#2023=VERTEX_POINT('',#6791);
#2024=VERTEX_POINT('',#6793);
#2025=VERTEX_POINT('',#6796);
#2026=VERTEX_POINT('',#6797);
#2027=VERTEX_POINT('',#6799);
#2028=VERTEX_POINT('',#6801);
#2029=VERTEX_POINT('',#6804);
#2030=VERTEX_POINT('',#6805);
#2031=VERTEX_POINT('',#6807);
#2032=VERTEX_POINT('',#6809);
#2033=VERTEX_POINT('',#6813);
#2034=VERTEX_POINT('',#6815);
#2035=VERTEX_POINT('',#6819);
#2036=VERTEX_POINT('',#6821);
#2037=VERTEX_POINT('',#6829);
#2038=VERTEX_POINT('',#6831);
#2039=VERTEX_POINT('',#6835);
#2040=VERTEX_POINT('',#6839);
#2041=VERTEX_POINT('',#6841);
#2042=VERTEX_POINT('',#6845);
#2043=VERTEX_POINT('',#6849);
#2044=VERTEX_POINT('',#6855);
#2045=VERTEX_POINT('',#6857);
#2046=VERTEX_POINT('',#6861);
#2047=VERTEX_POINT('',#6865);
#2048=VERTEX_POINT('',#6867);
#2049=VERTEX_POINT('',#6871);
#2050=VERTEX_POINT('',#6875);
#2051=VERTEX_POINT('',#6881);
#2052=VERTEX_POINT('',#6883);
#2053=VERTEX_POINT('',#6887);
#2054=VERTEX_POINT('',#6891);
#2055=VERTEX_POINT('',#6893);
#2056=VERTEX_POINT('',#6897);
#2057=VERTEX_POINT('',#6901);
#2058=VERTEX_POINT('',#6907);
#2059=VERTEX_POINT('',#6909);
#2060=VERTEX_POINT('',#6913);
#2061=VERTEX_POINT('',#6917);
#2062=VERTEX_POINT('',#6924);
#2063=VERTEX_POINT('',#6931);
#2064=VERTEX_POINT('',#6938);
#2065=VERTEX_POINT('',#6945);
#2066=VERTEX_POINT('',#6947);
#2067=VERTEX_POINT('',#6954);
#2068=VERTEX_POINT('',#6958);
#2069=VERTEX_POINT('',#6979);
#2070=VERTEX_POINT('',#6980);
#2071=VERTEX_POINT('',#6982);
#2072=VERTEX_POINT('',#6987);
#2073=VERTEX_POINT('',#6994);
#2074=VERTEX_POINT('',#6995);
#2075=VERTEX_POINT('',#6997);
#2076=VERTEX_POINT('',#6999);
#2077=VERTEX_POINT('',#7002);
#2078=VERTEX_POINT('',#7004);
#2079=VERTEX_POINT('',#7031);
#2080=VERTEX_POINT('',#7032);
#2081=VERTEX_POINT('',#7070);
#2082=VERTEX_POINT('',#7071);
#2083=VERTEX_POINT('',#7073);
#2084=VERTEX_POINT('',#7080);
#2085=VERTEX_POINT('',#7089);
#2086=VERTEX_POINT('',#7091);
#2087=VERTEX_POINT('',#7095);
#2088=VERTEX_POINT('',#7097);
#2089=VERTEX_POINT('',#7099);
#2090=VERTEX_POINT('',#7126);
#2091=VERTEX_POINT('',#7127);
#2092=VERTEX_POINT('',#7129);
#2093=VERTEX_POINT('',#7136);
#2094=VERTEX_POINT('',#7169);
#2095=VERTEX_POINT('',#7170);
#2096=VERTEX_POINT('',#7172);
#2097=VERTEX_POINT('',#7174);
#2098=VERTEX_POINT('',#7217);
#2099=VERTEX_POINT('',#7218);
#2100=VERTEX_POINT('',#7220);
#2101=VERTEX_POINT('',#7225);
#2102=VERTEX_POINT('',#7256);
#2103=VERTEX_POINT('',#7257);
#2104=VERTEX_POINT('',#7259);
#2105=VERTEX_POINT('',#7261);
#2106=VERTEX_POINT('',#7308);
#2107=VERTEX_POINT('',#7309);
#2108=VERTEX_POINT('',#7346);
#2109=VERTEX_POINT('',#7347);
#2110=VERTEX_POINT('',#7349);
#2111=VERTEX_POINT('',#7351);
#2112=VERTEX_POINT('',#7403);
#2113=VERTEX_POINT('',#7405);
#2114=VERTEX_POINT('',#7407);
#2115=VERTEX_POINT('',#7409);
#2116=VERTEX_POINT('',#7413);
#2117=VERTEX_POINT('',#7428);
#2118=VERTEX_POINT('',#7437);
#2119=VERTEX_POINT('',#7439);
#2120=VERTEX_POINT('',#7443);
#2121=VERTEX_POINT('',#7447);
#2122=VERTEX_POINT('',#7451);
#2123=VERTEX_POINT('',#7453);
#2124=VERTEX_POINT('',#7455);
#2125=VERTEX_POINT('',#7460);
#2126=VERTEX_POINT('',#7461);
#2127=VERTEX_POINT('',#7463);
#2128=VERTEX_POINT('',#7465);
#2129=VERTEX_POINT('',#7467);
#2130=VERTEX_POINT('',#7471);
#2131=VERTEX_POINT('',#7473);
#2132=VERTEX_POINT('',#7500);
#2133=VERTEX_POINT('',#7501);
#2134=VERTEX_POINT('',#7516);
#2135=VERTEX_POINT('',#7517);
#2136=VERTEX_POINT('',#7519);
#2137=VERTEX_POINT('',#7521);
#2138=VERTEX_POINT('',#7568);
#2139=VERTEX_POINT('',#7569);
#2140=VERTEX_POINT('',#7571);
#2141=VERTEX_POINT('',#7577);
#2142=VERTEX_POINT('',#7585);
#2143=VERTEX_POINT('',#7586);
#2144=VERTEX_POINT('',#7610);
#2145=VERTEX_POINT('',#7611);
#2146=VERTEX_POINT('',#7648);
#2147=VERTEX_POINT('',#7649);
#2148=VERTEX_POINT('',#7651);
#2149=VERTEX_POINT('',#7653);
#2150=VERTEX_POINT('',#7704);
#2151=VERTEX_POINT('',#7705);
#2152=VERTEX_POINT('',#7707);
#2153=VERTEX_POINT('',#7714);
#2154=VERTEX_POINT('',#7771);
#2155=VERTEX_POINT('',#7773);
#2156=VERTEX_POINT('',#7782);
#2157=VERTEX_POINT('',#7786);
#2158=VERTEX_POINT('',#7794);
#2159=VERTEX_POINT('',#7796);
#2160=VERTEX_POINT('',#7805);
#2161=VERTEX_POINT('',#7807);
#2162=VERTEX_POINT('',#7809);
#2163=VERTEX_POINT('',#7813);
#2164=VERTEX_POINT('',#7815);
#2165=VERTEX_POINT('',#7817);
#2166=VERTEX_POINT('',#7823);
#2167=VERTEX_POINT('',#7827);
#2168=VERTEX_POINT('',#7831);
#2169=VERTEX_POINT('',#7835);
#2170=VERTEX_POINT('',#7839);
#2171=VERTEX_POINT('',#7841);
#2172=VERTEX_POINT('',#7843);
#2173=VERTEX_POINT('',#7845);
#2174=VERTEX_POINT('',#7847);
#2175=VERTEX_POINT('',#7849);
#2176=VERTEX_POINT('',#7851);
#2177=VERTEX_POINT('',#7853);
#2178=VERTEX_POINT('',#7855);
#2179=VERTEX_POINT('',#7857);
#2180=VERTEX_POINT('',#7860);
#2181=VERTEX_POINT('',#7867);
#2182=VERTEX_POINT('',#7869);
#2183=VERTEX_POINT('',#7876);
#2184=VERTEX_POINT('',#7878);
#2185=VERTEX_POINT('',#7880);
#2186=VERTEX_POINT('',#7887);
#2187=VERTEX_POINT('',#7889);
#2188=VERTEX_POINT('',#7894);
#2189=VERTEX_POINT('',#7896);
#2190=VERTEX_POINT('',#7906);
#2191=VERTEX_POINT('',#7907);
#2192=VERTEX_POINT('',#7914);
#2193=VERTEX_POINT('',#7919);
#2194=VERTEX_POINT('',#7921);
#2195=VERTEX_POINT('',#7923);
#2196=VERTEX_POINT('',#7930);
#2197=VERTEX_POINT('',#7935);
#2198=VERTEX_POINT('',#7937);
#2199=VERTEX_POINT('',#7942);
#2200=VERTEX_POINT('',#7949);
#2201=VERTEX_POINT('',#7951);
#2202=VERTEX_POINT('',#7957);
#2203=VERTEX_POINT('',#7962);
#2204=VERTEX_POINT('',#7973);
#2205=VERTEX_POINT('',#7974);
#2206=VERTEX_POINT('',#8002);
#2207=VERTEX_POINT('',#8011);
#2208=VERTEX_POINT('',#8013);
#2209=VERTEX_POINT('',#8017);
#2210=VERTEX_POINT('',#8019);
#2211=VERTEX_POINT('',#8154);
#2212=VERTEX_POINT('',#8156);
#2213=VERTEX_POINT('',#8212);
#2214=VERTEX_POINT('',#8213);
#2215=VERTEX_POINT('',#8241);
#2216=VERTEX_POINT('',#8250);
#2217=VERTEX_POINT('',#8296);
#2218=VERTEX_POINT('',#8380);
#2219=VERTEX_POINT('',#8403);
#2220=VERTEX_POINT('',#8407);
#2221=VERTEX_POINT('',#8416);
#2222=VERTEX_POINT('',#8420);
#2223=VERTEX_POINT('',#8651);
#2224=VERTEX_POINT('',#8694);
#2225=VERTEX_POINT('',#8695);
#2226=VERTEX_POINT('',#8700);
#2227=VERTEX_POINT('',#8702);
#2228=VERTEX_POINT('',#8714);
#2229=VERTEX_POINT('',#8716);
#2230=VERTEX_POINT('',#8718);
#2231=VERTEX_POINT('',#8741);
#2232=VERTEX_POINT('',#8742);
#2233=VERTEX_POINT('',#8744);
#2234=VERTEX_POINT('',#8750);
#2235=VERTEX_POINT('',#8782);
#2236=VERTEX_POINT('',#8783);
#2237=VERTEX_POINT('',#8785);
#2238=VERTEX_POINT('',#8787);
#2239=VERTEX_POINT('',#8815);
#2240=VERTEX_POINT('',#8817);
#2241=VERTEX_POINT('',#8821);
#2242=VERTEX_POINT('',#8822);
#2243=VERTEX_POINT('',#8824);
#2244=VERTEX_POINT('',#8826);
#2245=VERTEX_POINT('',#8857);
#2246=VERTEX_POINT('',#8865);
#2247=VERTEX_POINT('',#8899);
#2248=VERTEX_POINT('',#8901);
#2249=VERTEX_POINT('',#8904);
#2250=VERTEX_POINT('',#8906);
#2251=VERTEX_POINT('',#8909);
#2252=VERTEX_POINT('',#8911);
#2253=VERTEX_POINT('',#8913);
#2254=VERTEX_POINT('',#8917);
#2255=VERTEX_POINT('',#8921);
#2256=VERTEX_POINT('',#8922);
#2257=VERTEX_POINT('',#8924);
#2258=VERTEX_POINT('',#8926);
#2259=VERTEX_POINT('',#8930);
#2260=VERTEX_POINT('',#8932);
#2261=VERTEX_POINT('',#8936);
#2262=VERTEX_POINT('',#8938);
#2263=VERTEX_POINT('',#8951);
#2264=VERTEX_POINT('',#8957);
#2265=VERTEX_POINT('',#8974);
#2266=VERTEX_POINT('',#8980);
#2267=VERTEX_POINT('',#8997);
#2268=VERTEX_POINT('',#9003);
#2269=VERTEX_POINT('',#9020);
#2270=VERTEX_POINT('',#9026);
#2271=VERTEX_POINT('',#9043);
#2272=VERTEX_POINT('',#9049);
#2273=VERTEX_POINT('',#9057);
#2274=VERTEX_POINT('',#9059);
#2275=VERTEX_POINT('',#9072);
#2276=VERTEX_POINT('',#9078);
#2277=VERTEX_POINT('',#9095);
#2278=VERTEX_POINT('',#9101);
#2279=VERTEX_POINT('',#9118);
#2280=VERTEX_POINT('',#9124);
#2281=VERTEX_POINT('',#9141);
#2282=VERTEX_POINT('',#9147);
#2283=VERTEX_POINT('',#9164);
#2284=VERTEX_POINT('',#9170);
#2285=VERTEX_POINT('',#9187);
#2286=VERTEX_POINT('',#9193);
#2287=VERTEX_POINT('',#9201);
#2288=VERTEX_POINT('',#9203);
#2289=VERTEX_POINT('',#9207);
#2290=VERTEX_POINT('',#9209);
#2291=VERTEX_POINT('',#9217);
#2292=VERTEX_POINT('',#9218);
#2293=VERTEX_POINT('',#9220);
#2294=VERTEX_POINT('',#9222);
#2295=VERTEX_POINT('',#9226);
#2296=VERTEX_POINT('',#9228);
#2297=VERTEX_POINT('',#9232);
#2298=VERTEX_POINT('',#9234);
#2299=VERTEX_POINT('',#9238);
#2300=VERTEX_POINT('',#9240);
#2301=VERTEX_POINT('',#9244);
#2302=VERTEX_POINT('',#9246);
#2303=VERTEX_POINT('',#9250);
#2304=VERTEX_POINT('',#9252);
#2305=VERTEX_POINT('',#9256);
#2306=VERTEX_POINT('',#9258);
#2307=VERTEX_POINT('',#9262);
#2308=VERTEX_POINT('',#9264);
#2309=VERTEX_POINT('',#9268);
#2310=VERTEX_POINT('',#9270);
#2311=VERTEX_POINT('',#9274);
#2312=VERTEX_POINT('',#9276);
#2313=VERTEX_POINT('',#9280);
#2314=VERTEX_POINT('',#9282);
#2315=VERTEX_POINT('',#9286);
#2316=VERTEX_POINT('',#9288);
#2317=VERTEX_POINT('',#9296);
#2318=VERTEX_POINT('',#9297);
#2319=VERTEX_POINT('',#9299);
#2320=VERTEX_POINT('',#9301);
#2321=VERTEX_POINT('',#9305);
#2322=VERTEX_POINT('',#9307);
#2323=VERTEX_POINT('',#9311);
#2324=VERTEX_POINT('',#9313);
#2325=VERTEX_POINT('',#9317);
#2326=VERTEX_POINT('',#9319);
#2327=VERTEX_POINT('',#9323);
#2328=VERTEX_POINT('',#9325);
#2329=VERTEX_POINT('',#9329);
#2330=VERTEX_POINT('',#9331);
#2331=VERTEX_POINT('',#9335);
#2332=VERTEX_POINT('',#9337);
#2333=VERTEX_POINT('',#9341);
#2334=VERTEX_POINT('',#9343);
#2335=VERTEX_POINT('',#9347);
#2336=VERTEX_POINT('',#9349);
#2337=VERTEX_POINT('',#9353);
#2338=VERTEX_POINT('',#9355);
#2339=VERTEX_POINT('',#9359);
#2340=VERTEX_POINT('',#9361);
#2341=VERTEX_POINT('',#9365);
#2342=VERTEX_POINT('',#9367);
#2343=VERTEX_POINT('',#9371);
#2344=VERTEX_POINT('',#9373);
#2345=VERTEX_POINT('',#9377);
#2346=VERTEX_POINT('',#9379);
#2347=VERTEX_POINT('',#9387);
#2348=VERTEX_POINT('',#9391);
#2349=VERTEX_POINT('',#9395);
#2350=VERTEX_POINT('',#9399);
#2351=VERTEX_POINT('',#9405);
#2352=VERTEX_POINT('',#9406);
#2353=VERTEX_POINT('',#9408);
#2354=VERTEX_POINT('',#9410);
#2355=VERTEX_POINT('',#9412);
#2356=VERTEX_POINT('',#9416);
#2357=VERTEX_POINT('',#9418);
#2358=VERTEX_POINT('',#9422);
#2359=VERTEX_POINT('',#9424);
#2360=VERTEX_POINT('',#9426);
#2361=VERTEX_POINT('',#9430);
#2362=VERTEX_POINT('',#9432);
#2363=VERTEX_POINT('',#9434);
#2364=VERTEX_POINT('',#9438);
#2365=VERTEX_POINT('',#9440);
#2366=VERTEX_POINT('',#9442);
#2367=VERTEX_POINT('',#9446);
#2368=VERTEX_POINT('',#9448);
#2369=VERTEX_POINT('',#9450);
#2370=VERTEX_POINT('',#9454);
#2371=VERTEX_POINT('',#9458);
#2372=VERTEX_POINT('',#9460);
#2373=VERTEX_POINT('',#9464);
#2374=VERTEX_POINT('',#9466);
#2375=VERTEX_POINT('',#9475);
#2376=VERTEX_POINT('',#9476);
#2377=VERTEX_POINT('',#9478);
#2378=VERTEX_POINT('',#9480);
#2379=VERTEX_POINT('',#9482);
#2380=VERTEX_POINT('',#9486);
#2381=VERTEX_POINT('',#9488);
#2382=VERTEX_POINT('',#9492);
#2383=VERTEX_POINT('',#9494);
#2384=VERTEX_POINT('',#9496);
#2385=VERTEX_POINT('',#9500);
#2386=VERTEX_POINT('',#9502);
#2387=VERTEX_POINT('',#9504);
#2388=VERTEX_POINT('',#9508);
#2389=VERTEX_POINT('',#9510);
#2390=VERTEX_POINT('',#9512);
#2391=VERTEX_POINT('',#9516);
#2392=VERTEX_POINT('',#9518);
#2393=VERTEX_POINT('',#9520);
#2394=VERTEX_POINT('',#9524);
#2395=VERTEX_POINT('',#9528);
#2396=VERTEX_POINT('',#9530);
#2397=VERTEX_POINT('',#9534);
#2398=VERTEX_POINT('',#9536);
#2399=VERTEX_POINT('',#9549);
#2400=VERTEX_POINT('',#9551);
#2401=VERTEX_POINT('',#9559);
#2402=VERTEX_POINT('',#9564);
#2403=VERTEX_POINT('',#9566);
#2404=VERTEX_POINT('',#9571);
#2405=VERTEX_POINT('',#9576);
#2406=VERTEX_POINT('',#9578);
#2407=VERTEX_POINT('',#9583);
#2408=VERTEX_POINT('',#9589);
#2409=VERTEX_POINT('',#9591);
#2410=VERTEX_POINT('',#9612);
#2411=VERTEX_POINT('',#9613);
#2412=VERTEX_POINT('',#9730);
#2413=VERTEX_POINT('',#9753);
#2414=VERTEX_POINT('',#9755);
#2415=VERTEX_POINT('',#9763);
#2416=VERTEX_POINT('',#9767);
#2417=VERTEX_POINT('',#9775);
#2418=VERTEX_POINT('',#9794);
#2419=VERTEX_POINT('',#9795);
#2420=VERTEX_POINT('',#9846);
#2421=VERTEX_POINT('',#9850);
#2422=VERTEX_POINT('',#9863);
#2423=VERTEX_POINT('',#9865);
#2424=VERTEX_POINT('',#9867);
#2425=VERTEX_POINT('',#9869);
#2426=VERTEX_POINT('',#9871);
#2427=EDGE_CURVE('',#1975,#1976,#943,.T.);
#2428=EDGE_CURVE('',#1976,#1977,#944,.T.);
#2429=EDGE_CURVE('',#1977,#1978,#945,.T.);
#2430=EDGE_CURVE('',#1978,#1975,#946,.T.);
#2431=EDGE_CURVE('',#1979,#1980,#947,.T.);
#2432=EDGE_CURVE('',#1980,#1981,#130,.T.);
#2433=EDGE_CURVE('',#1981,#1982,#948,.T.);
#2434=EDGE_CURVE('',#1982,#1979,#131,.T.);
#2435=EDGE_CURVE('',#1983,#1984,#949,.T.);
#2436=EDGE_CURVE('',#1984,#1982,#950,.T.);
#2437=EDGE_CURVE('',#1981,#1983,#951,.T.);
#2438=EDGE_CURVE('',#1985,#1986,#952,.T.);
#2439=EDGE_CURVE('',#1986,#1984,#132,.T.);
#2440=EDGE_CURVE('',#1983,#1985,#133,.T.);
#2441=EDGE_CURVE('',#1987,#1988,#953,.T.);
#2442=EDGE_CURVE('',#1988,#1989,#954,.T.);
#2443=EDGE_CURVE('',#1989,#1990,#955,.T.);
#2444=EDGE_CURVE('',#1990,#1987,#956,.T.);
#2445=EDGE_CURVE('',#1991,#1992,#957,.T.);
#2446=EDGE_CURVE('',#1992,#1993,#134,.T.);
#2447=EDGE_CURVE('',#1993,#1994,#958,.T.);
#2448=EDGE_CURVE('',#1994,#1991,#135,.T.);
#2449=EDGE_CURVE('',#1991,#1995,#959,.T.);
#2450=EDGE_CURVE('',#1995,#1996,#960,.T.);
#2451=EDGE_CURVE('',#1996,#1992,#961,.T.);
#2452=EDGE_CURVE('',#1997,#1998,#962,.T.);
#2453=EDGE_CURVE('',#1998,#1996,#136,.T.);
#2454=EDGE_CURVE('',#1995,#1997,#137,.T.);
#2455=EDGE_CURVE('',#1999,#2000,#963,.T.);
#2456=EDGE_CURVE('',#2000,#2001,#964,.T.);
#2457=EDGE_CURVE('',#2001,#2002,#965,.T.);
#2458=EDGE_CURVE('',#2002,#1999,#138,.T.);
#2459=EDGE_CURVE('',#2003,#2004,#139,.T.);
#2460=EDGE_CURVE('',#2004,#2005,#966,.T.);
#2461=EDGE_CURVE('',#2005,#1999,#140,.T.);
#2462=EDGE_CURVE('',#2002,#2003,#141,.T.);
#2463=EDGE_CURVE('',#2000,#1994,#142,.T.);
#2464=EDGE_CURVE('',#1993,#2001,#143,.T.);
#2465=EDGE_CURVE('',#1997,#1988,#144,.T.);
#2466=EDGE_CURVE('',#1987,#1998,#145,.T.);
#2467=EDGE_CURVE('',#1989,#1980,#146,.T.);
#2468=EDGE_CURVE('',#1979,#1990,#147,.T.);
#2469=EDGE_CURVE('',#1985,#1978,#148,.T.);
#2470=EDGE_CURVE('',#1977,#1986,#149,.T.);
#2471=EDGE_CURVE('',#1975,#2005,#150,.T.);
#2472=EDGE_CURVE('',#2004,#1976,#151,.T.);
#2473=EDGE_CURVE('',#2006,#1979,#967,.T.);
#2474=EDGE_CURVE('',#2007,#2006,#968,.T.);
#2475=EDGE_CURVE('',#1987,#2007,#969,.T.);
#2476=EDGE_CURVE('',#1982,#2008,#970,.T.);
#2477=EDGE_CURVE('',#2006,#2008,#62,.T.);
#2478=EDGE_CURVE('',#2009,#1984,#971,.T.);
#2479=EDGE_CURVE('',#2010,#2009,#972,.T.);
#2480=EDGE_CURVE('',#2010,#2011,#973,.T.);
#2481=EDGE_CURVE('',#2011,#2012,#974,.T.);
#2482=EDGE_CURVE('',#2012,#2013,#975,.T.);
#2483=EDGE_CURVE('',#2008,#2013,#976,.T.);
#2484=EDGE_CURVE('',#1986,#2014,#977,.T.);
#2485=EDGE_CURVE('',#2009,#2014,#63,.T.);
#2486=EDGE_CURVE('',#1976,#2015,#978,.T.);
#2487=EDGE_CURVE('',#2014,#2015,#979,.T.);
#2488=EDGE_CURVE('',#2003,#2016,#980,.T.);
#2489=EDGE_CURVE('',#2015,#2016,#64,.T.);
#2490=EDGE_CURVE('',#2017,#2018,#981,.T.);
#2491=EDGE_CURVE('',#2019,#2017,#982,.T.);
#2492=EDGE_CURVE('',#2020,#2019,#983,.T.);
#2493=EDGE_CURVE('',#2018,#2020,#984,.T.);
#2494=EDGE_CURVE('',#2021,#2022,#985,.T.);
#2495=EDGE_CURVE('',#2023,#2021,#986,.T.);
#2496=EDGE_CURVE('',#2024,#2023,#987,.T.);
#2497=EDGE_CURVE('',#2022,#2024,#988,.T.);
#2498=EDGE_CURVE('',#2025,#2026,#989,.T.);
#2499=EDGE_CURVE('',#2027,#2025,#990,.T.);
#2500=EDGE_CURVE('',#2028,#2027,#991,.T.);
#2501=EDGE_CURVE('',#2026,#2028,#992,.T.);
#2502=EDGE_CURVE('',#2029,#2030,#993,.T.);
#2503=EDGE_CURVE('',#2031,#2029,#994,.T.);
#2504=EDGE_CURVE('',#2032,#2031,#995,.T.);
#2505=EDGE_CURVE('',#2030,#2032,#996,.T.);
#2506=EDGE_CURVE('',#2019,#2033,#997,.T.);
#2507=EDGE_CURVE('',#2033,#2034,#998,.T.);
#2508=EDGE_CURVE('',#2020,#2034,#999,.T.);
#2509=EDGE_CURVE('',#2018,#2035,#1000,.T.);
#2510=EDGE_CURVE('',#2035,#2036,#1001,.T.);
#2511=EDGE_CURVE('',#2036,#2017,#1002,.T.);
#2512=EDGE_CURVE('',#2034,#2035,#1003,.T.);
#2513=EDGE_CURVE('',#2036,#2033,#1004,.T.);
#2514=EDGE_CURVE('',#2036,#2037,#1005,.T.);
#2515=EDGE_CURVE('',#2037,#2038,#1006,.T.);
#2516=EDGE_CURVE('',#2033,#2038,#1007,.T.);
#2517=EDGE_CURVE('',#2035,#2039,#1008,.T.);
#2518=EDGE_CURVE('',#2039,#2037,#1009,.T.);
#2519=EDGE_CURVE('',#2030,#2040,#1010,.T.);
#2520=EDGE_CURVE('',#2040,#2041,#1011,.T.);
#2521=EDGE_CURVE('',#2029,#2041,#1012,.T.);
#2522=EDGE_CURVE('',#2032,#2042,#1013,.T.);
#2523=EDGE_CURVE('',#2042,#2040,#1014,.T.);
#2524=EDGE_CURVE('',#2041,#2043,#1015,.T.);
#2525=EDGE_CURVE('',#2043,#2031,#1016,.T.);
#2526=EDGE_CURVE('',#2043,#2042,#1017,.T.);
#2527=EDGE_CURVE('',#2041,#2044,#1018,.T.);
#2528=EDGE_CURVE('',#2044,#2045,#1019,.T.);
#2529=EDGE_CURVE('',#2043,#2045,#1020,.T.);
#2530=EDGE_CURVE('',#2040,#2046,#1021,.T.);
#2531=EDGE_CURVE('',#2046,#2044,#1022,.T.);
#2532=EDGE_CURVE('',#2022,#2047,#1023,.T.);
#2533=EDGE_CURVE('',#2047,#2048,#1024,.T.);
#2534=EDGE_CURVE('',#2021,#2048,#1025,.T.);
#2535=EDGE_CURVE('',#2024,#2049,#1026,.T.);
#2536=EDGE_CURVE('',#2049,#2047,#1027,.T.);
#2537=EDGE_CURVE('',#2048,#2050,#1028,.T.);
#2538=EDGE_CURVE('',#2050,#2023,#1029,.T.);
#2539=EDGE_CURVE('',#2050,#2049,#1030,.T.);
#2540=EDGE_CURVE('',#2048,#2051,#1031,.T.);
#2541=EDGE_CURVE('',#2051,#2052,#1032,.T.);
#2542=EDGE_CURVE('',#2050,#2052,#1033,.T.);
#2543=EDGE_CURVE('',#2047,#2053,#1034,.T.);
#2544=EDGE_CURVE('',#2053,#2051,#1035,.T.);
#2545=EDGE_CURVE('',#2026,#2054,#1036,.T.);
#2546=EDGE_CURVE('',#2054,#2055,#1037,.T.);
#2547=EDGE_CURVE('',#2025,#2055,#1038,.T.);
#2548=EDGE_CURVE('',#2028,#2056,#1039,.T.);
#2549=EDGE_CURVE('',#2056,#2054,#1040,.T.);
#2550=EDGE_CURVE('',#2055,#2057,#1041,.T.);
#2551=EDGE_CURVE('',#2057,#2027,#1042,.T.);
#2552=EDGE_CURVE('',#2057,#2056,#1043,.T.);
#2553=EDGE_CURVE('',#2055,#2058,#1044,.T.);
#2554=EDGE_CURVE('',#2058,#2059,#1045,.T.);
#2555=EDGE_CURVE('',#2057,#2059,#1046,.T.);
#2556=EDGE_CURVE('',#2054,#2060,#1047,.T.);
#2557=EDGE_CURVE('',#2060,#2058,#1048,.T.);
#2558=EDGE_CURVE('',#2042,#2061,#1049,.T.);
#2559=EDGE_CURVE('',#2061,#2046,#1050,.T.);
#2560=EDGE_CURVE('',#2045,#2061,#1051,.T.);
#2561=EDGE_CURVE('',#2034,#2062,#1052,.T.);
#2562=EDGE_CURVE('',#2062,#2039,#1053,.T.);
#2563=EDGE_CURVE('',#2038,#2062,#1054,.T.);
#2564=EDGE_CURVE('',#2049,#2063,#1055,.T.);
#2565=EDGE_CURVE('',#2063,#2053,#1056,.T.);
#2566=EDGE_CURVE('',#2052,#2063,#1057,.T.);
#2567=EDGE_CURVE('',#2056,#2064,#1058,.T.);
#2568=EDGE_CURVE('',#2064,#2060,#1059,.T.);
#2569=EDGE_CURVE('',#2059,#2064,#1060,.T.);
#2570=EDGE_CURVE('',#2001,#2065,#1061,.T.);
#2571=EDGE_CURVE('',#2066,#2065,#1062,.T.);
#2572=EDGE_CURVE('',#2016,#2066,#152,.T.);
#2573=EDGE_CURVE('',#1992,#2067,#1063,.T.);
#2574=EDGE_CURVE('',#2065,#2067,#65,.T.);
#2575=EDGE_CURVE('',#1996,#2068,#1064,.T.);
#2576=EDGE_CURVE('',#2067,#2068,#1065,.T.);
#2577=EDGE_CURVE('',#2068,#2007,#66,.T.);
#2578=EDGE_CURVE('',#2069,#2070,#1066,.T.);
#2579=EDGE_CURVE('',#2070,#2071,#153,.T.);
#2580=EDGE_CURVE('',#2071,#2072,#1067,.T.);
#2581=EDGE_CURVE('',#2072,#2069,#154,.T.);
#2582=EDGE_CURVE('',#2073,#2074,#1068,.F.);
#2583=EDGE_CURVE('',#2073,#2075,#1069,.T.);
#2584=EDGE_CURVE('',#2076,#2075,#1070,.F.);
#2585=EDGE_CURVE('',#2076,#2072,#1071,.T.);
#2586=EDGE_CURVE('',#2071,#2077,#1072,.T.);
#2587=EDGE_CURVE('',#2077,#2078,#1073,.T.);
#2588=EDGE_CURVE('',#2078,#2074,#1074,.T.);
#2589=EDGE_CURVE('',#2079,#2080,#1075,.T.);
#2590=EDGE_CURVE('',#2080,#2078,#155,.T.);
#2591=EDGE_CURVE('',#2077,#2079,#156,.T.);
#2592=EDGE_CURVE('',#2081,#2082,#1076,.T.);
#2593=EDGE_CURVE('',#2082,#2083,#157,.T.);
#2594=EDGE_CURVE('',#2083,#2084,#1077,.T.);
#2595=EDGE_CURVE('',#2084,#2081,#158,.T.);
#2596=EDGE_CURVE('',#2085,#2082,#1078,.T.);
#2597=EDGE_CURVE('',#2081,#2086,#1079,.T.);
#2598=EDGE_CURVE('',#2086,#2085,#1080,.T.);
#2599=EDGE_CURVE('',#2086,#2087,#1081,.T.);
#2600=EDGE_CURVE('',#2087,#2088,#1082,.T.);
#2601=EDGE_CURVE('',#2088,#2089,#1083,.T.);
#2602=EDGE_CURVE('',#2089,#2085,#1084,.T.);
#2603=EDGE_CURVE('',#2090,#2091,#1085,.T.);
#2604=EDGE_CURVE('',#2091,#2092,#159,.T.);
#2605=EDGE_CURVE('',#2092,#2093,#1086,.T.);
#2606=EDGE_CURVE('',#2093,#2090,#160,.T.);
#2607=EDGE_CURVE('',#2092,#2088,#161,.T.);
#2608=EDGE_CURVE('',#2087,#2093,#162,.T.);
#2609=EDGE_CURVE('',#2094,#2095,#1087,.T.);
#2610=EDGE_CURVE('',#2095,#2096,#1088,.T.);
#2611=EDGE_CURVE('',#2096,#2097,#1089,.T.);
#2612=EDGE_CURVE('',#2097,#2094,#1090,.T.);
#2613=EDGE_CURVE('',#2094,#2091,#163,.T.);
#2614=EDGE_CURVE('',#2090,#2095,#164,.T.);
#2615=EDGE_CURVE('',#2098,#2099,#1091,.T.);
#2616=EDGE_CURVE('',#2099,#2100,#165,.T.);
#2617=EDGE_CURVE('',#2100,#2101,#1092,.T.);
#2618=EDGE_CURVE('',#2101,#2098,#166,.T.);
#2619=EDGE_CURVE('',#2098,#2097,#167,.T.);
#2620=EDGE_CURVE('',#2096,#2099,#168,.T.);
#2621=EDGE_CURVE('',#2102,#2103,#1093,.T.);
#2622=EDGE_CURVE('',#2103,#2104,#1094,.T.);
#2623=EDGE_CURVE('',#2104,#2105,#1095,.T.);
#2624=EDGE_CURVE('',#2105,#2102,#1096,.T.);
#2625=EDGE_CURVE('',#2102,#2101,#169,.T.);
#2626=EDGE_CURVE('',#2100,#2103,#170,.T.);
#2627=EDGE_CURVE('',#2106,#2107,#1097,.T.);
#2628=EDGE_CURVE('',#2107,#2070,#171,.T.);
#2629=EDGE_CURVE('',#2069,#2106,#172,.T.);
#2630=EDGE_CURVE('',#2106,#2105,#173,.T.);
#2631=EDGE_CURVE('',#2104,#2107,#174,.T.);
#2632=EDGE_CURVE('',#2108,#2109,#1098,.T.);
#2633=EDGE_CURVE('',#2109,#2110,#1099,.T.);
#2634=EDGE_CURVE('',#2110,#2111,#1100,.T.);
#2635=EDGE_CURVE('',#2111,#2108,#1101,.T.);
#2636=EDGE_CURVE('',#2110,#2080,#175,.T.);
#2637=EDGE_CURVE('',#2079,#2111,#176,.T.);
#2638=EDGE_CURVE('',#2083,#2109,#177,.T.);
#2639=EDGE_CURVE('',#2108,#2084,#178,.T.);
#2640=EDGE_CURVE('',#2112,#2106,#1102,.T.);
#2641=EDGE_CURVE('',#2112,#2113,#1103,.T.);
#2642=EDGE_CURVE('',#2114,#2113,#1104,.T.);
#2643=EDGE_CURVE('',#2115,#2114,#1105,.T.);
#2644=EDGE_CURVE('',#2115,#2102,#1106,.T.);
#2645=EDGE_CURVE('',#2116,#2069,#1107,.T.);
#2646=EDGE_CURVE('',#2112,#2116,#67,.T.);
#2647=EDGE_CURVE('',#2117,#2072,#1108,.T.);
#2648=EDGE_CURVE('',#2116,#2117,#179,.T.);
#2649=EDGE_CURVE('',#2118,#2078,#1109,.T.);
#2650=EDGE_CURVE('',#2119,#2118,#1110,.T.);
#2651=EDGE_CURVE('',#2119,#2074,#1111,.T.);
#2652=EDGE_CURVE('',#2076,#2120,#1112,.T.);
#2653=EDGE_CURVE('',#2117,#2120,#1113,.T.);
#2654=EDGE_CURVE('',#2121,#2080,#1114,.T.);
#2655=EDGE_CURVE('',#2118,#2121,#68,.T.);
#2656=EDGE_CURVE('',#2122,#2109,#1115,.T.);
#2657=EDGE_CURVE('',#2122,#2123,#1116,.T.);
#2658=EDGE_CURVE('',#2124,#2123,#1117,.T.);
#2659=EDGE_CURVE('',#2121,#2124,#1118,.T.);
#2660=EDGE_CURVE('',#2125,#2126,#1119,.T.);
#2661=EDGE_CURVE('',#2126,#2127,#1120,.T.);
#2662=EDGE_CURVE('',#2127,#2128,#1121,.T.);
#2663=EDGE_CURVE('',#2128,#2129,#1122,.T.);
#2664=EDGE_CURVE('',#2125,#2129,#1123,.T.);
#2665=EDGE_CURVE('',#2128,#2130,#1124,.T.);
#2666=EDGE_CURVE('',#2130,#2131,#1125,.T.);
#2667=EDGE_CURVE('',#2131,#2129,#1126,.T.);
#2668=EDGE_CURVE('',#2132,#2133,#1127,.T.);
#2669=EDGE_CURVE('',#2133,#2131,#180,.T.);
#2670=EDGE_CURVE('',#2130,#2132,#181,.T.);
#2671=EDGE_CURVE('',#2134,#2135,#1128,.T.);
#2672=EDGE_CURVE('',#2135,#2136,#1129,.T.);
#2673=EDGE_CURVE('',#2136,#2137,#1130,.T.);
#2674=EDGE_CURVE('',#2137,#2134,#1131,.T.);
#2675=EDGE_CURVE('',#2136,#2133,#182,.T.);
#2676=EDGE_CURVE('',#2132,#2137,#183,.T.);
#2677=EDGE_CURVE('',#2138,#2139,#1132,.T.);
#2678=EDGE_CURVE('',#2139,#2140,#184,.T.);
#2679=EDGE_CURVE('',#2140,#2141,#1133,.T.);
#2680=EDGE_CURVE('',#2141,#2138,#185,.T.);
#2681=EDGE_CURVE('',#2142,#2143,#1134,.T.);
#2682=EDGE_CURVE('',#2143,#2139,#1135,.T.);
#2683=EDGE_CURVE('',#2138,#2142,#1136,.T.);
#2684=EDGE_CURVE('',#2144,#2145,#1137,.T.);
#2685=EDGE_CURVE('',#2145,#2143,#186,.T.);
#2686=EDGE_CURVE('',#2142,#2144,#187,.T.);
#2687=EDGE_CURVE('',#2140,#2135,#188,.T.);
#2688=EDGE_CURVE('',#2134,#2141,#189,.T.);
#2689=EDGE_CURVE('',#2146,#2147,#1138,.T.);
#2690=EDGE_CURVE('',#2147,#2148,#1139,.T.);
#2691=EDGE_CURVE('',#2148,#2149,#1140,.T.);
#2692=EDGE_CURVE('',#2149,#2146,#1141,.T.);
#2693=EDGE_CURVE('',#2146,#2145,#190,.T.);
#2694=EDGE_CURVE('',#2144,#2147,#191,.T.);
#2695=EDGE_CURVE('',#2150,#2151,#1142,.T.);
#2696=EDGE_CURVE('',#2151,#2152,#192,.T.);
#2697=EDGE_CURVE('',#2152,#2153,#1143,.T.);
#2698=EDGE_CURVE('',#2153,#2150,#193,.T.);
#2699=EDGE_CURVE('',#2150,#2149,#194,.T.);
#2700=EDGE_CURVE('',#2148,#2151,#195,.T.);
#2701=EDGE_CURVE('',#2126,#2153,#196,.T.);
#2702=EDGE_CURVE('',#2152,#2127,#197,.T.);
#2703=EDGE_CURVE('',#2154,#2139,#1144,.T.);
#2704=EDGE_CURVE('',#2155,#2154,#198,.T.);
#2705=EDGE_CURVE('',#2155,#2135,#1145,.T.);
#2706=EDGE_CURVE('',#2156,#2143,#1146,.T.);
#2707=EDGE_CURVE('',#2154,#2156,#1147,.T.);
#2708=EDGE_CURVE('',#2157,#2146,#1148,.T.);
#2709=EDGE_CURVE('',#2156,#2157,#199,.T.);
#2710=EDGE_CURVE('',#2158,#2150,#1149,.T.);
#2711=EDGE_CURVE('',#2159,#2158,#1150,.T.);
#2712=EDGE_CURVE('',#2157,#2159,#200,.T.);
#2713=EDGE_CURVE('',#2011,#2075,#1151,.T.);
#2714=EDGE_CURVE('',#2160,#2010,#69,.T.);
#2715=EDGE_CURVE('',#2161,#2160,#1152,.T.);
#2716=EDGE_CURVE('',#2162,#2161,#1153,.T.);
#2717=EDGE_CURVE('',#2120,#2162,#1154,.T.);
#2718=EDGE_CURVE('',#2163,#2119,#1155,.T.);
#2719=EDGE_CURVE('',#2164,#2163,#1156,.T.);
#2720=EDGE_CURVE('',#2165,#2164,#1157,.T.);
#2721=EDGE_CURVE('',#2013,#2165,#70,.T.);
#2722=EDGE_CURVE('',#2012,#2073,#1158,.F.);
#2723=EDGE_CURVE('',#2118,#2166,#1159,.T.);
#2724=EDGE_CURVE('',#2163,#2166,#1160,.T.);
#2725=EDGE_CURVE('',#2167,#2162,#1161,.T.);
#2726=EDGE_CURVE('',#2117,#2167,#1162,.T.);
#2727=EDGE_CURVE('',#2166,#2168,#1163,.T.);
#2728=EDGE_CURVE('',#2168,#2164,#1164,.T.);
#2729=EDGE_CURVE('',#2161,#2169,#1165,.T.);
#2730=EDGE_CURVE('',#2167,#2169,#1166,.T.);
#2731=EDGE_CURVE('',#2170,#2160,#1167,.T.);
#2732=EDGE_CURVE('',#2171,#2170,#71,.T.);
#2733=EDGE_CURVE('',#2172,#2171,#1168,.T.);
#2734=EDGE_CURVE('',#2173,#2172,#72,.T.);
#2735=EDGE_CURVE('',#2174,#2173,#1169,.T.);
#2736=EDGE_CURVE('',#2175,#2174,#73,.T.);
#2737=EDGE_CURVE('',#2176,#2175,#1170,.T.);
#2738=EDGE_CURVE('',#2177,#2176,#74,.T.);
#2739=EDGE_CURVE('',#2178,#2177,#1171,.T.);
#2740=EDGE_CURVE('',#2179,#2178,#75,.T.);
#2741=EDGE_CURVE('',#2165,#2179,#1172,.T.);
#2742=EDGE_CURVE('',#2180,#2168,#201,.T.);
#2743=EDGE_CURVE('',#2181,#2180,#1173,.T.);
#2744=EDGE_CURVE('',#2182,#2181,#202,.T.);
#2745=EDGE_CURVE('',#2183,#2182,#1174,.T.);
#2746=EDGE_CURVE('',#2184,#2183,#1175,.T.);
#2747=EDGE_CURVE('',#2185,#2184,#203,.T.);
#2748=EDGE_CURVE('',#2186,#2185,#1176,.T.);
#2749=EDGE_CURVE('',#2187,#2186,#204,.T.);
#2750=EDGE_CURVE('',#2188,#2187,#1177,.T.);
#2751=EDGE_CURVE('',#2189,#2188,#205,.T.);
#2752=EDGE_CURVE('',#2169,#2189,#206,.T.);
#2753=EDGE_CURVE('',#2190,#2191,#207,.T.);
#2754=EDGE_CURVE('',#2192,#2190,#208,.T.);
#2755=EDGE_CURVE('',#2193,#2192,#1178,.T.);
#2756=EDGE_CURVE('',#2194,#2193,#1179,.T.);
#2757=EDGE_CURVE('',#2195,#2194,#209,.T.);
#2758=EDGE_CURVE('',#2196,#2195,#210,.T.);
#2759=EDGE_CURVE('',#2197,#2196,#1180,.T.);
#2760=EDGE_CURVE('',#2198,#2197,#211,.T.);
#2761=EDGE_CURVE('',#2199,#2198,#212,.T.);
#2762=EDGE_CURVE('',#2200,#2199,#1181,.T.);
#2763=EDGE_CURVE('',#2201,#2200,#213,.T.);
#2764=EDGE_CURVE('',#2202,#2201,#214,.T.);
#2765=EDGE_CURVE('',#2203,#2202,#1182,.T.);
#2766=EDGE_CURVE('',#2191,#2203,#215,.T.);
#2767=EDGE_CURVE('',#2179,#2008,#27,.T.);
#2768=EDGE_CURVE('',#2170,#2009,#28,.T.);
#2769=EDGE_CURVE('',#2204,#2205,#1183,.T.);
#2770=EDGE_CURVE('',#2205,#2194,#1184,.T.);
#2771=EDGE_CURVE('',#2193,#2204,#1185,.T.);
#2772=EDGE_CURVE('',#2206,#2195,#1186,.T.);
#2773=EDGE_CURVE('',#2205,#2206,#216,.T.);
#2774=EDGE_CURVE('',#2192,#2207,#1187,.T.);
#2775=EDGE_CURVE('',#2207,#2208,#1188,.T.);
#2776=EDGE_CURVE('',#2208,#2204,#1189,.T.);
#2777=EDGE_CURVE('',#2196,#2209,#1190,.T.);
#2778=EDGE_CURVE('',#2209,#2210,#1191,.T.);
#2779=EDGE_CURVE('',#2210,#2197,#1192,.T.);
#2780=EDGE_CURVE('',#2206,#2209,#217,.T.);
#2781=EDGE_CURVE('',#2198,#2155,#1193,.T.);
#2782=EDGE_CURVE('',#2154,#2199,#1194,.T.);
#2783=EDGE_CURVE('',#2156,#2200,#1195,.T.);
#2784=EDGE_CURVE('',#2157,#2201,#1196,.T.);
#2785=EDGE_CURVE('',#2210,#2155,#218,.T.);
#2786=EDGE_CURVE('',#2158,#2203,#1197,.T.);
#2787=EDGE_CURVE('',#2202,#2159,#1198,.T.);
#2788=EDGE_CURVE('',#2211,#2190,#1199,.T.);
#2789=EDGE_CURVE('',#2191,#2212,#1200,.T.);
#2790=EDGE_CURVE('',#2212,#2211,#219,.T.);
#2791=EDGE_CURVE('',#2158,#2212,#220,.T.);
#2792=EDGE_CURVE('',#2211,#2207,#221,.T.);
#2793=EDGE_CURVE('',#2209,#2133,#1201,.T.);
#2794=EDGE_CURVE('',#2205,#2131,#1202,.T.);
#2795=EDGE_CURVE('',#2208,#2125,#1203,.T.);
#2796=EDGE_CURVE('',#2211,#2126,#1204,.T.);
#2797=EDGE_CURVE('',#2213,#2214,#1205,.T.);
#2798=EDGE_CURVE('',#2214,#2184,#1206,.T.);
#2799=EDGE_CURVE('',#2183,#2213,#1207,.T.);
#2800=EDGE_CURVE('',#2215,#2185,#1208,.T.);
#2801=EDGE_CURVE('',#2214,#2215,#222,.T.);
#2802=EDGE_CURVE('',#2216,#2186,#1209,.T.);
#2803=EDGE_CURVE('',#2215,#2216,#1210,.T.);
#2804=EDGE_CURVE('',#2114,#2187,#1211,.T.);
#2805=EDGE_CURVE('',#2216,#2114,#223,.T.);
#2806=EDGE_CURVE('',#2113,#2188,#1212,.T.);
#2807=EDGE_CURVE('',#2217,#2189,#1213,.T.);
#2808=EDGE_CURVE('',#2113,#2217,#224,.T.);
#2809=EDGE_CURVE('',#2217,#2167,#225,.T.);
#2810=EDGE_CURVE('',#2124,#2180,#1214,.T.);
#2811=EDGE_CURVE('',#2166,#2124,#226,.T.);
#2812=EDGE_CURVE('',#2123,#2181,#1215,.T.);
#2813=EDGE_CURVE('',#2218,#2182,#1216,.T.);
#2814=EDGE_CURVE('',#2123,#2218,#227,.T.);
#2815=EDGE_CURVE('',#2218,#2213,#1217,.T.);
#2816=EDGE_CURVE('',#2116,#2217,#1218,.T.);
#2817=EDGE_CURVE('',#2219,#2216,#1219,.T.);
#2818=EDGE_CURVE('',#2219,#2115,#76,.T.);
#2819=EDGE_CURVE('',#2220,#2215,#1220,.T.);
#2820=EDGE_CURVE('',#2220,#2219,#1221,.T.);
#2821=EDGE_CURVE('',#2221,#2214,#1222,.T.);
#2822=EDGE_CURVE('',#2221,#2220,#77,.T.);
#2823=EDGE_CURVE('',#2222,#2213,#1223,.T.);
#2824=EDGE_CURVE('',#2222,#2221,#1224,.T.);
#2825=EDGE_CURVE('',#2172,#2015,#29,.T.);
#2826=EDGE_CURVE('',#2173,#2066,#228,.T.);
#2827=EDGE_CURVE('',#2171,#2014,#30,.T.);
#2828=EDGE_CURVE('',#2178,#2006,#31,.T.);
#2829=EDGE_CURVE('',#2177,#2007,#32,.T.);
#2830=EDGE_CURVE('',#2176,#2068,#33,.T.);
#2831=EDGE_CURVE('',#2175,#2067,#34,.T.);
#2832=EDGE_CURVE('',#2174,#2065,#35,.T.);
#2833=EDGE_CURVE('',#2223,#2218,#1225,.T.);
#2834=EDGE_CURVE('',#2223,#2222,#1226,.T.);
#2835=EDGE_CURVE('',#2122,#2223,#78,.T.);
#2836=EDGE_CURVE('',#2219,#2098,#1227,.T.);
#2837=EDGE_CURVE('',#2220,#2094,#1228,.T.);
#2838=EDGE_CURVE('',#2221,#2088,#1229,.T.);
#2839=EDGE_CURVE('',#2222,#2089,#1230,.T.);
#2840=EDGE_CURVE('',#2223,#2082,#1231,.T.);
#2841=EDGE_CURVE('',#2224,#2225,#229,.T.);
#2842=EDGE_CURVE('',#2225,#2226,#1232,.T.);
#2843=EDGE_CURVE('',#2226,#2227,#230,.T.);
#2844=EDGE_CURVE('',#2227,#2224,#231,.T.);
#2845=EDGE_CURVE('',#2227,#2228,#1233,.T.);
#2846=EDGE_CURVE('',#2228,#2229,#1234,.T.);
#2847=EDGE_CURVE('',#2229,#2230,#1235,.T.);
#2848=EDGE_CURVE('',#2230,#2224,#79,.T.);
#2849=EDGE_CURVE('',#2231,#2232,#1236,.T.);
#2850=EDGE_CURVE('',#2232,#2233,#232,.T.);
#2851=EDGE_CURVE('',#2233,#2234,#1237,.T.);
#2852=EDGE_CURVE('',#2234,#2231,#233,.T.);
#2853=EDGE_CURVE('',#2231,#2229,#234,.T.);
#2854=EDGE_CURVE('',#2228,#2232,#235,.T.);
#2855=EDGE_CURVE('',#2235,#2236,#1238,.T.);
#2856=EDGE_CURVE('',#2236,#2237,#1239,.T.);
#2857=EDGE_CURVE('',#2237,#2238,#1240,.T.);
#2858=EDGE_CURVE('',#2238,#2235,#1241,.T.);
#2859=EDGE_CURVE('',#2237,#2234,#236,.T.);
#2860=EDGE_CURVE('',#2233,#2238,#237,.T.);
#2861=EDGE_CURVE('',#2225,#2239,#1242,.T.);
#2862=EDGE_CURVE('',#2239,#2240,#1243,.T.);
#2863=EDGE_CURVE('',#2240,#2226,#1244,.T.);
#2864=EDGE_CURVE('',#2241,#2242,#1245,.T.);
#2865=EDGE_CURVE('',#2242,#2243,#1246,.T.);
#2866=EDGE_CURVE('',#2243,#2244,#1247,.T.);
#2867=EDGE_CURVE('',#2244,#2241,#1248,.T.);
#2868=EDGE_CURVE('',#2239,#2245,#238,.T.);
#2869=EDGE_CURVE('',#2245,#2246,#1249,.T.);
#2870=EDGE_CURVE('',#2246,#2240,#239,.T.);
#2871=EDGE_CURVE('',#2245,#2244,#240,.T.);
#2872=EDGE_CURVE('',#2243,#2246,#241,.T.);
#2873=EDGE_CURVE('',#2247,#2242,#1250,.T.);
#2874=EDGE_CURVE('',#2248,#2247,#1251,.T.);
#2875=EDGE_CURVE('',#2235,#2248,#1252,.T.);
#2876=EDGE_CURVE('',#2249,#2249,#36,.T.);
#2877=EDGE_CURVE('',#2250,#2250,#37,.T.);
#2878=EDGE_CURVE('',#2251,#2241,#1253,.T.);
#2879=EDGE_CURVE('',#2251,#2252,#1254,.T.);
#2880=EDGE_CURVE('',#2252,#2253,#1255,.T.);
#2881=EDGE_CURVE('',#2253,#2247,#1256,.T.);
#2882=EDGE_CURVE('',#2254,#2244,#1257,.T.);
#2883=EDGE_CURVE('',#2254,#2251,#1258,.T.);
#2884=EDGE_CURVE('',#2255,#2256,#1259,.T.);
#2885=EDGE_CURVE('',#2255,#2257,#1260,.T.);
#2886=EDGE_CURVE('',#2257,#2258,#1261,.T.);
#2887=EDGE_CURVE('',#2256,#2258,#1262,.T.);
#2888=EDGE_CURVE('',#2259,#2255,#1263,.T.);
#2889=EDGE_CURVE('',#2259,#2260,#1264,.T.);
#2890=EDGE_CURVE('',#2260,#2257,#1265,.T.);
#2891=EDGE_CURVE('',#2261,#2259,#1266,.T.);
#2892=EDGE_CURVE('',#2261,#2262,#1267,.T.);
#2893=EDGE_CURVE('',#2262,#2260,#1268,.T.);
#2894=EDGE_CURVE('',#2263,#2261,#242,.T.);
#2895=EDGE_CURVE('',#2263,#2264,#1269,.T.);
#2896=EDGE_CURVE('',#2264,#2262,#243,.T.);
#2897=EDGE_CURVE('',#2265,#2263,#244,.T.);
#2898=EDGE_CURVE('',#2265,#2266,#1270,.T.);
#2899=EDGE_CURVE('',#2266,#2264,#245,.T.);
#2900=EDGE_CURVE('',#2267,#2265,#246,.T.);
#2901=EDGE_CURVE('',#2267,#2268,#1271,.T.);
#2902=EDGE_CURVE('',#2268,#2266,#247,.T.);
#2903=EDGE_CURVE('',#2269,#2267,#248,.T.);
#2904=EDGE_CURVE('',#2269,#2270,#1272,.T.);
#2905=EDGE_CURVE('',#2270,#2268,#249,.T.);
#2906=EDGE_CURVE('',#2271,#2269,#250,.T.);
#2907=EDGE_CURVE('',#2271,#2272,#1273,.T.);
#2908=EDGE_CURVE('',#2272,#2270,#251,.T.);
#2909=EDGE_CURVE('',#2273,#2271,#1274,.T.);
#2910=EDGE_CURVE('',#2273,#2274,#1275,.T.);
#2911=EDGE_CURVE('',#2274,#2272,#1276,.T.);
#2912=EDGE_CURVE('',#2275,#2273,#252,.T.);
#2913=EDGE_CURVE('',#2275,#2276,#1277,.T.);
#2914=EDGE_CURVE('',#2276,#2274,#253,.T.);
#2915=EDGE_CURVE('',#2277,#2275,#254,.T.);
#2916=EDGE_CURVE('',#2277,#2278,#1278,.T.);
#2917=EDGE_CURVE('',#2278,#2276,#255,.T.);
#2918=EDGE_CURVE('',#2279,#2277,#256,.T.);
#2919=EDGE_CURVE('',#2279,#2280,#1279,.T.);
#2920=EDGE_CURVE('',#2280,#2278,#257,.T.);
#2921=EDGE_CURVE('',#2281,#2279,#258,.T.);
#2922=EDGE_CURVE('',#2281,#2282,#1280,.T.);
#2923=EDGE_CURVE('',#2282,#2280,#259,.T.);
#2924=EDGE_CURVE('',#2283,#2281,#260,.T.);
#2925=EDGE_CURVE('',#2283,#2284,#1281,.T.);
#2926=EDGE_CURVE('',#2284,#2282,#261,.T.);
#2927=EDGE_CURVE('',#2285,#2283,#262,.T.);
#2928=EDGE_CURVE('',#2285,#2286,#1282,.T.);
#2929=EDGE_CURVE('',#2286,#2284,#263,.T.);
#2930=EDGE_CURVE('',#2287,#2285,#1283,.T.);
#2931=EDGE_CURVE('',#2287,#2288,#1284,.T.);
#2932=EDGE_CURVE('',#2288,#2286,#1285,.T.);
#2933=EDGE_CURVE('',#2289,#2287,#1286,.T.);
#2934=EDGE_CURVE('',#2289,#2290,#1287,.T.);
#2935=EDGE_CURVE('',#2290,#2288,#1288,.T.);
#2936=EDGE_CURVE('',#2256,#2289,#1289,.T.);
#2937=EDGE_CURVE('',#2258,#2290,#1290,.T.);
#2938=EDGE_CURVE('',#2291,#2292,#1291,.T.);
#2939=EDGE_CURVE('',#2291,#2293,#1292,.T.);
#2940=EDGE_CURVE('',#2293,#2294,#1293,.T.);
#2941=EDGE_CURVE('',#2292,#2294,#1294,.T.);
#2942=EDGE_CURVE('',#2295,#2291,#1295,.T.);
#2943=EDGE_CURVE('',#2295,#2296,#1296,.T.);
#2944=EDGE_CURVE('',#2296,#2293,#1297,.T.);
#2945=EDGE_CURVE('',#2297,#2295,#1298,.T.);
#2946=EDGE_CURVE('',#2297,#2298,#1299,.T.);
#2947=EDGE_CURVE('',#2298,#2296,#1300,.T.);
#2948=EDGE_CURVE('',#2299,#2297,#1301,.T.);
#2949=EDGE_CURVE('',#2299,#2300,#1302,.T.);
#2950=EDGE_CURVE('',#2300,#2298,#1303,.T.);
#2951=EDGE_CURVE('',#2301,#2299,#1304,.T.);
#2952=EDGE_CURVE('',#2301,#2302,#1305,.T.);
#2953=EDGE_CURVE('',#2302,#2300,#1306,.T.);
#2954=EDGE_CURVE('',#2303,#2301,#1307,.T.);
#2955=EDGE_CURVE('',#2303,#2304,#1308,.T.);
#2956=EDGE_CURVE('',#2304,#2302,#1309,.T.);
#2957=EDGE_CURVE('',#2305,#2303,#1310,.T.);
#2958=EDGE_CURVE('',#2305,#2306,#1311,.T.);
#2959=EDGE_CURVE('',#2306,#2304,#1312,.T.);
#2960=EDGE_CURVE('',#2307,#2305,#1313,.T.);
#2961=EDGE_CURVE('',#2307,#2308,#1314,.T.);
#2962=EDGE_CURVE('',#2308,#2306,#1315,.T.);
#2963=EDGE_CURVE('',#2309,#2307,#1316,.T.);
#2964=EDGE_CURVE('',#2309,#2310,#1317,.T.);
#2965=EDGE_CURVE('',#2310,#2308,#1318,.T.);
#2966=EDGE_CURVE('',#2311,#2309,#1319,.T.);
#2967=EDGE_CURVE('',#2311,#2312,#1320,.T.);
#2968=EDGE_CURVE('',#2312,#2310,#1321,.T.);
#2969=EDGE_CURVE('',#2313,#2311,#1322,.T.);
#2970=EDGE_CURVE('',#2313,#2314,#1323,.T.);
#2971=EDGE_CURVE('',#2314,#2312,#1324,.T.);
#2972=EDGE_CURVE('',#2315,#2313,#1325,.T.);
#2973=EDGE_CURVE('',#2315,#2316,#1326,.T.);
#2974=EDGE_CURVE('',#2316,#2314,#1327,.T.);
#2975=EDGE_CURVE('',#2292,#2315,#1328,.T.);
#2976=EDGE_CURVE('',#2294,#2316,#1329,.T.);
#2977=EDGE_CURVE('',#2317,#2318,#1330,.T.);
#2978=EDGE_CURVE('',#2317,#2319,#1331,.T.);
#2979=EDGE_CURVE('',#2319,#2320,#1332,.T.);
#2980=EDGE_CURVE('',#2318,#2320,#1333,.T.);
#2981=EDGE_CURVE('',#2321,#2317,#1334,.T.);
#2982=EDGE_CURVE('',#2321,#2322,#1335,.T.);
#2983=EDGE_CURVE('',#2322,#2319,#1336,.T.);
#2984=EDGE_CURVE('',#2323,#2321,#1337,.T.);
#2985=EDGE_CURVE('',#2323,#2324,#1338,.T.);
#2986=EDGE_CURVE('',#2324,#2322,#1339,.T.);
#2987=EDGE_CURVE('',#2325,#2323,#1340,.T.);
#2988=EDGE_CURVE('',#2325,#2326,#1341,.T.);
#2989=EDGE_CURVE('',#2326,#2324,#1342,.T.);
#2990=EDGE_CURVE('',#2327,#2325,#1343,.T.);
#2991=EDGE_CURVE('',#2327,#2328,#1344,.T.);
#2992=EDGE_CURVE('',#2328,#2326,#1345,.T.);
#2993=EDGE_CURVE('',#2329,#2327,#1346,.T.);
#2994=EDGE_CURVE('',#2329,#2330,#1347,.T.);
#2995=EDGE_CURVE('',#2330,#2328,#1348,.T.);
#2996=EDGE_CURVE('',#2331,#2329,#1349,.T.);
#2997=EDGE_CURVE('',#2331,#2332,#1350,.T.);
#2998=EDGE_CURVE('',#2332,#2330,#1351,.T.);
#2999=EDGE_CURVE('',#2333,#2331,#1352,.T.);
#3000=EDGE_CURVE('',#2333,#2334,#1353,.T.);
#3001=EDGE_CURVE('',#2334,#2332,#1354,.T.);
#3002=EDGE_CURVE('',#2335,#2333,#1355,.T.);
#3003=EDGE_CURVE('',#2335,#2336,#1356,.T.);
#3004=EDGE_CURVE('',#2336,#2334,#1357,.T.);
#3005=EDGE_CURVE('',#2337,#2335,#1358,.T.);
#3006=EDGE_CURVE('',#2337,#2338,#1359,.T.);
#3007=EDGE_CURVE('',#2338,#2336,#1360,.T.);
#3008=EDGE_CURVE('',#2339,#2337,#1361,.T.);
#3009=EDGE_CURVE('',#2339,#2340,#1362,.T.);
#3010=EDGE_CURVE('',#2340,#2338,#1363,.T.);
#3011=EDGE_CURVE('',#2341,#2339,#1364,.T.);
#3012=EDGE_CURVE('',#2341,#2342,#1365,.T.);
#3013=EDGE_CURVE('',#2342,#2340,#1366,.T.);
#3014=EDGE_CURVE('',#2343,#2341,#1367,.T.);
#3015=EDGE_CURVE('',#2343,#2344,#1368,.T.);
#3016=EDGE_CURVE('',#2344,#2342,#1369,.T.);
#3017=EDGE_CURVE('',#2345,#2343,#1370,.T.);
#3018=EDGE_CURVE('',#2345,#2346,#1371,.T.);
#3019=EDGE_CURVE('',#2346,#2344,#1372,.T.);
#3020=EDGE_CURVE('',#2318,#2345,#1373,.T.);
#3021=EDGE_CURVE('',#2320,#2346,#1374,.T.);
#3022=EDGE_CURVE('',#2249,#2347,#1375,.T.);
#3023=EDGE_CURVE('',#2347,#2347,#38,.T.);
#3024=EDGE_CURVE('',#2347,#2348,#1376,.T.);
#3025=EDGE_CURVE('',#2348,#2348,#39,.T.);
#3026=EDGE_CURVE('',#2250,#2349,#1377,.T.);
#3027=EDGE_CURVE('',#2349,#2349,#40,.T.);
#3028=EDGE_CURVE('',#2349,#2350,#1378,.T.);
#3029=EDGE_CURVE('',#2350,#2350,#41,.T.);
#3030=EDGE_CURVE('',#2351,#2352,#80,.T.);
#3031=EDGE_CURVE('',#2352,#2353,#1379,.T.);
#3032=EDGE_CURVE('',#2353,#2354,#42,.F.);
#3033=EDGE_CURVE('',#2354,#2355,#1380,.T.);
#3034=EDGE_CURVE('',#2355,#2351,#81,.T.);
#3035=EDGE_CURVE('',#2356,#2352,#1381,.T.);
#3036=EDGE_CURVE('',#2357,#2356,#1382,.T.);
#3037=EDGE_CURVE('',#2353,#2357,#1383,.T.);
#3038=EDGE_CURVE('',#2358,#2351,#1384,.T.);
#3039=EDGE_CURVE('',#2358,#2359,#1385,.T.);
#3040=EDGE_CURVE('',#2359,#2360,#1386,.T.);
#3041=EDGE_CURVE('',#2356,#2360,#82,.T.);
#3042=EDGE_CURVE('',#2355,#2361,#1387,.T.);
#3043=EDGE_CURVE('',#2362,#2361,#83,.T.);
#3044=EDGE_CURVE('',#2363,#2362,#1388,.T.);
#3045=EDGE_CURVE('',#2363,#2358,#1389,.T.);
#3046=EDGE_CURVE('',#2361,#2364,#1390,.T.);
#3047=EDGE_CURVE('',#2364,#2365,#43,.F.);
#3048=EDGE_CURVE('',#2365,#2366,#1391,.T.);
#3049=EDGE_CURVE('',#2366,#2362,#84,.T.);
#3050=EDGE_CURVE('',#2366,#2367,#1392,.T.);
#3051=EDGE_CURVE('',#2368,#2367,#85,.T.);
#3052=EDGE_CURVE('',#2369,#2368,#1393,.T.);
#3053=EDGE_CURVE('',#2369,#2363,#1394,.T.);
#3054=EDGE_CURVE('',#2365,#2370,#1395,.T.);
#3055=EDGE_CURVE('',#2367,#2370,#1396,.T.);
#3056=EDGE_CURVE('',#2360,#2371,#86,.T.);
#3057=EDGE_CURVE('',#2371,#2372,#1397,.T.);
#3058=EDGE_CURVE('',#2372,#2357,#44,.F.);
#3059=EDGE_CURVE('',#2373,#2371,#1398,.T.);
#3060=EDGE_CURVE('',#2374,#2373,#1399,.T.);
#3061=EDGE_CURVE('',#2374,#2372,#1400,.T.);
#3062=EDGE_CURVE('',#2359,#2369,#1401,.T.);
#3063=EDGE_CURVE('',#2373,#2368,#87,.T.);
#3064=EDGE_CURVE('',#2370,#2374,#45,.F.);
#3065=EDGE_CURVE('',#2375,#2376,#88,.T.);
#3066=EDGE_CURVE('',#2376,#2377,#1402,.T.);
#3067=EDGE_CURVE('',#2377,#2378,#46,.F.);
#3068=EDGE_CURVE('',#2378,#2379,#1403,.T.);
#3069=EDGE_CURVE('',#2379,#2375,#89,.T.);
#3070=EDGE_CURVE('',#2380,#2376,#1404,.T.);
#3071=EDGE_CURVE('',#2381,#2380,#1405,.T.);
#3072=EDGE_CURVE('',#2377,#2381,#1406,.T.);
#3073=EDGE_CURVE('',#2382,#2375,#1407,.T.);
#3074=EDGE_CURVE('',#2382,#2383,#1408,.T.);
#3075=EDGE_CURVE('',#2383,#2384,#1409,.T.);
#3076=EDGE_CURVE('',#2380,#2384,#90,.T.);
#3077=EDGE_CURVE('',#2379,#2385,#1410,.T.);
#3078=EDGE_CURVE('',#2386,#2385,#91,.T.);
#3079=EDGE_CURVE('',#2387,#2386,#1411,.T.);
#3080=EDGE_CURVE('',#2387,#2382,#1412,.T.);
#3081=EDGE_CURVE('',#2385,#2388,#1413,.T.);
#3082=EDGE_CURVE('',#2388,#2389,#47,.F.);
#3083=EDGE_CURVE('',#2389,#2390,#1414,.T.);
#3084=EDGE_CURVE('',#2390,#2386,#92,.T.);
#3085=EDGE_CURVE('',#2390,#2391,#1415,.T.);
#3086=EDGE_CURVE('',#2392,#2391,#93,.T.);
#3087=EDGE_CURVE('',#2393,#2392,#1416,.T.);
#3088=EDGE_CURVE('',#2393,#2387,#1417,.T.);
#3089=EDGE_CURVE('',#2389,#2394,#1418,.T.);
#3090=EDGE_CURVE('',#2391,#2394,#1419,.T.);
#3091=EDGE_CURVE('',#2384,#2395,#94,.T.);
#3092=EDGE_CURVE('',#2395,#2396,#1420,.T.);
#3093=EDGE_CURVE('',#2396,#2381,#48,.F.);
#3094=EDGE_CURVE('',#2397,#2395,#1421,.T.);
#3095=EDGE_CURVE('',#2398,#2397,#1422,.T.);
#3096=EDGE_CURVE('',#2396,#2398,#1423,.T.);
#3097=EDGE_CURVE('',#2383,#2393,#1424,.T.);
#3098=EDGE_CURVE('',#2397,#2392,#95,.T.);
#3099=EDGE_CURVE('',#2394,#2398,#49,.F.);
#3100=EDGE_CURVE('',#2364,#2354,#1425,.T.);
#3101=EDGE_CURVE('',#2252,#2399,#1426,.T.);
#3102=EDGE_CURVE('',#2399,#2400,#264,.T.);
#3103=EDGE_CURVE('',#2400,#2401,#265,.T.);
#3104=EDGE_CURVE('',#2401,#2402,#1427,.T.);
#3105=EDGE_CURVE('',#2402,#2403,#266,.T.);
#3106=EDGE_CURVE('',#2403,#2404,#267,.T.);
#3107=EDGE_CURVE('',#2404,#2405,#1428,.T.);
#3108=EDGE_CURVE('',#2405,#2406,#268,.T.);
#3109=EDGE_CURVE('',#2406,#2407,#269,.T.);
#3110=EDGE_CURVE('',#2407,#2408,#1429,.T.);
#3111=EDGE_CURVE('',#2409,#2408,#1430,.T.);
#3112=EDGE_CURVE('',#2253,#2409,#1431,.T.);
#3113=EDGE_CURVE('',#2388,#2378,#1432,.T.);
#3114=EDGE_CURVE('',#2410,#2411,#270,.T.);
#3115=EDGE_CURVE('',#2410,#2401,#1433,.T.);
#3116=EDGE_CURVE('',#2400,#2411,#1434,.T.);
#3117=EDGE_CURVE('',#2411,#2254,#271,.T.);
#3118=EDGE_CURVE('',#2399,#2254,#1435,.T.);
#3119=EDGE_CURVE('',#2402,#2412,#1436,.T.);
#3120=EDGE_CURVE('',#2412,#2410,#1437,.F.);
#3121=EDGE_CURVE('',#2407,#2413,#1438,.T.);
#3122=EDGE_CURVE('',#2414,#2406,#1439,.T.);
#3123=EDGE_CURVE('',#2413,#2414,#272,.T.);
#3124=EDGE_CURVE('',#2408,#2415,#1440,.T.);
#3125=EDGE_CURVE('',#2415,#2413,#1441,.T.);
#3126=EDGE_CURVE('',#2416,#2404,#273,.T.);
#3127=EDGE_CURVE('',#2417,#2416,#1442,.T.);
#3128=EDGE_CURVE('',#2405,#2417,#1443,.T.);
#3129=EDGE_CURVE('',#2418,#2419,#274,.T.);
#3130=EDGE_CURVE('',#2416,#2418,#275,.T.);
#3131=EDGE_CURVE('',#2419,#2403,#1444,.T.);
#3132=EDGE_CURVE('',#2414,#2417,#276,.T.);
#3133=EDGE_CURVE('',#2419,#2412,#277,.T.);
#3134=EDGE_CURVE('',#2420,#2417,#96,.T.);
#3135=EDGE_CURVE('',#2413,#2420,#1445,.T.);
#3136=EDGE_CURVE('',#2421,#2420,#1446,.T.);
#3137=EDGE_CURVE('',#2415,#2421,#1447,.T.);
#3138=EDGE_CURVE('',#2410,#2239,#1448,.T.);
#3139=EDGE_CURVE('',#2409,#2248,#1449,.T.);
#3140=EDGE_CURVE('',#2422,#2412,#1450,.F.);
#3141=EDGE_CURVE('',#2423,#2422,#97,.F.);
#3142=EDGE_CURVE('',#2424,#2423,#1451,.F.);
#3143=EDGE_CURVE('',#2425,#2424,#98,.F.);
#3144=EDGE_CURVE('',#2426,#2425,#1452,.F.);
#3145=EDGE_CURVE('',#2421,#2426,#1453,.F.);
#3146=EDGE_CURVE('',#2423,#2230,#1454,.T.);
#3147=EDGE_CURVE('',#2422,#2225,#1455,.T.);
#3148=EDGE_CURVE('',#2424,#2231,#1456,.T.);
#3149=EDGE_CURVE('',#2425,#2237,#1457,.T.);
#3150=EDGE_CURVE('',#2426,#2236,#1458,.T.);
#3151=ORIENTED_EDGE('',*,*,#2427,.T.);
#3152=ORIENTED_EDGE('',*,*,#2428,.T.);
#3153=ORIENTED_EDGE('',*,*,#2429,.T.);
#3154=ORIENTED_EDGE('',*,*,#2430,.T.);
#3155=ORIENTED_EDGE('',*,*,#2431,.T.);
#3156=ORIENTED_EDGE('',*,*,#2432,.T.);
#3157=ORIENTED_EDGE('',*,*,#2433,.T.);
#3158=ORIENTED_EDGE('',*,*,#2434,.T.);
#3159=ORIENTED_EDGE('',*,*,#2435,.T.);
#3160=ORIENTED_EDGE('',*,*,#2436,.T.);
#3161=ORIENTED_EDGE('',*,*,#2433,.F.);
#3162=ORIENTED_EDGE('',*,*,#2437,.T.);
#3163=ORIENTED_EDGE('',*,*,#2438,.T.);
#3164=ORIENTED_EDGE('',*,*,#2439,.T.);
#3165=ORIENTED_EDGE('',*,*,#2435,.F.);
#3166=ORIENTED_EDGE('',*,*,#2440,.T.);
#3167=ORIENTED_EDGE('',*,*,#2441,.T.);
#3168=ORIENTED_EDGE('',*,*,#2442,.T.);
#3169=ORIENTED_EDGE('',*,*,#2443,.T.);
#3170=ORIENTED_EDGE('',*,*,#2444,.T.);
#3171=ORIENTED_EDGE('',*,*,#2445,.T.);
#3172=ORIENTED_EDGE('',*,*,#2446,.T.);
#3173=ORIENTED_EDGE('',*,*,#2447,.T.);
#3174=ORIENTED_EDGE('',*,*,#2448,.T.);
#3175=ORIENTED_EDGE('',*,*,#2445,.F.);
#3176=ORIENTED_EDGE('',*,*,#2449,.T.);
#3177=ORIENTED_EDGE('',*,*,#2450,.T.);
#3178=ORIENTED_EDGE('',*,*,#2451,.T.);
#3179=ORIENTED_EDGE('',*,*,#2452,.T.);
#3180=ORIENTED_EDGE('',*,*,#2453,.T.);
#3181=ORIENTED_EDGE('',*,*,#2450,.F.);
#3182=ORIENTED_EDGE('',*,*,#2454,.T.);
#3183=ORIENTED_EDGE('',*,*,#2455,.T.);
#3184=ORIENTED_EDGE('',*,*,#2456,.T.);
#3185=ORIENTED_EDGE('',*,*,#2457,.T.);
#3186=ORIENTED_EDGE('',*,*,#2458,.T.);
#3187=ORIENTED_EDGE('',*,*,#2459,.T.);
#3188=ORIENTED_EDGE('',*,*,#2460,.T.);
#3189=ORIENTED_EDGE('',*,*,#2461,.T.);
#3190=ORIENTED_EDGE('',*,*,#2458,.F.);
#3191=ORIENTED_EDGE('',*,*,#2462,.T.);
#3192=ORIENTED_EDGE('',*,*,#2456,.F.);
#3193=ORIENTED_EDGE('',*,*,#2463,.T.);
#3194=ORIENTED_EDGE('',*,*,#2447,.F.);
#3195=ORIENTED_EDGE('',*,*,#2464,.T.);
#3196=ORIENTED_EDGE('',*,*,#2452,.F.);
#3197=ORIENTED_EDGE('',*,*,#2465,.T.);
#3198=ORIENTED_EDGE('',*,*,#2441,.F.);
#3199=ORIENTED_EDGE('',*,*,#2466,.T.);
#3200=ORIENTED_EDGE('',*,*,#2443,.F.);
#3201=ORIENTED_EDGE('',*,*,#2467,.T.);
#3202=ORIENTED_EDGE('',*,*,#2431,.F.);
#3203=ORIENTED_EDGE('',*,*,#2468,.T.);
#3204=ORIENTED_EDGE('',*,*,#2438,.F.);
#3205=ORIENTED_EDGE('',*,*,#2469,.T.);
#3206=ORIENTED_EDGE('',*,*,#2429,.F.);
#3207=ORIENTED_EDGE('',*,*,#2470,.T.);
#3208=ORIENTED_EDGE('',*,*,#2427,.F.);
#3209=ORIENTED_EDGE('',*,*,#2471,.T.);
#3210=ORIENTED_EDGE('',*,*,#2460,.F.);
#3211=ORIENTED_EDGE('',*,*,#2472,.T.);
#3212=ORIENTED_EDGE('',*,*,#2444,.F.);
#3213=ORIENTED_EDGE('',*,*,#2468,.F.);
#3214=ORIENTED_EDGE('',*,*,#2473,.F.);
#3215=ORIENTED_EDGE('',*,*,#2474,.F.);
#3216=ORIENTED_EDGE('',*,*,#2475,.F.);
#3217=ORIENTED_EDGE('',*,*,#2434,.F.);
#3218=ORIENTED_EDGE('',*,*,#2476,.T.);
#3219=ORIENTED_EDGE('',*,*,#2477,.F.);
#3220=ORIENTED_EDGE('',*,*,#2473,.T.);
#3221=ORIENTED_EDGE('',*,*,#2436,.F.);
#3222=ORIENTED_EDGE('',*,*,#2478,.F.);
#3223=ORIENTED_EDGE('',*,*,#2479,.F.);
#3224=ORIENTED_EDGE('',*,*,#2480,.T.);
#3225=ORIENTED_EDGE('',*,*,#2481,.T.);
#3226=ORIENTED_EDGE('',*,*,#2482,.T.);
#3227=ORIENTED_EDGE('',*,*,#2483,.F.);
#3228=ORIENTED_EDGE('',*,*,#2476,.F.);
#3229=ORIENTED_EDGE('',*,*,#2439,.F.);
#3230=ORIENTED_EDGE('',*,*,#2484,.T.);
#3231=ORIENTED_EDGE('',*,*,#2485,.F.);
#3232=ORIENTED_EDGE('',*,*,#2478,.T.);
#3233=ORIENTED_EDGE('',*,*,#2470,.F.);
#3234=ORIENTED_EDGE('',*,*,#2428,.F.);
#3235=ORIENTED_EDGE('',*,*,#2486,.T.);
#3236=ORIENTED_EDGE('',*,*,#2487,.F.);
#3237=ORIENTED_EDGE('',*,*,#2484,.F.);
#3238=ORIENTED_EDGE('',*,*,#2472,.F.);
#3239=ORIENTED_EDGE('',*,*,#2459,.F.);
#3240=ORIENTED_EDGE('',*,*,#2488,.T.);
#3241=ORIENTED_EDGE('',*,*,#2489,.F.);
#3242=ORIENTED_EDGE('',*,*,#2486,.F.);
#3243=ORIENTED_EDGE('',*,*,#2455,.F.);
#3244=ORIENTED_EDGE('',*,*,#2461,.F.);
#3245=ORIENTED_EDGE('',*,*,#2471,.F.);
#3246=ORIENTED_EDGE('',*,*,#2430,.F.);
#3247=ORIENTED_EDGE('',*,*,#2469,.F.);
#3248=ORIENTED_EDGE('',*,*,#2440,.F.);
#3249=ORIENTED_EDGE('',*,*,#2437,.F.);
#3250=ORIENTED_EDGE('',*,*,#2432,.F.);
#3251=ORIENTED_EDGE('',*,*,#2467,.F.);
#3252=ORIENTED_EDGE('',*,*,#2442,.F.);
#3253=ORIENTED_EDGE('',*,*,#2465,.F.);
#3254=ORIENTED_EDGE('',*,*,#2454,.F.);
#3255=ORIENTED_EDGE('',*,*,#2449,.F.);
#3256=ORIENTED_EDGE('',*,*,#2448,.F.);
#3257=ORIENTED_EDGE('',*,*,#2463,.F.);
#3258=ORIENTED_EDGE('',*,*,#2490,.F.);
#3259=ORIENTED_EDGE('',*,*,#2491,.F.);
#3260=ORIENTED_EDGE('',*,*,#2492,.F.);
#3261=ORIENTED_EDGE('',*,*,#2493,.F.);
#3262=ORIENTED_EDGE('',*,*,#2494,.F.);
#3263=ORIENTED_EDGE('',*,*,#2495,.F.);
#3264=ORIENTED_EDGE('',*,*,#2496,.F.);
#3265=ORIENTED_EDGE('',*,*,#2497,.F.);
#3266=ORIENTED_EDGE('',*,*,#2498,.F.);
#3267=ORIENTED_EDGE('',*,*,#2499,.F.);
#3268=ORIENTED_EDGE('',*,*,#2500,.F.);
#3269=ORIENTED_EDGE('',*,*,#2501,.F.);
#3270=ORIENTED_EDGE('',*,*,#2502,.F.);
#3271=ORIENTED_EDGE('',*,*,#2503,.F.);
#3272=ORIENTED_EDGE('',*,*,#2504,.F.);
#3273=ORIENTED_EDGE('',*,*,#2505,.F.);
#3274=ORIENTED_EDGE('',*,*,#2492,.T.);
#3275=ORIENTED_EDGE('',*,*,#2506,.T.);
#3276=ORIENTED_EDGE('',*,*,#2507,.T.);
#3277=ORIENTED_EDGE('',*,*,#2508,.F.);
#3278=ORIENTED_EDGE('',*,*,#2490,.T.);
#3279=ORIENTED_EDGE('',*,*,#2509,.T.);
#3280=ORIENTED_EDGE('',*,*,#2510,.T.);
#3281=ORIENTED_EDGE('',*,*,#2511,.T.);
#3282=ORIENTED_EDGE('',*,*,#2512,.T.);
#3283=ORIENTED_EDGE('',*,*,#2509,.F.);
#3284=ORIENTED_EDGE('',*,*,#2493,.T.);
#3285=ORIENTED_EDGE('',*,*,#2508,.T.);
#3286=ORIENTED_EDGE('',*,*,#2491,.T.);
#3287=ORIENTED_EDGE('',*,*,#2511,.F.);
#3288=ORIENTED_EDGE('',*,*,#2513,.T.);
#3289=ORIENTED_EDGE('',*,*,#2506,.F.);
#3290=ORIENTED_EDGE('',*,*,#2513,.F.);
#3291=ORIENTED_EDGE('',*,*,#2514,.T.);
#3292=ORIENTED_EDGE('',*,*,#2515,.T.);
#3293=ORIENTED_EDGE('',*,*,#2516,.F.);
#3294=ORIENTED_EDGE('',*,*,#2510,.F.);
#3295=ORIENTED_EDGE('',*,*,#2517,.T.);
#3296=ORIENTED_EDGE('',*,*,#2518,.T.);
#3297=ORIENTED_EDGE('',*,*,#2514,.F.);
#3298=ORIENTED_EDGE('',*,*,#2502,.T.);
#3299=ORIENTED_EDGE('',*,*,#2519,.T.);
#3300=ORIENTED_EDGE('',*,*,#2520,.T.);
#3301=ORIENTED_EDGE('',*,*,#2521,.F.);
#3302=ORIENTED_EDGE('',*,*,#2505,.T.);
#3303=ORIENTED_EDGE('',*,*,#2522,.T.);
#3304=ORIENTED_EDGE('',*,*,#2523,.T.);
#3305=ORIENTED_EDGE('',*,*,#2519,.F.);
#3306=ORIENTED_EDGE('',*,*,#2524,.T.);
#3307=ORIENTED_EDGE('',*,*,#2525,.T.);
#3308=ORIENTED_EDGE('',*,*,#2503,.T.);
#3309=ORIENTED_EDGE('',*,*,#2521,.T.);
#3310=ORIENTED_EDGE('',*,*,#2504,.T.);
#3311=ORIENTED_EDGE('',*,*,#2525,.F.);
#3312=ORIENTED_EDGE('',*,*,#2526,.T.);
#3313=ORIENTED_EDGE('',*,*,#2522,.F.);
#3314=ORIENTED_EDGE('',*,*,#2524,.F.);
#3315=ORIENTED_EDGE('',*,*,#2527,.T.);
#3316=ORIENTED_EDGE('',*,*,#2528,.T.);
#3317=ORIENTED_EDGE('',*,*,#2529,.F.);
#3318=ORIENTED_EDGE('',*,*,#2520,.F.);
#3319=ORIENTED_EDGE('',*,*,#2530,.T.);
#3320=ORIENTED_EDGE('',*,*,#2531,.T.);
#3321=ORIENTED_EDGE('',*,*,#2527,.F.);
#3322=ORIENTED_EDGE('',*,*,#2494,.T.);
#3323=ORIENTED_EDGE('',*,*,#2532,.T.);
#3324=ORIENTED_EDGE('',*,*,#2533,.T.);
#3325=ORIENTED_EDGE('',*,*,#2534,.F.);
#3326=ORIENTED_EDGE('',*,*,#2497,.T.);
#3327=ORIENTED_EDGE('',*,*,#2535,.T.);
#3328=ORIENTED_EDGE('',*,*,#2536,.T.);
#3329=ORIENTED_EDGE('',*,*,#2532,.F.);
#3330=ORIENTED_EDGE('',*,*,#2537,.T.);
#3331=ORIENTED_EDGE('',*,*,#2538,.T.);
#3332=ORIENTED_EDGE('',*,*,#2495,.T.);
#3333=ORIENTED_EDGE('',*,*,#2534,.T.);
#3334=ORIENTED_EDGE('',*,*,#2496,.T.);
#3335=ORIENTED_EDGE('',*,*,#2538,.F.);
#3336=ORIENTED_EDGE('',*,*,#2539,.T.);
#3337=ORIENTED_EDGE('',*,*,#2535,.F.);
#3338=ORIENTED_EDGE('',*,*,#2537,.F.);
#3339=ORIENTED_EDGE('',*,*,#2540,.T.);
#3340=ORIENTED_EDGE('',*,*,#2541,.T.);
#3341=ORIENTED_EDGE('',*,*,#2542,.F.);
#3342=ORIENTED_EDGE('',*,*,#2533,.F.);
#3343=ORIENTED_EDGE('',*,*,#2543,.T.);
#3344=ORIENTED_EDGE('',*,*,#2544,.T.);
#3345=ORIENTED_EDGE('',*,*,#2540,.F.);
#3346=ORIENTED_EDGE('',*,*,#2498,.T.);
#3347=ORIENTED_EDGE('',*,*,#2545,.T.);
#3348=ORIENTED_EDGE('',*,*,#2546,.T.);
#3349=ORIENTED_EDGE('',*,*,#2547,.F.);
#3350=ORIENTED_EDGE('',*,*,#2501,.T.);
#3351=ORIENTED_EDGE('',*,*,#2548,.T.);
#3352=ORIENTED_EDGE('',*,*,#2549,.T.);
#3353=ORIENTED_EDGE('',*,*,#2545,.F.);
#3354=ORIENTED_EDGE('',*,*,#2550,.T.);
#3355=ORIENTED_EDGE('',*,*,#2551,.T.);
#3356=ORIENTED_EDGE('',*,*,#2499,.T.);
#3357=ORIENTED_EDGE('',*,*,#2547,.T.);
#3358=ORIENTED_EDGE('',*,*,#2500,.T.);
#3359=ORIENTED_EDGE('',*,*,#2551,.F.);
#3360=ORIENTED_EDGE('',*,*,#2552,.T.);
#3361=ORIENTED_EDGE('',*,*,#2548,.F.);
#3362=ORIENTED_EDGE('',*,*,#2550,.F.);
#3363=ORIENTED_EDGE('',*,*,#2553,.T.);
#3364=ORIENTED_EDGE('',*,*,#2554,.T.);
#3365=ORIENTED_EDGE('',*,*,#2555,.F.);
#3366=ORIENTED_EDGE('',*,*,#2546,.F.);
#3367=ORIENTED_EDGE('',*,*,#2556,.T.);
#3368=ORIENTED_EDGE('',*,*,#2557,.T.);
#3369=ORIENTED_EDGE('',*,*,#2553,.F.);
#3370=ORIENTED_EDGE('',*,*,#2523,.F.);
#3371=ORIENTED_EDGE('',*,*,#2558,.T.);
#3372=ORIENTED_EDGE('',*,*,#2559,.T.);
#3373=ORIENTED_EDGE('',*,*,#2530,.F.);
#3374=ORIENTED_EDGE('',*,*,#2526,.F.);
#3375=ORIENTED_EDGE('',*,*,#2529,.T.);
#3376=ORIENTED_EDGE('',*,*,#2560,.T.);
#3377=ORIENTED_EDGE('',*,*,#2558,.F.);
#3378=ORIENTED_EDGE('',*,*,#2560,.F.);
#3379=ORIENTED_EDGE('',*,*,#2528,.F.);
#3380=ORIENTED_EDGE('',*,*,#2531,.F.);
#3381=ORIENTED_EDGE('',*,*,#2559,.F.);
#3382=ORIENTED_EDGE('',*,*,#2512,.F.);
#3383=ORIENTED_EDGE('',*,*,#2561,.T.);
#3384=ORIENTED_EDGE('',*,*,#2562,.T.);
#3385=ORIENTED_EDGE('',*,*,#2517,.F.);
#3386=ORIENTED_EDGE('',*,*,#2507,.F.);
#3387=ORIENTED_EDGE('',*,*,#2516,.T.);
#3388=ORIENTED_EDGE('',*,*,#2563,.T.);
#3389=ORIENTED_EDGE('',*,*,#2561,.F.);
#3390=ORIENTED_EDGE('',*,*,#2515,.F.);
#3391=ORIENTED_EDGE('',*,*,#2518,.F.);
#3392=ORIENTED_EDGE('',*,*,#2562,.F.);
#3393=ORIENTED_EDGE('',*,*,#2563,.F.);
#3394=ORIENTED_EDGE('',*,*,#2536,.F.);
#3395=ORIENTED_EDGE('',*,*,#2564,.T.);
#3396=ORIENTED_EDGE('',*,*,#2565,.T.);
#3397=ORIENTED_EDGE('',*,*,#2543,.F.);
#3398=ORIENTED_EDGE('',*,*,#2539,.F.);
#3399=ORIENTED_EDGE('',*,*,#2542,.T.);
#3400=ORIENTED_EDGE('',*,*,#2566,.T.);
#3401=ORIENTED_EDGE('',*,*,#2564,.F.);
#3402=ORIENTED_EDGE('',*,*,#2566,.F.);
#3403=ORIENTED_EDGE('',*,*,#2541,.F.);
#3404=ORIENTED_EDGE('',*,*,#2544,.F.);
#3405=ORIENTED_EDGE('',*,*,#2565,.F.);
#3406=ORIENTED_EDGE('',*,*,#2549,.F.);
#3407=ORIENTED_EDGE('',*,*,#2567,.T.);
#3408=ORIENTED_EDGE('',*,*,#2568,.T.);
#3409=ORIENTED_EDGE('',*,*,#2556,.F.);
#3410=ORIENTED_EDGE('',*,*,#2552,.F.);
#3411=ORIENTED_EDGE('',*,*,#2555,.T.);
#3412=ORIENTED_EDGE('',*,*,#2569,.T.);
#3413=ORIENTED_EDGE('',*,*,#2567,.F.);
#3414=ORIENTED_EDGE('',*,*,#2569,.F.);
#3415=ORIENTED_EDGE('',*,*,#2554,.F.);
#3416=ORIENTED_EDGE('',*,*,#2557,.F.);
#3417=ORIENTED_EDGE('',*,*,#2568,.F.);
#3418=ORIENTED_EDGE('',*,*,#2457,.F.);
#3419=ORIENTED_EDGE('',*,*,#2570,.T.);
#3420=ORIENTED_EDGE('',*,*,#2571,.F.);
#3421=ORIENTED_EDGE('',*,*,#2572,.F.);
#3422=ORIENTED_EDGE('',*,*,#2488,.F.);
#3423=ORIENTED_EDGE('',*,*,#2462,.F.);
#3424=ORIENTED_EDGE('',*,*,#2446,.F.);
#3425=ORIENTED_EDGE('',*,*,#2573,.T.);
#3426=ORIENTED_EDGE('',*,*,#2574,.F.);
#3427=ORIENTED_EDGE('',*,*,#2570,.F.);
#3428=ORIENTED_EDGE('',*,*,#2464,.F.);
#3429=ORIENTED_EDGE('',*,*,#2451,.F.);
#3430=ORIENTED_EDGE('',*,*,#2575,.T.);
#3431=ORIENTED_EDGE('',*,*,#2576,.F.);
#3432=ORIENTED_EDGE('',*,*,#2573,.F.);
#3433=ORIENTED_EDGE('',*,*,#2466,.F.);
#3434=ORIENTED_EDGE('',*,*,#2475,.T.);
#3435=ORIENTED_EDGE('',*,*,#2577,.F.);
#3436=ORIENTED_EDGE('',*,*,#2575,.F.);
#3437=ORIENTED_EDGE('',*,*,#2453,.F.);
#3438=ORIENTED_EDGE('',*,*,#2578,.T.);
#3439=ORIENTED_EDGE('',*,*,#2579,.T.);
#3440=ORIENTED_EDGE('',*,*,#2580,.T.);
#3441=ORIENTED_EDGE('',*,*,#2581,.T.);
#3442=ORIENTED_EDGE('',*,*,#2582,.F.);
#3443=ORIENTED_EDGE('',*,*,#2583,.T.);
#3444=ORIENTED_EDGE('',*,*,#2584,.F.);
#3445=ORIENTED_EDGE('',*,*,#2585,.T.);
#3446=ORIENTED_EDGE('',*,*,#2580,.F.);
#3447=ORIENTED_EDGE('',*,*,#2586,.T.);
#3448=ORIENTED_EDGE('',*,*,#2587,.T.);
#3449=ORIENTED_EDGE('',*,*,#2588,.T.);
#3450=ORIENTED_EDGE('',*,*,#2589,.T.);
#3451=ORIENTED_EDGE('',*,*,#2590,.T.);
#3452=ORIENTED_EDGE('',*,*,#2587,.F.);
#3453=ORIENTED_EDGE('',*,*,#2591,.T.);
#3454=ORIENTED_EDGE('',*,*,#2592,.T.);
#3455=ORIENTED_EDGE('',*,*,#2593,.T.);
#3456=ORIENTED_EDGE('',*,*,#2594,.T.);
#3457=ORIENTED_EDGE('',*,*,#2595,.T.);
#3458=ORIENTED_EDGE('',*,*,#2596,.T.);
#3459=ORIENTED_EDGE('',*,*,#2592,.F.);
#3460=ORIENTED_EDGE('',*,*,#2597,.T.);
#3461=ORIENTED_EDGE('',*,*,#2598,.T.);
#3462=ORIENTED_EDGE('',*,*,#2599,.T.);
#3463=ORIENTED_EDGE('',*,*,#2600,.T.);
#3464=ORIENTED_EDGE('',*,*,#2601,.T.);
#3465=ORIENTED_EDGE('',*,*,#2602,.T.);
#3466=ORIENTED_EDGE('',*,*,#2598,.F.);
#3467=ORIENTED_EDGE('',*,*,#2603,.T.);
#3468=ORIENTED_EDGE('',*,*,#2604,.T.);
#3469=ORIENTED_EDGE('',*,*,#2605,.T.);
#3470=ORIENTED_EDGE('',*,*,#2606,.T.);
#3471=ORIENTED_EDGE('',*,*,#2605,.F.);
#3472=ORIENTED_EDGE('',*,*,#2607,.T.);
#3473=ORIENTED_EDGE('',*,*,#2600,.F.);
#3474=ORIENTED_EDGE('',*,*,#2608,.T.);
#3475=ORIENTED_EDGE('',*,*,#2609,.T.);
#3476=ORIENTED_EDGE('',*,*,#2610,.T.);
#3477=ORIENTED_EDGE('',*,*,#2611,.T.);
#3478=ORIENTED_EDGE('',*,*,#2612,.T.);
#3479=ORIENTED_EDGE('',*,*,#2609,.F.);
#3480=ORIENTED_EDGE('',*,*,#2613,.T.);
#3481=ORIENTED_EDGE('',*,*,#2603,.F.);
#3482=ORIENTED_EDGE('',*,*,#2614,.T.);
#3483=ORIENTED_EDGE('',*,*,#2615,.T.);
#3484=ORIENTED_EDGE('',*,*,#2616,.T.);
#3485=ORIENTED_EDGE('',*,*,#2617,.T.);
#3486=ORIENTED_EDGE('',*,*,#2618,.T.);
#3487=ORIENTED_EDGE('',*,*,#2615,.F.);
#3488=ORIENTED_EDGE('',*,*,#2619,.T.);
#3489=ORIENTED_EDGE('',*,*,#2611,.F.);
#3490=ORIENTED_EDGE('',*,*,#2620,.T.);
#3491=ORIENTED_EDGE('',*,*,#2621,.T.);
#3492=ORIENTED_EDGE('',*,*,#2622,.T.);
#3493=ORIENTED_EDGE('',*,*,#2623,.T.);
#3494=ORIENTED_EDGE('',*,*,#2624,.T.);
#3495=ORIENTED_EDGE('',*,*,#2621,.F.);
#3496=ORIENTED_EDGE('',*,*,#2625,.T.);
#3497=ORIENTED_EDGE('',*,*,#2617,.F.);
#3498=ORIENTED_EDGE('',*,*,#2626,.T.);
#3499=ORIENTED_EDGE('',*,*,#2627,.T.);
#3500=ORIENTED_EDGE('',*,*,#2628,.T.);
#3501=ORIENTED_EDGE('',*,*,#2578,.F.);
#3502=ORIENTED_EDGE('',*,*,#2629,.T.);
#3503=ORIENTED_EDGE('',*,*,#2627,.F.);
#3504=ORIENTED_EDGE('',*,*,#2630,.T.);
#3505=ORIENTED_EDGE('',*,*,#2623,.F.);
#3506=ORIENTED_EDGE('',*,*,#2631,.T.);
#3507=ORIENTED_EDGE('',*,*,#2632,.T.);
#3508=ORIENTED_EDGE('',*,*,#2633,.T.);
#3509=ORIENTED_EDGE('',*,*,#2634,.T.);
#3510=ORIENTED_EDGE('',*,*,#2635,.T.);
#3511=ORIENTED_EDGE('',*,*,#2634,.F.);
#3512=ORIENTED_EDGE('',*,*,#2636,.T.);
#3513=ORIENTED_EDGE('',*,*,#2589,.F.);
#3514=ORIENTED_EDGE('',*,*,#2637,.T.);
#3515=ORIENTED_EDGE('',*,*,#2594,.F.);
#3516=ORIENTED_EDGE('',*,*,#2638,.T.);
#3517=ORIENTED_EDGE('',*,*,#2632,.F.);
#3518=ORIENTED_EDGE('',*,*,#2639,.T.);
#3519=ORIENTED_EDGE('',*,*,#2624,.F.);
#3520=ORIENTED_EDGE('',*,*,#2630,.F.);
#3521=ORIENTED_EDGE('',*,*,#2640,.F.);
#3522=ORIENTED_EDGE('',*,*,#2641,.T.);
#3523=ORIENTED_EDGE('',*,*,#2642,.F.);
#3524=ORIENTED_EDGE('',*,*,#2643,.F.);
#3525=ORIENTED_EDGE('',*,*,#2644,.T.);
#3526=ORIENTED_EDGE('',*,*,#2629,.F.);
#3527=ORIENTED_EDGE('',*,*,#2645,.F.);
#3528=ORIENTED_EDGE('',*,*,#2646,.F.);
#3529=ORIENTED_EDGE('',*,*,#2640,.T.);
#3530=ORIENTED_EDGE('',*,*,#2581,.F.);
#3531=ORIENTED_EDGE('',*,*,#2647,.F.);
#3532=ORIENTED_EDGE('',*,*,#2648,.F.);
#3533=ORIENTED_EDGE('',*,*,#2645,.T.);
#3534=ORIENTED_EDGE('',*,*,#2588,.F.);
#3535=ORIENTED_EDGE('',*,*,#2649,.F.);
#3536=ORIENTED_EDGE('',*,*,#2650,.F.);
#3537=ORIENTED_EDGE('',*,*,#2651,.T.);
#3538=ORIENTED_EDGE('',*,*,#2585,.F.);
#3539=ORIENTED_EDGE('',*,*,#2652,.T.);
#3540=ORIENTED_EDGE('',*,*,#2653,.F.);
#3541=ORIENTED_EDGE('',*,*,#2647,.T.);
#3542=ORIENTED_EDGE('',*,*,#2590,.F.);
#3543=ORIENTED_EDGE('',*,*,#2654,.F.);
#3544=ORIENTED_EDGE('',*,*,#2655,.F.);
#3545=ORIENTED_EDGE('',*,*,#2649,.T.);
#3546=ORIENTED_EDGE('',*,*,#2636,.F.);
#3547=ORIENTED_EDGE('',*,*,#2633,.F.);
#3548=ORIENTED_EDGE('',*,*,#2656,.F.);
#3549=ORIENTED_EDGE('',*,*,#2657,.T.);
#3550=ORIENTED_EDGE('',*,*,#2658,.F.);
#3551=ORIENTED_EDGE('',*,*,#2659,.F.);
#3552=ORIENTED_EDGE('',*,*,#2654,.T.);
#3553=ORIENTED_EDGE('',*,*,#2635,.F.);
#3554=ORIENTED_EDGE('',*,*,#2637,.F.);
#3555=ORIENTED_EDGE('',*,*,#2591,.F.);
#3556=ORIENTED_EDGE('',*,*,#2586,.F.);
#3557=ORIENTED_EDGE('',*,*,#2579,.F.);
#3558=ORIENTED_EDGE('',*,*,#2628,.F.);
#3559=ORIENTED_EDGE('',*,*,#2631,.F.);
#3560=ORIENTED_EDGE('',*,*,#2622,.F.);
#3561=ORIENTED_EDGE('',*,*,#2626,.F.);
#3562=ORIENTED_EDGE('',*,*,#2616,.F.);
#3563=ORIENTED_EDGE('',*,*,#2620,.F.);
#3564=ORIENTED_EDGE('',*,*,#2610,.F.);
#3565=ORIENTED_EDGE('',*,*,#2614,.F.);
#3566=ORIENTED_EDGE('',*,*,#2606,.F.);
#3567=ORIENTED_EDGE('',*,*,#2608,.F.);
#3568=ORIENTED_EDGE('',*,*,#2599,.F.);
#3569=ORIENTED_EDGE('',*,*,#2597,.F.);
#3570=ORIENTED_EDGE('',*,*,#2595,.F.);
#3571=ORIENTED_EDGE('',*,*,#2639,.F.);
#3572=ORIENTED_EDGE('',*,*,#2660,.T.);
#3573=ORIENTED_EDGE('',*,*,#2661,.T.);
#3574=ORIENTED_EDGE('',*,*,#2662,.T.);
#3575=ORIENTED_EDGE('',*,*,#2663,.T.);
#3576=ORIENTED_EDGE('',*,*,#2664,.F.);
#3577=ORIENTED_EDGE('',*,*,#2665,.T.);
#3578=ORIENTED_EDGE('',*,*,#2666,.T.);
#3579=ORIENTED_EDGE('',*,*,#2667,.T.);
#3580=ORIENTED_EDGE('',*,*,#2663,.F.);
#3581=ORIENTED_EDGE('',*,*,#2668,.T.);
#3582=ORIENTED_EDGE('',*,*,#2669,.T.);
#3583=ORIENTED_EDGE('',*,*,#2666,.F.);
#3584=ORIENTED_EDGE('',*,*,#2670,.T.);
#3585=ORIENTED_EDGE('',*,*,#2671,.T.);
#3586=ORIENTED_EDGE('',*,*,#2672,.T.);
#3587=ORIENTED_EDGE('',*,*,#2673,.T.);
#3588=ORIENTED_EDGE('',*,*,#2674,.T.);
#3589=ORIENTED_EDGE('',*,*,#2673,.F.);
#3590=ORIENTED_EDGE('',*,*,#2675,.T.);
#3591=ORIENTED_EDGE('',*,*,#2668,.F.);
#3592=ORIENTED_EDGE('',*,*,#2676,.T.);
#3593=ORIENTED_EDGE('',*,*,#2677,.T.);
#3594=ORIENTED_EDGE('',*,*,#2678,.T.);
#3595=ORIENTED_EDGE('',*,*,#2679,.T.);
#3596=ORIENTED_EDGE('',*,*,#2680,.T.);
#3597=ORIENTED_EDGE('',*,*,#2681,.T.);
#3598=ORIENTED_EDGE('',*,*,#2682,.T.);
#3599=ORIENTED_EDGE('',*,*,#2677,.F.);
#3600=ORIENTED_EDGE('',*,*,#2683,.T.);
#3601=ORIENTED_EDGE('',*,*,#2684,.T.);
#3602=ORIENTED_EDGE('',*,*,#2685,.T.);
#3603=ORIENTED_EDGE('',*,*,#2681,.F.);
#3604=ORIENTED_EDGE('',*,*,#2686,.T.);
#3605=ORIENTED_EDGE('',*,*,#2679,.F.);
#3606=ORIENTED_EDGE('',*,*,#2687,.T.);
#3607=ORIENTED_EDGE('',*,*,#2671,.F.);
#3608=ORIENTED_EDGE('',*,*,#2688,.T.);
#3609=ORIENTED_EDGE('',*,*,#2689,.T.);
#3610=ORIENTED_EDGE('',*,*,#2690,.T.);
#3611=ORIENTED_EDGE('',*,*,#2691,.T.);
#3612=ORIENTED_EDGE('',*,*,#2692,.T.);
#3613=ORIENTED_EDGE('',*,*,#2689,.F.);
#3614=ORIENTED_EDGE('',*,*,#2693,.T.);
#3615=ORIENTED_EDGE('',*,*,#2684,.F.);
#3616=ORIENTED_EDGE('',*,*,#2694,.T.);
#3617=ORIENTED_EDGE('',*,*,#2695,.T.);
#3618=ORIENTED_EDGE('',*,*,#2696,.T.);
#3619=ORIENTED_EDGE('',*,*,#2697,.T.);
#3620=ORIENTED_EDGE('',*,*,#2698,.T.);
#3621=ORIENTED_EDGE('',*,*,#2695,.F.);
#3622=ORIENTED_EDGE('',*,*,#2699,.T.);
#3623=ORIENTED_EDGE('',*,*,#2691,.F.);
#3624=ORIENTED_EDGE('',*,*,#2700,.T.);
#3625=ORIENTED_EDGE('',*,*,#2661,.F.);
#3626=ORIENTED_EDGE('',*,*,#2701,.T.);
#3627=ORIENTED_EDGE('',*,*,#2697,.F.);
#3628=ORIENTED_EDGE('',*,*,#2702,.T.);
#3629=ORIENTED_EDGE('',*,*,#2687,.F.);
#3630=ORIENTED_EDGE('',*,*,#2678,.F.);
#3631=ORIENTED_EDGE('',*,*,#2703,.F.);
#3632=ORIENTED_EDGE('',*,*,#2704,.F.);
#3633=ORIENTED_EDGE('',*,*,#2705,.T.);
#3634=ORIENTED_EDGE('',*,*,#2682,.F.);
#3635=ORIENTED_EDGE('',*,*,#2706,.F.);
#3636=ORIENTED_EDGE('',*,*,#2707,.F.);
#3637=ORIENTED_EDGE('',*,*,#2703,.T.);
#3638=ORIENTED_EDGE('',*,*,#2685,.F.);
#3639=ORIENTED_EDGE('',*,*,#2693,.F.);
#3640=ORIENTED_EDGE('',*,*,#2708,.F.);
#3641=ORIENTED_EDGE('',*,*,#2709,.F.);
#3642=ORIENTED_EDGE('',*,*,#2706,.T.);
#3643=ORIENTED_EDGE('',*,*,#2692,.F.);
#3644=ORIENTED_EDGE('',*,*,#2699,.F.);
#3645=ORIENTED_EDGE('',*,*,#2710,.F.);
#3646=ORIENTED_EDGE('',*,*,#2711,.F.);
#3647=ORIENTED_EDGE('',*,*,#2712,.F.);
#3648=ORIENTED_EDGE('',*,*,#2708,.T.);
#3649=ORIENTED_EDGE('',*,*,#2696,.F.);
#3650=ORIENTED_EDGE('',*,*,#2700,.F.);
#3651=ORIENTED_EDGE('',*,*,#2690,.F.);
#3652=ORIENTED_EDGE('',*,*,#2694,.F.);
#3653=ORIENTED_EDGE('',*,*,#2686,.F.);
#3654=ORIENTED_EDGE('',*,*,#2683,.F.);
#3655=ORIENTED_EDGE('',*,*,#2680,.F.);
#3656=ORIENTED_EDGE('',*,*,#2688,.F.);
#3657=ORIENTED_EDGE('',*,*,#2674,.F.);
#3658=ORIENTED_EDGE('',*,*,#2676,.F.);
#3659=ORIENTED_EDGE('',*,*,#2670,.F.);
#3660=ORIENTED_EDGE('',*,*,#2665,.F.);
#3661=ORIENTED_EDGE('',*,*,#2662,.F.);
#3662=ORIENTED_EDGE('',*,*,#2702,.F.);
#3663=ORIENTED_EDGE('',*,*,#2713,.F.);
#3664=ORIENTED_EDGE('',*,*,#2480,.F.);
#3665=ORIENTED_EDGE('',*,*,#2714,.F.);
#3666=ORIENTED_EDGE('',*,*,#2715,.F.);
#3667=ORIENTED_EDGE('',*,*,#2716,.F.);
#3668=ORIENTED_EDGE('',*,*,#2717,.F.);
#3669=ORIENTED_EDGE('',*,*,#2652,.F.);
#3670=ORIENTED_EDGE('',*,*,#2584,.T.);
#3671=ORIENTED_EDGE('',*,*,#2651,.F.);
#3672=ORIENTED_EDGE('',*,*,#2718,.F.);
#3673=ORIENTED_EDGE('',*,*,#2719,.F.);
#3674=ORIENTED_EDGE('',*,*,#2720,.F.);
#3675=ORIENTED_EDGE('',*,*,#2721,.F.);
#3676=ORIENTED_EDGE('',*,*,#2482,.F.);
#3677=ORIENTED_EDGE('',*,*,#2722,.T.);
#3678=ORIENTED_EDGE('',*,*,#2582,.T.);
#3679=ORIENTED_EDGE('',*,*,#2722,.F.);
#3680=ORIENTED_EDGE('',*,*,#2481,.F.);
#3681=ORIENTED_EDGE('',*,*,#2713,.T.);
#3682=ORIENTED_EDGE('',*,*,#2583,.F.);
#3683=ORIENTED_EDGE('',*,*,#2718,.T.);
#3684=ORIENTED_EDGE('',*,*,#2650,.T.);
#3685=ORIENTED_EDGE('',*,*,#2723,.T.);
#3686=ORIENTED_EDGE('',*,*,#2724,.F.);
#3687=ORIENTED_EDGE('',*,*,#2717,.T.);
#3688=ORIENTED_EDGE('',*,*,#2725,.F.);
#3689=ORIENTED_EDGE('',*,*,#2726,.F.);
#3690=ORIENTED_EDGE('',*,*,#2653,.T.);
#3691=ORIENTED_EDGE('',*,*,#2719,.T.);
#3692=ORIENTED_EDGE('',*,*,#2724,.T.);
#3693=ORIENTED_EDGE('',*,*,#2727,.T.);
#3694=ORIENTED_EDGE('',*,*,#2728,.T.);
#3695=ORIENTED_EDGE('',*,*,#2716,.T.);
#3696=ORIENTED_EDGE('',*,*,#2729,.T.);
#3697=ORIENTED_EDGE('',*,*,#2730,.F.);
#3698=ORIENTED_EDGE('',*,*,#2725,.T.);
#3699=ORIENTED_EDGE('',*,*,#2715,.T.);
#3700=ORIENTED_EDGE('',*,*,#2731,.F.);
#3701=ORIENTED_EDGE('',*,*,#2732,.F.);
#3702=ORIENTED_EDGE('',*,*,#2733,.F.);
#3703=ORIENTED_EDGE('',*,*,#2734,.F.);
#3704=ORIENTED_EDGE('',*,*,#2735,.F.);
#3705=ORIENTED_EDGE('',*,*,#2736,.F.);
#3706=ORIENTED_EDGE('',*,*,#2737,.F.);
#3707=ORIENTED_EDGE('',*,*,#2738,.F.);
#3708=ORIENTED_EDGE('',*,*,#2739,.F.);
#3709=ORIENTED_EDGE('',*,*,#2740,.F.);
#3710=ORIENTED_EDGE('',*,*,#2741,.F.);
#3711=ORIENTED_EDGE('',*,*,#2720,.T.);
#3712=ORIENTED_EDGE('',*,*,#2728,.F.);
#3713=ORIENTED_EDGE('',*,*,#2742,.F.);
#3714=ORIENTED_EDGE('',*,*,#2743,.F.);
#3715=ORIENTED_EDGE('',*,*,#2744,.F.);
#3716=ORIENTED_EDGE('',*,*,#2745,.F.);
#3717=ORIENTED_EDGE('',*,*,#2746,.F.);
#3718=ORIENTED_EDGE('',*,*,#2747,.F.);
#3719=ORIENTED_EDGE('',*,*,#2748,.F.);
#3720=ORIENTED_EDGE('',*,*,#2749,.F.);
#3721=ORIENTED_EDGE('',*,*,#2750,.F.);
#3722=ORIENTED_EDGE('',*,*,#2751,.F.);
#3723=ORIENTED_EDGE('',*,*,#2752,.F.);
#3724=ORIENTED_EDGE('',*,*,#2729,.F.);
#3725=ORIENTED_EDGE('',*,*,#2753,.F.);
#3726=ORIENTED_EDGE('',*,*,#2754,.F.);
#3727=ORIENTED_EDGE('',*,*,#2755,.F.);
#3728=ORIENTED_EDGE('',*,*,#2756,.F.);
#3729=ORIENTED_EDGE('',*,*,#2757,.F.);
#3730=ORIENTED_EDGE('',*,*,#2758,.F.);
#3731=ORIENTED_EDGE('',*,*,#2759,.F.);
#3732=ORIENTED_EDGE('',*,*,#2760,.F.);
#3733=ORIENTED_EDGE('',*,*,#2761,.F.);
#3734=ORIENTED_EDGE('',*,*,#2762,.F.);
#3735=ORIENTED_EDGE('',*,*,#2763,.F.);
#3736=ORIENTED_EDGE('',*,*,#2764,.F.);
#3737=ORIENTED_EDGE('',*,*,#2765,.F.);
#3738=ORIENTED_EDGE('',*,*,#2766,.F.);
#3739=ORIENTED_EDGE('',*,*,#2721,.T.);
#3740=ORIENTED_EDGE('',*,*,#2741,.T.);
#3741=ORIENTED_EDGE('',*,*,#2767,.T.);
#3742=ORIENTED_EDGE('',*,*,#2483,.T.);
#3743=ORIENTED_EDGE('',*,*,#2714,.T.);
#3744=ORIENTED_EDGE('',*,*,#2479,.T.);
#3745=ORIENTED_EDGE('',*,*,#2768,.F.);
#3746=ORIENTED_EDGE('',*,*,#2731,.T.);
#3747=ORIENTED_EDGE('',*,*,#2769,.T.);
#3748=ORIENTED_EDGE('',*,*,#2770,.T.);
#3749=ORIENTED_EDGE('',*,*,#2756,.T.);
#3750=ORIENTED_EDGE('',*,*,#2771,.T.);
#3751=ORIENTED_EDGE('',*,*,#2772,.T.);
#3752=ORIENTED_EDGE('',*,*,#2757,.T.);
#3753=ORIENTED_EDGE('',*,*,#2770,.F.);
#3754=ORIENTED_EDGE('',*,*,#2773,.T.);
#3755=ORIENTED_EDGE('',*,*,#2755,.T.);
#3756=ORIENTED_EDGE('',*,*,#2774,.T.);
#3757=ORIENTED_EDGE('',*,*,#2775,.T.);
#3758=ORIENTED_EDGE('',*,*,#2776,.T.);
#3759=ORIENTED_EDGE('',*,*,#2771,.F.);
#3760=ORIENTED_EDGE('',*,*,#2777,.T.);
#3761=ORIENTED_EDGE('',*,*,#2778,.T.);
#3762=ORIENTED_EDGE('',*,*,#2779,.T.);
#3763=ORIENTED_EDGE('',*,*,#2759,.T.);
#3764=ORIENTED_EDGE('',*,*,#2777,.F.);
#3765=ORIENTED_EDGE('',*,*,#2758,.T.);
#3766=ORIENTED_EDGE('',*,*,#2772,.F.);
#3767=ORIENTED_EDGE('',*,*,#2780,.T.);
#3768=ORIENTED_EDGE('',*,*,#2781,.T.);
#3769=ORIENTED_EDGE('',*,*,#2704,.T.);
#3770=ORIENTED_EDGE('',*,*,#2782,.T.);
#3771=ORIENTED_EDGE('',*,*,#2761,.T.);
#3772=ORIENTED_EDGE('',*,*,#2783,.T.);
#3773=ORIENTED_EDGE('',*,*,#2762,.T.);
#3774=ORIENTED_EDGE('',*,*,#2782,.F.);
#3775=ORIENTED_EDGE('',*,*,#2707,.T.);
#3776=ORIENTED_EDGE('',*,*,#2784,.T.);
#3777=ORIENTED_EDGE('',*,*,#2763,.T.);
#3778=ORIENTED_EDGE('',*,*,#2783,.F.);
#3779=ORIENTED_EDGE('',*,*,#2709,.T.);
#3780=ORIENTED_EDGE('',*,*,#2781,.F.);
#3781=ORIENTED_EDGE('',*,*,#2760,.T.);
#3782=ORIENTED_EDGE('',*,*,#2779,.F.);
#3783=ORIENTED_EDGE('',*,*,#2785,.T.);
#3784=ORIENTED_EDGE('',*,*,#2786,.T.);
#3785=ORIENTED_EDGE('',*,*,#2765,.T.);
#3786=ORIENTED_EDGE('',*,*,#2787,.T.);
#3787=ORIENTED_EDGE('',*,*,#2711,.T.);
#3788=ORIENTED_EDGE('',*,*,#2787,.F.);
#3789=ORIENTED_EDGE('',*,*,#2764,.T.);
#3790=ORIENTED_EDGE('',*,*,#2784,.F.);
#3791=ORIENTED_EDGE('',*,*,#2712,.T.);
#3792=ORIENTED_EDGE('',*,*,#2788,.T.);
#3793=ORIENTED_EDGE('',*,*,#2753,.T.);
#3794=ORIENTED_EDGE('',*,*,#2789,.T.);
#3795=ORIENTED_EDGE('',*,*,#2790,.T.);
#3796=ORIENTED_EDGE('',*,*,#2789,.F.);
#3797=ORIENTED_EDGE('',*,*,#2766,.T.);
#3798=ORIENTED_EDGE('',*,*,#2786,.F.);
#3799=ORIENTED_EDGE('',*,*,#2791,.T.);
#3800=ORIENTED_EDGE('',*,*,#2774,.F.);
#3801=ORIENTED_EDGE('',*,*,#2754,.T.);
#3802=ORIENTED_EDGE('',*,*,#2788,.F.);
#3803=ORIENTED_EDGE('',*,*,#2792,.T.);
#3804=ORIENTED_EDGE('',*,*,#2669,.F.);
#3805=ORIENTED_EDGE('',*,*,#2793,.F.);
#3806=ORIENTED_EDGE('',*,*,#2780,.F.);
#3807=ORIENTED_EDGE('',*,*,#2773,.F.);
#3808=ORIENTED_EDGE('',*,*,#2794,.T.);
#3809=ORIENTED_EDGE('',*,*,#2667,.F.);
#3810=ORIENTED_EDGE('',*,*,#2794,.F.);
#3811=ORIENTED_EDGE('',*,*,#2769,.F.);
#3812=ORIENTED_EDGE('',*,*,#2776,.F.);
#3813=ORIENTED_EDGE('',*,*,#2795,.T.);
#3814=ORIENTED_EDGE('',*,*,#2664,.T.);
#3815=ORIENTED_EDGE('',*,*,#2660,.F.);
#3816=ORIENTED_EDGE('',*,*,#2795,.F.);
#3817=ORIENTED_EDGE('',*,*,#2775,.F.);
#3818=ORIENTED_EDGE('',*,*,#2792,.F.);
#3819=ORIENTED_EDGE('',*,*,#2796,.T.);
#3820=ORIENTED_EDGE('',*,*,#2797,.T.);
#3821=ORIENTED_EDGE('',*,*,#2798,.T.);
#3822=ORIENTED_EDGE('',*,*,#2746,.T.);
#3823=ORIENTED_EDGE('',*,*,#2799,.T.);
#3824=ORIENTED_EDGE('',*,*,#2800,.T.);
#3825=ORIENTED_EDGE('',*,*,#2747,.T.);
#3826=ORIENTED_EDGE('',*,*,#2798,.F.);
#3827=ORIENTED_EDGE('',*,*,#2801,.T.);
#3828=ORIENTED_EDGE('',*,*,#2802,.T.);
#3829=ORIENTED_EDGE('',*,*,#2748,.T.);
#3830=ORIENTED_EDGE('',*,*,#2800,.F.);
#3831=ORIENTED_EDGE('',*,*,#2803,.T.);
#3832=ORIENTED_EDGE('',*,*,#2804,.T.);
#3833=ORIENTED_EDGE('',*,*,#2749,.T.);
#3834=ORIENTED_EDGE('',*,*,#2802,.F.);
#3835=ORIENTED_EDGE('',*,*,#2805,.T.);
#3836=ORIENTED_EDGE('',*,*,#2806,.T.);
#3837=ORIENTED_EDGE('',*,*,#2750,.T.);
#3838=ORIENTED_EDGE('',*,*,#2804,.F.);
#3839=ORIENTED_EDGE('',*,*,#2642,.T.);
#3840=ORIENTED_EDGE('',*,*,#2807,.T.);
#3841=ORIENTED_EDGE('',*,*,#2751,.T.);
#3842=ORIENTED_EDGE('',*,*,#2806,.F.);
#3843=ORIENTED_EDGE('',*,*,#2808,.T.);
#3844=ORIENTED_EDGE('',*,*,#2730,.T.);
#3845=ORIENTED_EDGE('',*,*,#2752,.T.);
#3846=ORIENTED_EDGE('',*,*,#2807,.F.);
#3847=ORIENTED_EDGE('',*,*,#2809,.T.);
#3848=ORIENTED_EDGE('',*,*,#2810,.T.);
#3849=ORIENTED_EDGE('',*,*,#2742,.T.);
#3850=ORIENTED_EDGE('',*,*,#2727,.F.);
#3851=ORIENTED_EDGE('',*,*,#2811,.T.);
#3852=ORIENTED_EDGE('',*,*,#2812,.T.);
#3853=ORIENTED_EDGE('',*,*,#2743,.T.);
#3854=ORIENTED_EDGE('',*,*,#2810,.F.);
#3855=ORIENTED_EDGE('',*,*,#2658,.T.);
#3856=ORIENTED_EDGE('',*,*,#2813,.T.);
#3857=ORIENTED_EDGE('',*,*,#2744,.T.);
#3858=ORIENTED_EDGE('',*,*,#2812,.F.);
#3859=ORIENTED_EDGE('',*,*,#2814,.T.);
#3860=ORIENTED_EDGE('',*,*,#2745,.T.);
#3861=ORIENTED_EDGE('',*,*,#2813,.F.);
#3862=ORIENTED_EDGE('',*,*,#2815,.T.);
#3863=ORIENTED_EDGE('',*,*,#2799,.F.);
#3864=ORIENTED_EDGE('',*,*,#2808,.F.);
#3865=ORIENTED_EDGE('',*,*,#2641,.F.);
#3866=ORIENTED_EDGE('',*,*,#2646,.T.);
#3867=ORIENTED_EDGE('',*,*,#2816,.T.);
#3868=ORIENTED_EDGE('',*,*,#2805,.F.);
#3869=ORIENTED_EDGE('',*,*,#2817,.F.);
#3870=ORIENTED_EDGE('',*,*,#2818,.T.);
#3871=ORIENTED_EDGE('',*,*,#2643,.T.);
#3872=ORIENTED_EDGE('',*,*,#2803,.F.);
#3873=ORIENTED_EDGE('',*,*,#2819,.F.);
#3874=ORIENTED_EDGE('',*,*,#2820,.T.);
#3875=ORIENTED_EDGE('',*,*,#2817,.T.);
#3876=ORIENTED_EDGE('',*,*,#2801,.F.);
#3877=ORIENTED_EDGE('',*,*,#2821,.F.);
#3878=ORIENTED_EDGE('',*,*,#2822,.T.);
#3879=ORIENTED_EDGE('',*,*,#2819,.T.);
#3880=ORIENTED_EDGE('',*,*,#2797,.F.);
#3881=ORIENTED_EDGE('',*,*,#2823,.F.);
#3882=ORIENTED_EDGE('',*,*,#2824,.T.);
#3883=ORIENTED_EDGE('',*,*,#2821,.T.);
#3884=ORIENTED_EDGE('',*,*,#2701,.F.);
#3885=ORIENTED_EDGE('',*,*,#2796,.F.);
#3886=ORIENTED_EDGE('',*,*,#2790,.F.);
#3887=ORIENTED_EDGE('',*,*,#2791,.F.);
#3888=ORIENTED_EDGE('',*,*,#2710,.T.);
#3889=ORIENTED_EDGE('',*,*,#2698,.F.);
#3890=ORIENTED_EDGE('',*,*,#2672,.F.);
#3891=ORIENTED_EDGE('',*,*,#2705,.F.);
#3892=ORIENTED_EDGE('',*,*,#2785,.F.);
#3893=ORIENTED_EDGE('',*,*,#2778,.F.);
#3894=ORIENTED_EDGE('',*,*,#2793,.T.);
#3895=ORIENTED_EDGE('',*,*,#2675,.F.);
#3896=ORIENTED_EDGE('',*,*,#2734,.T.);
#3897=ORIENTED_EDGE('',*,*,#2825,.T.);
#3898=ORIENTED_EDGE('',*,*,#2489,.T.);
#3899=ORIENTED_EDGE('',*,*,#2572,.T.);
#3900=ORIENTED_EDGE('',*,*,#2826,.F.);
#3901=ORIENTED_EDGE('',*,*,#2827,.T.);
#3902=ORIENTED_EDGE('',*,*,#2487,.T.);
#3903=ORIENTED_EDGE('',*,*,#2825,.F.);
#3904=ORIENTED_EDGE('',*,*,#2733,.T.);
#3905=ORIENTED_EDGE('',*,*,#2768,.T.);
#3906=ORIENTED_EDGE('',*,*,#2485,.T.);
#3907=ORIENTED_EDGE('',*,*,#2827,.F.);
#3908=ORIENTED_EDGE('',*,*,#2732,.T.);
#3909=ORIENTED_EDGE('',*,*,#2828,.T.);
#3910=ORIENTED_EDGE('',*,*,#2477,.T.);
#3911=ORIENTED_EDGE('',*,*,#2767,.F.);
#3912=ORIENTED_EDGE('',*,*,#2740,.T.);
#3913=ORIENTED_EDGE('',*,*,#2829,.T.);
#3914=ORIENTED_EDGE('',*,*,#2474,.T.);
#3915=ORIENTED_EDGE('',*,*,#2828,.F.);
#3916=ORIENTED_EDGE('',*,*,#2739,.T.);
#3917=ORIENTED_EDGE('',*,*,#2830,.T.);
#3918=ORIENTED_EDGE('',*,*,#2577,.T.);
#3919=ORIENTED_EDGE('',*,*,#2829,.F.);
#3920=ORIENTED_EDGE('',*,*,#2738,.T.);
#3921=ORIENTED_EDGE('',*,*,#2831,.T.);
#3922=ORIENTED_EDGE('',*,*,#2576,.T.);
#3923=ORIENTED_EDGE('',*,*,#2830,.F.);
#3924=ORIENTED_EDGE('',*,*,#2737,.T.);
#3925=ORIENTED_EDGE('',*,*,#2832,.T.);
#3926=ORIENTED_EDGE('',*,*,#2574,.T.);
#3927=ORIENTED_EDGE('',*,*,#2831,.F.);
#3928=ORIENTED_EDGE('',*,*,#2736,.T.);
#3929=ORIENTED_EDGE('',*,*,#2571,.T.);
#3930=ORIENTED_EDGE('',*,*,#2832,.F.);
#3931=ORIENTED_EDGE('',*,*,#2735,.T.);
#3932=ORIENTED_EDGE('',*,*,#2826,.T.);
#3933=ORIENTED_EDGE('',*,*,#2809,.F.);
#3934=ORIENTED_EDGE('',*,*,#2816,.F.);
#3935=ORIENTED_EDGE('',*,*,#2648,.T.);
#3936=ORIENTED_EDGE('',*,*,#2726,.T.);
#3937=ORIENTED_EDGE('',*,*,#2815,.F.);
#3938=ORIENTED_EDGE('',*,*,#2833,.F.);
#3939=ORIENTED_EDGE('',*,*,#2834,.T.);
#3940=ORIENTED_EDGE('',*,*,#2823,.T.);
#3941=ORIENTED_EDGE('',*,*,#2814,.F.);
#3942=ORIENTED_EDGE('',*,*,#2657,.F.);
#3943=ORIENTED_EDGE('',*,*,#2835,.T.);
#3944=ORIENTED_EDGE('',*,*,#2833,.T.);
#3945=ORIENTED_EDGE('',*,*,#2811,.F.);
#3946=ORIENTED_EDGE('',*,*,#2723,.F.);
#3947=ORIENTED_EDGE('',*,*,#2655,.T.);
#3948=ORIENTED_EDGE('',*,*,#2659,.T.);
#3949=ORIENTED_EDGE('',*,*,#2625,.F.);
#3950=ORIENTED_EDGE('',*,*,#2644,.F.);
#3951=ORIENTED_EDGE('',*,*,#2818,.F.);
#3952=ORIENTED_EDGE('',*,*,#2836,.T.);
#3953=ORIENTED_EDGE('',*,*,#2618,.F.);
#3954=ORIENTED_EDGE('',*,*,#2619,.F.);
#3955=ORIENTED_EDGE('',*,*,#2836,.F.);
#3956=ORIENTED_EDGE('',*,*,#2820,.F.);
#3957=ORIENTED_EDGE('',*,*,#2837,.T.);
#3958=ORIENTED_EDGE('',*,*,#2612,.F.);
#3959=ORIENTED_EDGE('',*,*,#2613,.F.);
#3960=ORIENTED_EDGE('',*,*,#2837,.F.);
#3961=ORIENTED_EDGE('',*,*,#2822,.F.);
#3962=ORIENTED_EDGE('',*,*,#2838,.T.);
#3963=ORIENTED_EDGE('',*,*,#2607,.F.);
#3964=ORIENTED_EDGE('',*,*,#2604,.F.);
#3965=ORIENTED_EDGE('',*,*,#2601,.F.);
#3966=ORIENTED_EDGE('',*,*,#2838,.F.);
#3967=ORIENTED_EDGE('',*,*,#2824,.F.);
#3968=ORIENTED_EDGE('',*,*,#2839,.T.);
#3969=ORIENTED_EDGE('',*,*,#2596,.F.);
#3970=ORIENTED_EDGE('',*,*,#2602,.F.);
#3971=ORIENTED_EDGE('',*,*,#2839,.F.);
#3972=ORIENTED_EDGE('',*,*,#2834,.F.);
#3973=ORIENTED_EDGE('',*,*,#2840,.T.);
#3974=ORIENTED_EDGE('',*,*,#2593,.F.);
#3975=ORIENTED_EDGE('',*,*,#2840,.F.);
#3976=ORIENTED_EDGE('',*,*,#2835,.F.);
#3977=ORIENTED_EDGE('',*,*,#2656,.T.);
#3978=ORIENTED_EDGE('',*,*,#2638,.F.);
#3979=ORIENTED_EDGE('',*,*,#2841,.T.);
#3980=ORIENTED_EDGE('',*,*,#2842,.T.);
#3981=ORIENTED_EDGE('',*,*,#2843,.T.);
#3982=ORIENTED_EDGE('',*,*,#2844,.T.);
#3983=ORIENTED_EDGE('',*,*,#2845,.T.);
#3984=ORIENTED_EDGE('',*,*,#2846,.T.);
#3985=ORIENTED_EDGE('',*,*,#2847,.T.);
#3986=ORIENTED_EDGE('',*,*,#2848,.T.);
#3987=ORIENTED_EDGE('',*,*,#2844,.F.);
#3988=ORIENTED_EDGE('',*,*,#2849,.T.);
#3989=ORIENTED_EDGE('',*,*,#2850,.T.);
#3990=ORIENTED_EDGE('',*,*,#2851,.T.);
#3991=ORIENTED_EDGE('',*,*,#2852,.T.);
#3992=ORIENTED_EDGE('',*,*,#2849,.F.);
#3993=ORIENTED_EDGE('',*,*,#2853,.T.);
#3994=ORIENTED_EDGE('',*,*,#2846,.F.);
#3995=ORIENTED_EDGE('',*,*,#2854,.T.);
#3996=ORIENTED_EDGE('',*,*,#2855,.T.);
#3997=ORIENTED_EDGE('',*,*,#2856,.T.);
#3998=ORIENTED_EDGE('',*,*,#2857,.T.);
#3999=ORIENTED_EDGE('',*,*,#2858,.T.);
#4000=ORIENTED_EDGE('',*,*,#2857,.F.);
#4001=ORIENTED_EDGE('',*,*,#2859,.T.);
#4002=ORIENTED_EDGE('',*,*,#2851,.F.);
#4003=ORIENTED_EDGE('',*,*,#2860,.T.);
#4004=ORIENTED_EDGE('',*,*,#2842,.F.);
#4005=ORIENTED_EDGE('',*,*,#2861,.T.);
#4006=ORIENTED_EDGE('',*,*,#2862,.T.);
#4007=ORIENTED_EDGE('',*,*,#2863,.T.);
#4008=ORIENTED_EDGE('',*,*,#2864,.T.);
#4009=ORIENTED_EDGE('',*,*,#2865,.T.);
#4010=ORIENTED_EDGE('',*,*,#2866,.T.);
#4011=ORIENTED_EDGE('',*,*,#2867,.T.);
#4012=ORIENTED_EDGE('',*,*,#2862,.F.);
#4013=ORIENTED_EDGE('',*,*,#2868,.T.);
#4014=ORIENTED_EDGE('',*,*,#2869,.T.);
#4015=ORIENTED_EDGE('',*,*,#2870,.T.);
#4016=ORIENTED_EDGE('',*,*,#2869,.F.);
#4017=ORIENTED_EDGE('',*,*,#2871,.T.);
#4018=ORIENTED_EDGE('',*,*,#2866,.F.);
#4019=ORIENTED_EDGE('',*,*,#2872,.T.);
#4020=ORIENTED_EDGE('',*,*,#2858,.F.);
#4021=ORIENTED_EDGE('',*,*,#2860,.F.);
#4022=ORIENTED_EDGE('',*,*,#2850,.F.);
#4023=ORIENTED_EDGE('',*,*,#2854,.F.);
#4024=ORIENTED_EDGE('',*,*,#2845,.F.);
#4025=ORIENTED_EDGE('',*,*,#2843,.F.);
#4026=ORIENTED_EDGE('',*,*,#2863,.F.);
#4027=ORIENTED_EDGE('',*,*,#2870,.F.);
#4028=ORIENTED_EDGE('',*,*,#2872,.F.);
#4029=ORIENTED_EDGE('',*,*,#2865,.F.);
#4030=ORIENTED_EDGE('',*,*,#2873,.F.);
#4031=ORIENTED_EDGE('',*,*,#2874,.F.);
#4032=ORIENTED_EDGE('',*,*,#2875,.F.);
#4033=ORIENTED_EDGE('',*,*,#2876,.F.);
#4034=ORIENTED_EDGE('',*,*,#2877,.F.);
#4035=ORIENTED_EDGE('',*,*,#2864,.F.);
#4036=ORIENTED_EDGE('',*,*,#2878,.F.);
#4037=ORIENTED_EDGE('',*,*,#2879,.T.);
#4038=ORIENTED_EDGE('',*,*,#2880,.T.);
#4039=ORIENTED_EDGE('',*,*,#2881,.T.);
#4040=ORIENTED_EDGE('',*,*,#2873,.T.);
#4041=ORIENTED_EDGE('',*,*,#2867,.F.);
#4042=ORIENTED_EDGE('',*,*,#2882,.F.);
#4043=ORIENTED_EDGE('',*,*,#2883,.T.);
#4044=ORIENTED_EDGE('',*,*,#2878,.T.);
#4045=ORIENTED_EDGE('',*,*,#2884,.F.);
#4046=ORIENTED_EDGE('',*,*,#2885,.T.);
#4047=ORIENTED_EDGE('',*,*,#2886,.T.);
#4048=ORIENTED_EDGE('',*,*,#2887,.F.);
#4049=ORIENTED_EDGE('',*,*,#2888,.F.);
#4050=ORIENTED_EDGE('',*,*,#2889,.T.);
#4051=ORIENTED_EDGE('',*,*,#2890,.T.);
#4052=ORIENTED_EDGE('',*,*,#2885,.F.);
#4053=ORIENTED_EDGE('',*,*,#2891,.F.);
#4054=ORIENTED_EDGE('',*,*,#2892,.T.);
#4055=ORIENTED_EDGE('',*,*,#2893,.T.);
#4056=ORIENTED_EDGE('',*,*,#2889,.F.);
#4057=ORIENTED_EDGE('',*,*,#2894,.F.);
#4058=ORIENTED_EDGE('',*,*,#2895,.T.);
#4059=ORIENTED_EDGE('',*,*,#2896,.T.);
#4060=ORIENTED_EDGE('',*,*,#2892,.F.);
#4061=ORIENTED_EDGE('',*,*,#2897,.F.);
#4062=ORIENTED_EDGE('',*,*,#2898,.T.);
#4063=ORIENTED_EDGE('',*,*,#2899,.T.);
#4064=ORIENTED_EDGE('',*,*,#2895,.F.);
#4065=ORIENTED_EDGE('',*,*,#2900,.F.);
#4066=ORIENTED_EDGE('',*,*,#2901,.T.);
#4067=ORIENTED_EDGE('',*,*,#2902,.T.);
#4068=ORIENTED_EDGE('',*,*,#2898,.F.);
#4069=ORIENTED_EDGE('',*,*,#2903,.F.);
#4070=ORIENTED_EDGE('',*,*,#2904,.T.);
#4071=ORIENTED_EDGE('',*,*,#2905,.T.);
#4072=ORIENTED_EDGE('',*,*,#2901,.F.);
#4073=ORIENTED_EDGE('',*,*,#2906,.F.);
#4074=ORIENTED_EDGE('',*,*,#2907,.T.);
#4075=ORIENTED_EDGE('',*,*,#2908,.T.);
#4076=ORIENTED_EDGE('',*,*,#2904,.F.);
#4077=ORIENTED_EDGE('',*,*,#2909,.F.);
#4078=ORIENTED_EDGE('',*,*,#2910,.T.);
#4079=ORIENTED_EDGE('',*,*,#2911,.T.);
#4080=ORIENTED_EDGE('',*,*,#2907,.F.);
#4081=ORIENTED_EDGE('',*,*,#2912,.F.);
#4082=ORIENTED_EDGE('',*,*,#2913,.T.);
#4083=ORIENTED_EDGE('',*,*,#2914,.T.);
#4084=ORIENTED_EDGE('',*,*,#2910,.F.);
#4085=ORIENTED_EDGE('',*,*,#2915,.F.);
#4086=ORIENTED_EDGE('',*,*,#2916,.T.);
#4087=ORIENTED_EDGE('',*,*,#2917,.T.);
#4088=ORIENTED_EDGE('',*,*,#2913,.F.);
#4089=ORIENTED_EDGE('',*,*,#2918,.F.);
#4090=ORIENTED_EDGE('',*,*,#2919,.T.);
#4091=ORIENTED_EDGE('',*,*,#2920,.T.);
#4092=ORIENTED_EDGE('',*,*,#2916,.F.);
#4093=ORIENTED_EDGE('',*,*,#2921,.F.);
#4094=ORIENTED_EDGE('',*,*,#2922,.T.);
#4095=ORIENTED_EDGE('',*,*,#2923,.T.);
#4096=ORIENTED_EDGE('',*,*,#2919,.F.);
#4097=ORIENTED_EDGE('',*,*,#2924,.F.);
#4098=ORIENTED_EDGE('',*,*,#2925,.T.);
#4099=ORIENTED_EDGE('',*,*,#2926,.T.);
#4100=ORIENTED_EDGE('',*,*,#2922,.F.);
#4101=ORIENTED_EDGE('',*,*,#2927,.F.);
#4102=ORIENTED_EDGE('',*,*,#2928,.T.);
#4103=ORIENTED_EDGE('',*,*,#2929,.T.);
#4104=ORIENTED_EDGE('',*,*,#2925,.F.);
#4105=ORIENTED_EDGE('',*,*,#2930,.F.);
#4106=ORIENTED_EDGE('',*,*,#2931,.T.);
#4107=ORIENTED_EDGE('',*,*,#2932,.T.);
#4108=ORIENTED_EDGE('',*,*,#2928,.F.);
#4109=ORIENTED_EDGE('',*,*,#2933,.F.);
#4110=ORIENTED_EDGE('',*,*,#2934,.T.);
#4111=ORIENTED_EDGE('',*,*,#2935,.T.);
#4112=ORIENTED_EDGE('',*,*,#2931,.F.);
#4113=ORIENTED_EDGE('',*,*,#2936,.F.);
#4114=ORIENTED_EDGE('',*,*,#2887,.T.);
#4115=ORIENTED_EDGE('',*,*,#2937,.T.);
#4116=ORIENTED_EDGE('',*,*,#2934,.F.);
#4117=ORIENTED_EDGE('',*,*,#2937,.F.);
#4118=ORIENTED_EDGE('',*,*,#2886,.F.);
#4119=ORIENTED_EDGE('',*,*,#2890,.F.);
#4120=ORIENTED_EDGE('',*,*,#2893,.F.);
#4121=ORIENTED_EDGE('',*,*,#2896,.F.);
#4122=ORIENTED_EDGE('',*,*,#2899,.F.);
#4123=ORIENTED_EDGE('',*,*,#2902,.F.);
#4124=ORIENTED_EDGE('',*,*,#2905,.F.);
#4125=ORIENTED_EDGE('',*,*,#2908,.F.);
#4126=ORIENTED_EDGE('',*,*,#2911,.F.);
#4127=ORIENTED_EDGE('',*,*,#2914,.F.);
#4128=ORIENTED_EDGE('',*,*,#2917,.F.);
#4129=ORIENTED_EDGE('',*,*,#2920,.F.);
#4130=ORIENTED_EDGE('',*,*,#2923,.F.);
#4131=ORIENTED_EDGE('',*,*,#2926,.F.);
#4132=ORIENTED_EDGE('',*,*,#2929,.F.);
#4133=ORIENTED_EDGE('',*,*,#2932,.F.);
#4134=ORIENTED_EDGE('',*,*,#2935,.F.);
#4135=ORIENTED_EDGE('',*,*,#2938,.F.);
#4136=ORIENTED_EDGE('',*,*,#2939,.T.);
#4137=ORIENTED_EDGE('',*,*,#2940,.T.);
#4138=ORIENTED_EDGE('',*,*,#2941,.F.);
#4139=ORIENTED_EDGE('',*,*,#2942,.F.);
#4140=ORIENTED_EDGE('',*,*,#2943,.T.);
#4141=ORIENTED_EDGE('',*,*,#2944,.T.);
#4142=ORIENTED_EDGE('',*,*,#2939,.F.);
#4143=ORIENTED_EDGE('',*,*,#2945,.F.);
#4144=ORIENTED_EDGE('',*,*,#2946,.T.);
#4145=ORIENTED_EDGE('',*,*,#2947,.T.);
#4146=ORIENTED_EDGE('',*,*,#2943,.F.);
#4147=ORIENTED_EDGE('',*,*,#2948,.F.);
#4148=ORIENTED_EDGE('',*,*,#2949,.T.);
#4149=ORIENTED_EDGE('',*,*,#2950,.T.);
#4150=ORIENTED_EDGE('',*,*,#2946,.F.);
#4151=ORIENTED_EDGE('',*,*,#2951,.F.);
#4152=ORIENTED_EDGE('',*,*,#2952,.T.);
#4153=ORIENTED_EDGE('',*,*,#2953,.T.);
#4154=ORIENTED_EDGE('',*,*,#2949,.F.);
#4155=ORIENTED_EDGE('',*,*,#2954,.F.);
#4156=ORIENTED_EDGE('',*,*,#2955,.T.);
#4157=ORIENTED_EDGE('',*,*,#2956,.T.);
#4158=ORIENTED_EDGE('',*,*,#2952,.F.);
#4159=ORIENTED_EDGE('',*,*,#2957,.F.);
#4160=ORIENTED_EDGE('',*,*,#2958,.T.);
#4161=ORIENTED_EDGE('',*,*,#2959,.T.);
#4162=ORIENTED_EDGE('',*,*,#2955,.F.);
#4163=ORIENTED_EDGE('',*,*,#2960,.F.);
#4164=ORIENTED_EDGE('',*,*,#2961,.T.);
#4165=ORIENTED_EDGE('',*,*,#2962,.T.);
#4166=ORIENTED_EDGE('',*,*,#2958,.F.);
#4167=ORIENTED_EDGE('',*,*,#2963,.F.);
#4168=ORIENTED_EDGE('',*,*,#2964,.T.);
#4169=ORIENTED_EDGE('',*,*,#2965,.T.);
#4170=ORIENTED_EDGE('',*,*,#2961,.F.);
#4171=ORIENTED_EDGE('',*,*,#2966,.F.);
#4172=ORIENTED_EDGE('',*,*,#2967,.T.);
#4173=ORIENTED_EDGE('',*,*,#2968,.T.);
#4174=ORIENTED_EDGE('',*,*,#2964,.F.);
#4175=ORIENTED_EDGE('',*,*,#2969,.F.);
#4176=ORIENTED_EDGE('',*,*,#2970,.T.);
#4177=ORIENTED_EDGE('',*,*,#2971,.T.);
#4178=ORIENTED_EDGE('',*,*,#2967,.F.);
#4179=ORIENTED_EDGE('',*,*,#2972,.F.);
#4180=ORIENTED_EDGE('',*,*,#2973,.T.);
#4181=ORIENTED_EDGE('',*,*,#2974,.T.);
#4182=ORIENTED_EDGE('',*,*,#2970,.F.);
#4183=ORIENTED_EDGE('',*,*,#2975,.F.);
#4184=ORIENTED_EDGE('',*,*,#2941,.T.);
#4185=ORIENTED_EDGE('',*,*,#2976,.T.);
#4186=ORIENTED_EDGE('',*,*,#2973,.F.);
#4187=ORIENTED_EDGE('',*,*,#2976,.F.);
#4188=ORIENTED_EDGE('',*,*,#2940,.F.);
#4189=ORIENTED_EDGE('',*,*,#2944,.F.);
#4190=ORIENTED_EDGE('',*,*,#2947,.F.);
#4191=ORIENTED_EDGE('',*,*,#2950,.F.);
#4192=ORIENTED_EDGE('',*,*,#2953,.F.);
#4193=ORIENTED_EDGE('',*,*,#2956,.F.);
#4194=ORIENTED_EDGE('',*,*,#2959,.F.);
#4195=ORIENTED_EDGE('',*,*,#2962,.F.);
#4196=ORIENTED_EDGE('',*,*,#2965,.F.);
#4197=ORIENTED_EDGE('',*,*,#2968,.F.);
#4198=ORIENTED_EDGE('',*,*,#2971,.F.);
#4199=ORIENTED_EDGE('',*,*,#2974,.F.);
#4200=ORIENTED_EDGE('',*,*,#2977,.F.);
#4201=ORIENTED_EDGE('',*,*,#2978,.T.);
#4202=ORIENTED_EDGE('',*,*,#2979,.T.);
#4203=ORIENTED_EDGE('',*,*,#2980,.F.);
#4204=ORIENTED_EDGE('',*,*,#2981,.F.);
#4205=ORIENTED_EDGE('',*,*,#2982,.T.);
#4206=ORIENTED_EDGE('',*,*,#2983,.T.);
#4207=ORIENTED_EDGE('',*,*,#2978,.F.);
#4208=ORIENTED_EDGE('',*,*,#2984,.F.);
#4209=ORIENTED_EDGE('',*,*,#2985,.T.);
#4210=ORIENTED_EDGE('',*,*,#2986,.T.);
#4211=ORIENTED_EDGE('',*,*,#2982,.F.);
#4212=ORIENTED_EDGE('',*,*,#2987,.F.);
#4213=ORIENTED_EDGE('',*,*,#2988,.T.);
#4214=ORIENTED_EDGE('',*,*,#2989,.T.);
#4215=ORIENTED_EDGE('',*,*,#2985,.F.);
#4216=ORIENTED_EDGE('',*,*,#2990,.F.);
#4217=ORIENTED_EDGE('',*,*,#2991,.T.);
#4218=ORIENTED_EDGE('',*,*,#2992,.T.);
#4219=ORIENTED_EDGE('',*,*,#2988,.F.);
#4220=ORIENTED_EDGE('',*,*,#2993,.F.);
#4221=ORIENTED_EDGE('',*,*,#2994,.T.);
#4222=ORIENTED_EDGE('',*,*,#2995,.T.);
#4223=ORIENTED_EDGE('',*,*,#2991,.F.);
#4224=ORIENTED_EDGE('',*,*,#2996,.F.);
#4225=ORIENTED_EDGE('',*,*,#2997,.T.);
#4226=ORIENTED_EDGE('',*,*,#2998,.T.);
#4227=ORIENTED_EDGE('',*,*,#2994,.F.);
#4228=ORIENTED_EDGE('',*,*,#2999,.F.);
#4229=ORIENTED_EDGE('',*,*,#3000,.T.);
#4230=ORIENTED_EDGE('',*,*,#3001,.T.);
#4231=ORIENTED_EDGE('',*,*,#2997,.F.);
#4232=ORIENTED_EDGE('',*,*,#3002,.F.);
#4233=ORIENTED_EDGE('',*,*,#3003,.T.);
#4234=ORIENTED_EDGE('',*,*,#3004,.T.);
#4235=ORIENTED_EDGE('',*,*,#3000,.F.);
#4236=ORIENTED_EDGE('',*,*,#3005,.F.);
#4237=ORIENTED_EDGE('',*,*,#3006,.T.);
#4238=ORIENTED_EDGE('',*,*,#3007,.T.);
#4239=ORIENTED_EDGE('',*,*,#3003,.F.);
#4240=ORIENTED_EDGE('',*,*,#3008,.F.);
#4241=ORIENTED_EDGE('',*,*,#3009,.T.);
#4242=ORIENTED_EDGE('',*,*,#3010,.T.);
#4243=ORIENTED_EDGE('',*,*,#3006,.F.);
#4244=ORIENTED_EDGE('',*,*,#3011,.F.);
#4245=ORIENTED_EDGE('',*,*,#3012,.T.);
#4246=ORIENTED_EDGE('',*,*,#3013,.T.);
#4247=ORIENTED_EDGE('',*,*,#3009,.F.);
#4248=ORIENTED_EDGE('',*,*,#3014,.F.);
#4249=ORIENTED_EDGE('',*,*,#3015,.T.);
#4250=ORIENTED_EDGE('',*,*,#3016,.T.);
#4251=ORIENTED_EDGE('',*,*,#3012,.F.);
#4252=ORIENTED_EDGE('',*,*,#3017,.F.);
#4253=ORIENTED_EDGE('',*,*,#3018,.T.);
#4254=ORIENTED_EDGE('',*,*,#3019,.T.);
#4255=ORIENTED_EDGE('',*,*,#3015,.F.);
#4256=ORIENTED_EDGE('',*,*,#3020,.F.);
#4257=ORIENTED_EDGE('',*,*,#2980,.T.);
#4258=ORIENTED_EDGE('',*,*,#3021,.T.);
#4259=ORIENTED_EDGE('',*,*,#3018,.F.);
#4260=ORIENTED_EDGE('',*,*,#3021,.F.);
#4261=ORIENTED_EDGE('',*,*,#2979,.F.);
#4262=ORIENTED_EDGE('',*,*,#2983,.F.);
#4263=ORIENTED_EDGE('',*,*,#2986,.F.);
#4264=ORIENTED_EDGE('',*,*,#2989,.F.);
#4265=ORIENTED_EDGE('',*,*,#2992,.F.);
#4266=ORIENTED_EDGE('',*,*,#2995,.F.);
#4267=ORIENTED_EDGE('',*,*,#2998,.F.);
#4268=ORIENTED_EDGE('',*,*,#3001,.F.);
#4269=ORIENTED_EDGE('',*,*,#3004,.F.);
#4270=ORIENTED_EDGE('',*,*,#3007,.F.);
#4271=ORIENTED_EDGE('',*,*,#3010,.F.);
#4272=ORIENTED_EDGE('',*,*,#3013,.F.);
#4273=ORIENTED_EDGE('',*,*,#3016,.F.);
#4274=ORIENTED_EDGE('',*,*,#3019,.F.);
#4275=ORIENTED_EDGE('',*,*,#2876,.T.);
#4276=ORIENTED_EDGE('',*,*,#3022,.T.);
#4277=ORIENTED_EDGE('',*,*,#3023,.T.);
#4278=ORIENTED_EDGE('',*,*,#3022,.F.);
#4279=ORIENTED_EDGE('',*,*,#3023,.F.);
#4280=ORIENTED_EDGE('',*,*,#3024,.T.);
#4281=ORIENTED_EDGE('',*,*,#3025,.T.);
#4282=ORIENTED_EDGE('',*,*,#3024,.F.);
#4283=ORIENTED_EDGE('',*,*,#2877,.T.);
#4284=ORIENTED_EDGE('',*,*,#3026,.T.);
#4285=ORIENTED_EDGE('',*,*,#3027,.T.);
#4286=ORIENTED_EDGE('',*,*,#3026,.F.);
#4287=ORIENTED_EDGE('',*,*,#3027,.F.);
#4288=ORIENTED_EDGE('',*,*,#3028,.T.);
#4289=ORIENTED_EDGE('',*,*,#3029,.T.);
#4290=ORIENTED_EDGE('',*,*,#3028,.F.);
#4291=ORIENTED_EDGE('',*,*,#3025,.F.);
#4292=ORIENTED_EDGE('',*,*,#3029,.F.);
#4293=ORIENTED_EDGE('',*,*,#3030,.T.);
#4294=ORIENTED_EDGE('',*,*,#3031,.T.);
#4295=ORIENTED_EDGE('',*,*,#3032,.T.);
#4296=ORIENTED_EDGE('',*,*,#3033,.T.);
#4297=ORIENTED_EDGE('',*,*,#3034,.T.);
#4298=ORIENTED_EDGE('',*,*,#3031,.F.);
#4299=ORIENTED_EDGE('',*,*,#3035,.F.);
#4300=ORIENTED_EDGE('',*,*,#3036,.F.);
#4301=ORIENTED_EDGE('',*,*,#3037,.F.);
#4302=ORIENTED_EDGE('',*,*,#3030,.F.);
#4303=ORIENTED_EDGE('',*,*,#3038,.F.);
#4304=ORIENTED_EDGE('',*,*,#3039,.T.);
#4305=ORIENTED_EDGE('',*,*,#3040,.T.);
#4306=ORIENTED_EDGE('',*,*,#3041,.F.);
#4307=ORIENTED_EDGE('',*,*,#3035,.T.);
#4308=ORIENTED_EDGE('',*,*,#3034,.F.);
#4309=ORIENTED_EDGE('',*,*,#3042,.T.);
#4310=ORIENTED_EDGE('',*,*,#3043,.F.);
#4311=ORIENTED_EDGE('',*,*,#3044,.F.);
#4312=ORIENTED_EDGE('',*,*,#3045,.T.);
#4313=ORIENTED_EDGE('',*,*,#3038,.T.);
#4314=ORIENTED_EDGE('',*,*,#3043,.T.);
#4315=ORIENTED_EDGE('',*,*,#3046,.T.);
#4316=ORIENTED_EDGE('',*,*,#3047,.T.);
#4317=ORIENTED_EDGE('',*,*,#3048,.T.);
#4318=ORIENTED_EDGE('',*,*,#3049,.T.);
#4319=ORIENTED_EDGE('',*,*,#3049,.F.);
#4320=ORIENTED_EDGE('',*,*,#3050,.T.);
#4321=ORIENTED_EDGE('',*,*,#3051,.F.);
#4322=ORIENTED_EDGE('',*,*,#3052,.F.);
#4323=ORIENTED_EDGE('',*,*,#3053,.T.);
#4324=ORIENTED_EDGE('',*,*,#3044,.T.);
#4325=ORIENTED_EDGE('',*,*,#3048,.F.);
#4326=ORIENTED_EDGE('',*,*,#3054,.T.);
#4327=ORIENTED_EDGE('',*,*,#3055,.F.);
#4328=ORIENTED_EDGE('',*,*,#3050,.F.);
#4329=ORIENTED_EDGE('',*,*,#3056,.T.);
#4330=ORIENTED_EDGE('',*,*,#3057,.T.);
#4331=ORIENTED_EDGE('',*,*,#3058,.T.);
#4332=ORIENTED_EDGE('',*,*,#3036,.T.);
#4333=ORIENTED_EDGE('',*,*,#3041,.T.);
#4334=ORIENTED_EDGE('',*,*,#3057,.F.);
#4335=ORIENTED_EDGE('',*,*,#3059,.F.);
#4336=ORIENTED_EDGE('',*,*,#3060,.F.);
#4337=ORIENTED_EDGE('',*,*,#3061,.T.);
#4338=ORIENTED_EDGE('',*,*,#3056,.F.);
#4339=ORIENTED_EDGE('',*,*,#3040,.F.);
#4340=ORIENTED_EDGE('',*,*,#3062,.T.);
#4341=ORIENTED_EDGE('',*,*,#3052,.T.);
#4342=ORIENTED_EDGE('',*,*,#3063,.F.);
#4343=ORIENTED_EDGE('',*,*,#3059,.T.);
#4344=ORIENTED_EDGE('',*,*,#3051,.T.);
#4345=ORIENTED_EDGE('',*,*,#3055,.T.);
#4346=ORIENTED_EDGE('',*,*,#3064,.T.);
#4347=ORIENTED_EDGE('',*,*,#3060,.T.);
#4348=ORIENTED_EDGE('',*,*,#3063,.T.);
#4349=ORIENTED_EDGE('',*,*,#3065,.T.);
#4350=ORIENTED_EDGE('',*,*,#3066,.T.);
#4351=ORIENTED_EDGE('',*,*,#3067,.T.);
#4352=ORIENTED_EDGE('',*,*,#3068,.T.);
#4353=ORIENTED_EDGE('',*,*,#3069,.T.);
#4354=ORIENTED_EDGE('',*,*,#3066,.F.);
#4355=ORIENTED_EDGE('',*,*,#3070,.F.);
#4356=ORIENTED_EDGE('',*,*,#3071,.F.);
#4357=ORIENTED_EDGE('',*,*,#3072,.F.);
#4358=ORIENTED_EDGE('',*,*,#3065,.F.);
#4359=ORIENTED_EDGE('',*,*,#3073,.F.);
#4360=ORIENTED_EDGE('',*,*,#3074,.T.);
#4361=ORIENTED_EDGE('',*,*,#3075,.T.);
#4362=ORIENTED_EDGE('',*,*,#3076,.F.);
#4363=ORIENTED_EDGE('',*,*,#3070,.T.);
#4364=ORIENTED_EDGE('',*,*,#3069,.F.);
#4365=ORIENTED_EDGE('',*,*,#3077,.T.);
#4366=ORIENTED_EDGE('',*,*,#3078,.F.);
#4367=ORIENTED_EDGE('',*,*,#3079,.F.);
#4368=ORIENTED_EDGE('',*,*,#3080,.T.);
#4369=ORIENTED_EDGE('',*,*,#3073,.T.);
#4370=ORIENTED_EDGE('',*,*,#3078,.T.);
#4371=ORIENTED_EDGE('',*,*,#3081,.T.);
#4372=ORIENTED_EDGE('',*,*,#3082,.T.);
#4373=ORIENTED_EDGE('',*,*,#3083,.T.);
#4374=ORIENTED_EDGE('',*,*,#3084,.T.);
#4375=ORIENTED_EDGE('',*,*,#3084,.F.);
#4376=ORIENTED_EDGE('',*,*,#3085,.T.);
#4377=ORIENTED_EDGE('',*,*,#3086,.F.);
#4378=ORIENTED_EDGE('',*,*,#3087,.F.);
#4379=ORIENTED_EDGE('',*,*,#3088,.T.);
#4380=ORIENTED_EDGE('',*,*,#3079,.T.);
#4381=ORIENTED_EDGE('',*,*,#3083,.F.);
#4382=ORIENTED_EDGE('',*,*,#3089,.T.);
#4383=ORIENTED_EDGE('',*,*,#3090,.F.);
#4384=ORIENTED_EDGE('',*,*,#3085,.F.);
#4385=ORIENTED_EDGE('',*,*,#3091,.T.);
#4386=ORIENTED_EDGE('',*,*,#3092,.T.);
#4387=ORIENTED_EDGE('',*,*,#3093,.T.);
#4388=ORIENTED_EDGE('',*,*,#3071,.T.);
#4389=ORIENTED_EDGE('',*,*,#3076,.T.);
#4390=ORIENTED_EDGE('',*,*,#3092,.F.);
#4391=ORIENTED_EDGE('',*,*,#3094,.F.);
#4392=ORIENTED_EDGE('',*,*,#3095,.F.);
#4393=ORIENTED_EDGE('',*,*,#3096,.F.);
#4394=ORIENTED_EDGE('',*,*,#3091,.F.);
#4395=ORIENTED_EDGE('',*,*,#3075,.F.);
#4396=ORIENTED_EDGE('',*,*,#3097,.T.);
#4397=ORIENTED_EDGE('',*,*,#3087,.T.);
#4398=ORIENTED_EDGE('',*,*,#3098,.F.);
#4399=ORIENTED_EDGE('',*,*,#3094,.T.);
#4400=ORIENTED_EDGE('',*,*,#3086,.T.);
#4401=ORIENTED_EDGE('',*,*,#3090,.T.);
#4402=ORIENTED_EDGE('',*,*,#3099,.T.);
#4403=ORIENTED_EDGE('',*,*,#3095,.T.);
#4404=ORIENTED_EDGE('',*,*,#3098,.T.);
#4405=ORIENTED_EDGE('',*,*,#3097,.F.);
#4406=ORIENTED_EDGE('',*,*,#3074,.F.);
#4407=ORIENTED_EDGE('',*,*,#3080,.F.);
#4408=ORIENTED_EDGE('',*,*,#3088,.F.);
#4409=ORIENTED_EDGE('',*,*,#3062,.F.);
#4410=ORIENTED_EDGE('',*,*,#3039,.F.);
#4411=ORIENTED_EDGE('',*,*,#3045,.F.);
#4412=ORIENTED_EDGE('',*,*,#3053,.F.);
#4413=ORIENTED_EDGE('',*,*,#3033,.F.);
#4414=ORIENTED_EDGE('',*,*,#3100,.F.);
#4415=ORIENTED_EDGE('',*,*,#3046,.F.);
#4416=ORIENTED_EDGE('',*,*,#3042,.F.);
#4417=ORIENTED_EDGE('',*,*,#2880,.F.);
#4418=ORIENTED_EDGE('',*,*,#3101,.T.);
#4419=ORIENTED_EDGE('',*,*,#3102,.T.);
#4420=ORIENTED_EDGE('',*,*,#3103,.T.);
#4421=ORIENTED_EDGE('',*,*,#3104,.T.);
#4422=ORIENTED_EDGE('',*,*,#3105,.T.);
#4423=ORIENTED_EDGE('',*,*,#3106,.T.);
#4424=ORIENTED_EDGE('',*,*,#3107,.T.);
#4425=ORIENTED_EDGE('',*,*,#3108,.T.);
#4426=ORIENTED_EDGE('',*,*,#3109,.T.);
#4427=ORIENTED_EDGE('',*,*,#3110,.T.);
#4428=ORIENTED_EDGE('',*,*,#3111,.F.);
#4429=ORIENTED_EDGE('',*,*,#3112,.F.);
#4430=ORIENTED_EDGE('',*,*,#3037,.T.);
#4431=ORIENTED_EDGE('',*,*,#3058,.F.);
#4432=ORIENTED_EDGE('',*,*,#3061,.F.);
#4433=ORIENTED_EDGE('',*,*,#3064,.F.);
#4434=ORIENTED_EDGE('',*,*,#3054,.F.);
#4435=ORIENTED_EDGE('',*,*,#3047,.F.);
#4436=ORIENTED_EDGE('',*,*,#3100,.T.);
#4437=ORIENTED_EDGE('',*,*,#3032,.F.);
#4438=ORIENTED_EDGE('',*,*,#3096,.T.);
#4439=ORIENTED_EDGE('',*,*,#3099,.F.);
#4440=ORIENTED_EDGE('',*,*,#3089,.F.);
#4441=ORIENTED_EDGE('',*,*,#3082,.F.);
#4442=ORIENTED_EDGE('',*,*,#3113,.T.);
#4443=ORIENTED_EDGE('',*,*,#3067,.F.);
#4444=ORIENTED_EDGE('',*,*,#3072,.T.);
#4445=ORIENTED_EDGE('',*,*,#3093,.F.);
#4446=ORIENTED_EDGE('',*,*,#3068,.F.);
#4447=ORIENTED_EDGE('',*,*,#3113,.F.);
#4448=ORIENTED_EDGE('',*,*,#3081,.F.);
#4449=ORIENTED_EDGE('',*,*,#3077,.F.);
#4450=ORIENTED_EDGE('',*,*,#3114,.F.);
#4451=ORIENTED_EDGE('',*,*,#3115,.T.);
#4452=ORIENTED_EDGE('',*,*,#3103,.F.);
#4453=ORIENTED_EDGE('',*,*,#3116,.T.);
#4454=ORIENTED_EDGE('',*,*,#3117,.F.);
#4455=ORIENTED_EDGE('',*,*,#3116,.F.);
#4456=ORIENTED_EDGE('',*,*,#3102,.F.);
#4457=ORIENTED_EDGE('',*,*,#3118,.T.);
#4458=ORIENTED_EDGE('',*,*,#2883,.F.);
#4459=ORIENTED_EDGE('',*,*,#3118,.F.);
#4460=ORIENTED_EDGE('',*,*,#3101,.F.);
#4461=ORIENTED_EDGE('',*,*,#2879,.F.);
#4462=ORIENTED_EDGE('',*,*,#3119,.F.);
#4463=ORIENTED_EDGE('',*,*,#3104,.F.);
#4464=ORIENTED_EDGE('',*,*,#3115,.F.);
#4465=ORIENTED_EDGE('',*,*,#3120,.F.);
#4466=ORIENTED_EDGE('',*,*,#3121,.F.);
#4467=ORIENTED_EDGE('',*,*,#3109,.F.);
#4468=ORIENTED_EDGE('',*,*,#3122,.F.);
#4469=ORIENTED_EDGE('',*,*,#3123,.F.);
#4470=ORIENTED_EDGE('',*,*,#3124,.F.);
#4471=ORIENTED_EDGE('',*,*,#3110,.F.);
#4472=ORIENTED_EDGE('',*,*,#3121,.T.);
#4473=ORIENTED_EDGE('',*,*,#3125,.F.);
#4474=ORIENTED_EDGE('',*,*,#3107,.F.);
#4475=ORIENTED_EDGE('',*,*,#3126,.F.);
#4476=ORIENTED_EDGE('',*,*,#3127,.F.);
#4477=ORIENTED_EDGE('',*,*,#3128,.F.);
#4478=ORIENTED_EDGE('',*,*,#3129,.F.);
#4479=ORIENTED_EDGE('',*,*,#3130,.F.);
#4480=ORIENTED_EDGE('',*,*,#3126,.T.);
#4481=ORIENTED_EDGE('',*,*,#3106,.F.);
#4482=ORIENTED_EDGE('',*,*,#3131,.F.);
#4483=ORIENTED_EDGE('',*,*,#3128,.T.);
#4484=ORIENTED_EDGE('',*,*,#3132,.F.);
#4485=ORIENTED_EDGE('',*,*,#3122,.T.);
#4486=ORIENTED_EDGE('',*,*,#3108,.F.);
#4487=ORIENTED_EDGE('',*,*,#3119,.T.);
#4488=ORIENTED_EDGE('',*,*,#3133,.F.);
#4489=ORIENTED_EDGE('',*,*,#3131,.T.);
#4490=ORIENTED_EDGE('',*,*,#3105,.F.);
#4491=ORIENTED_EDGE('',*,*,#3134,.F.);
#4492=ORIENTED_EDGE('',*,*,#3135,.F.);
#4493=ORIENTED_EDGE('',*,*,#3123,.T.);
#4494=ORIENTED_EDGE('',*,*,#3132,.T.);
#4495=ORIENTED_EDGE('',*,*,#3136,.F.);
#4496=ORIENTED_EDGE('',*,*,#3137,.F.);
#4497=ORIENTED_EDGE('',*,*,#3125,.T.);
#4498=ORIENTED_EDGE('',*,*,#3135,.T.);
#4499=ORIENTED_EDGE('',*,*,#2868,.F.);
#4500=ORIENTED_EDGE('',*,*,#3138,.F.);
#4501=ORIENTED_EDGE('',*,*,#3114,.T.);
#4502=ORIENTED_EDGE('',*,*,#3117,.T.);
#4503=ORIENTED_EDGE('',*,*,#2882,.T.);
#4504=ORIENTED_EDGE('',*,*,#2871,.F.);
#4505=ORIENTED_EDGE('',*,*,#3112,.T.);
#4506=ORIENTED_EDGE('',*,*,#3139,.T.);
#4507=ORIENTED_EDGE('',*,*,#2874,.T.);
#4508=ORIENTED_EDGE('',*,*,#2881,.F.);
#4509=ORIENTED_EDGE('',*,*,#2884,.T.);
#4510=ORIENTED_EDGE('',*,*,#2936,.T.);
#4511=ORIENTED_EDGE('',*,*,#2933,.T.);
#4512=ORIENTED_EDGE('',*,*,#2930,.T.);
#4513=ORIENTED_EDGE('',*,*,#2927,.T.);
#4514=ORIENTED_EDGE('',*,*,#2924,.T.);
#4515=ORIENTED_EDGE('',*,*,#2921,.T.);
#4516=ORIENTED_EDGE('',*,*,#2918,.T.);
#4517=ORIENTED_EDGE('',*,*,#2915,.T.);
#4518=ORIENTED_EDGE('',*,*,#2912,.T.);
#4519=ORIENTED_EDGE('',*,*,#2909,.T.);
#4520=ORIENTED_EDGE('',*,*,#2906,.T.);
#4521=ORIENTED_EDGE('',*,*,#2903,.T.);
#4522=ORIENTED_EDGE('',*,*,#2900,.T.);
#4523=ORIENTED_EDGE('',*,*,#2897,.T.);
#4524=ORIENTED_EDGE('',*,*,#2894,.T.);
#4525=ORIENTED_EDGE('',*,*,#2891,.T.);
#4526=ORIENTED_EDGE('',*,*,#2888,.T.);
#4527=ORIENTED_EDGE('',*,*,#2938,.T.);
#4528=ORIENTED_EDGE('',*,*,#2975,.T.);
#4529=ORIENTED_EDGE('',*,*,#2972,.T.);
#4530=ORIENTED_EDGE('',*,*,#2969,.T.);
#4531=ORIENTED_EDGE('',*,*,#2966,.T.);
#4532=ORIENTED_EDGE('',*,*,#2963,.T.);
#4533=ORIENTED_EDGE('',*,*,#2960,.T.);
#4534=ORIENTED_EDGE('',*,*,#2957,.T.);
#4535=ORIENTED_EDGE('',*,*,#2954,.T.);
#4536=ORIENTED_EDGE('',*,*,#2951,.T.);
#4537=ORIENTED_EDGE('',*,*,#2948,.T.);
#4538=ORIENTED_EDGE('',*,*,#2945,.T.);
#4539=ORIENTED_EDGE('',*,*,#2942,.T.);
#4540=ORIENTED_EDGE('',*,*,#2977,.T.);
#4541=ORIENTED_EDGE('',*,*,#3020,.T.);
#4542=ORIENTED_EDGE('',*,*,#3017,.T.);
#4543=ORIENTED_EDGE('',*,*,#3014,.T.);
#4544=ORIENTED_EDGE('',*,*,#3011,.T.);
#4545=ORIENTED_EDGE('',*,*,#3008,.T.);
#4546=ORIENTED_EDGE('',*,*,#3005,.T.);
#4547=ORIENTED_EDGE('',*,*,#3002,.T.);
#4548=ORIENTED_EDGE('',*,*,#2999,.T.);
#4549=ORIENTED_EDGE('',*,*,#2996,.T.);
#4550=ORIENTED_EDGE('',*,*,#2993,.T.);
#4551=ORIENTED_EDGE('',*,*,#2990,.T.);
#4552=ORIENTED_EDGE('',*,*,#2987,.T.);
#4553=ORIENTED_EDGE('',*,*,#2984,.T.);
#4554=ORIENTED_EDGE('',*,*,#2981,.T.);
#4555=ORIENTED_EDGE('',*,*,#3133,.T.);
#4556=ORIENTED_EDGE('',*,*,#3140,.F.);
#4557=ORIENTED_EDGE('',*,*,#3141,.F.);
#4558=ORIENTED_EDGE('',*,*,#3142,.F.);
#4559=ORIENTED_EDGE('',*,*,#3143,.F.);
#4560=ORIENTED_EDGE('',*,*,#3144,.F.);
#4561=ORIENTED_EDGE('',*,*,#3145,.F.);
#4562=ORIENTED_EDGE('',*,*,#3136,.T.);
#4563=ORIENTED_EDGE('',*,*,#3134,.T.);
#4564=ORIENTED_EDGE('',*,*,#3127,.T.);
#4565=ORIENTED_EDGE('',*,*,#3130,.T.);
#4566=ORIENTED_EDGE('',*,*,#3129,.T.);
#4567=ORIENTED_EDGE('',*,*,#2848,.F.);
#4568=ORIENTED_EDGE('',*,*,#3146,.F.);
#4569=ORIENTED_EDGE('',*,*,#3141,.T.);
#4570=ORIENTED_EDGE('',*,*,#3147,.T.);
#4571=ORIENTED_EDGE('',*,*,#2841,.F.);
#4572=ORIENTED_EDGE('',*,*,#2853,.F.);
#4573=ORIENTED_EDGE('',*,*,#3148,.F.);
#4574=ORIENTED_EDGE('',*,*,#3142,.T.);
#4575=ORIENTED_EDGE('',*,*,#3146,.T.);
#4576=ORIENTED_EDGE('',*,*,#2847,.F.);
#4577=ORIENTED_EDGE('',*,*,#2859,.F.);
#4578=ORIENTED_EDGE('',*,*,#3149,.F.);
#4579=ORIENTED_EDGE('',*,*,#3143,.T.);
#4580=ORIENTED_EDGE('',*,*,#3148,.T.);
#4581=ORIENTED_EDGE('',*,*,#2852,.F.);
#4582=ORIENTED_EDGE('',*,*,#2856,.F.);
#4583=ORIENTED_EDGE('',*,*,#3150,.F.);
#4584=ORIENTED_EDGE('',*,*,#3144,.T.);
#4585=ORIENTED_EDGE('',*,*,#3149,.T.);
#4586=ORIENTED_EDGE('',*,*,#2855,.F.);
#4587=ORIENTED_EDGE('',*,*,#2875,.T.);
#4588=ORIENTED_EDGE('',*,*,#3139,.F.);
#4589=ORIENTED_EDGE('',*,*,#3111,.T.);
#4590=ORIENTED_EDGE('',*,*,#3124,.T.);
#4591=ORIENTED_EDGE('',*,*,#3137,.T.);
#4592=ORIENTED_EDGE('',*,*,#3145,.T.);
#4593=ORIENTED_EDGE('',*,*,#3150,.T.);
#4594=ORIENTED_EDGE('',*,*,#2861,.F.);
#4595=ORIENTED_EDGE('',*,*,#3147,.F.);
#4596=ORIENTED_EDGE('',*,*,#3140,.T.);
#4597=ORIENTED_EDGE('',*,*,#3120,.T.);
#4598=ORIENTED_EDGE('',*,*,#3138,.T.);
#4599=PLANE('',#5072);
#4600=PLANE('',#5073);
#4601=PLANE('',#5074);
#4602=PLANE('',#5075);
#4603=PLANE('',#5076);
#4604=PLANE('',#5077);
#4605=PLANE('',#5080);
#4606=PLANE('',#5083);
#4607=PLANE('',#5086);
#4608=PLANE('',#5087);
#4609=PLANE('',#5088);
#4610=PLANE('',#5089);
#4611=PLANE('',#5090);
#4612=PLANE('',#5091);
#4613=PLANE('',#5092);
#4614=PLANE('',#5093);
#4615=PLANE('',#5094);
#4616=PLANE('',#5095);
#4617=PLANE('',#5096);
#4618=PLANE('',#5097);
#4619=PLANE('',#5098);
#4620=PLANE('',#5099);
#4621=PLANE('',#5100);
#4622=PLANE('',#5101);
#4623=PLANE('',#5102);
#4624=PLANE('',#5103);
#4625=PLANE('',#5104);
#4626=PLANE('',#5105);
#4627=PLANE('',#5106);
#4628=PLANE('',#5107);
#4629=PLANE('',#5108);
#4630=PLANE('',#5109);
#4631=PLANE('',#5110);
#4632=PLANE('',#5111);
#4633=PLANE('',#5112);
#4634=PLANE('',#5113);
#4635=PLANE('',#5114);
#4636=PLANE('',#5115);
#4637=PLANE('',#5116);
#4638=PLANE('',#5117);
#4639=PLANE('',#5118);
#4640=PLANE('',#5119);
#4641=PLANE('',#5120);
#4642=PLANE('',#5121);
#4643=PLANE('',#5122);
#4644=PLANE('',#5123);
#4645=PLANE('',#5126);
#4646=PLANE('',#5129);
#4647=PLANE('',#5130);
#4648=PLANE('',#5131);
#4649=PLANE('',#5132);
#4650=PLANE('',#5133);
#4651=PLANE('',#5134);
#4652=PLANE('',#5135);
#4653=PLANE('',#5138);
#4654=PLANE('',#5139);
#4655=PLANE('',#5142);
#4656=PLANE('',#5143);
#4657=PLANE('',#5144);
#4658=PLANE('',#5145);
#4659=PLANE('',#5146);
#4660=PLANE('',#5147);
#4661=PLANE('',#5148);
#4662=PLANE('',#5150);
#4663=PLANE('',#5152);
#4664=PLANE('',#5153);
#4665=PLANE('',#5154);
#4666=PLANE('',#5156);
#4667=PLANE('',#5158);
#4668=PLANE('',#5159);
#4669=PLANE('',#5160);
#4670=PLANE('',#5161);
#4671=PLANE('',#5162);
#4672=PLANE('',#5163);
#4673=PLANE('',#5173);
#4674=PLANE('',#5174);
#4675=PLANE('',#5175);
#4676=PLANE('',#5176);
#4677=PLANE('',#5177);
#4678=PLANE('',#5179);
#4679=PLANE('',#5180);
#4680=PLANE('',#5181);
#4681=PLANE('',#5182);
#4682=PLANE('',#5183);
#4683=PLANE('',#5184);
#4684=PLANE('',#5185);
#4685=PLANE('',#5187);
#4686=PLANE('',#5189);
#4687=PLANE('',#5191);
#4688=PLANE('',#5203);
#4689=PLANE('',#5206);
#4690=PLANE('',#5208);
#4691=PLANE('',#5209);
#4692=PLANE('',#5211);
#4693=PLANE('',#5213);
#4694=PLANE('',#5214);
#4695=PLANE('',#5215);
#4696=PLANE('',#5216);
#4697=PLANE('',#5219);
#4698=PLANE('',#5220);
#4699=PLANE('',#5221);
#4700=PLANE('',#5222);
#4701=PLANE('',#5223);
#4702=PLANE('',#5224);
#4703=PLANE('',#5225);
#4704=PLANE('',#5226);
#4705=PLANE('',#5227);
#4706=PLANE('',#5228);
#4707=PLANE('',#5229);
#4708=PLANE('',#5230);
#4709=PLANE('',#5231);
#4710=PLANE('',#5232);
#4711=PLANE('',#5233);
#4712=PLANE('',#5234);
#4713=PLANE('',#5235);
#4714=PLANE('',#5236);
#4715=PLANE('',#5237);
#4716=PLANE('',#5238);
#4717=PLANE('',#5239);
#4718=PLANE('',#5240);
#4719=PLANE('',#5241);
#4720=PLANE('',#5242);
#4721=PLANE('',#5243);
#4722=PLANE('',#5244);
#4723=PLANE('',#5245);
#4724=PLANE('',#5246);
#4725=PLANE('',#5247);
#4726=PLANE('',#5248);
#4727=PLANE('',#5249);
#4728=PLANE('',#5250);
#4729=PLANE('',#5251);
#4730=PLANE('',#5252);
#4731=PLANE('',#5253);
#4732=PLANE('',#5254);
#4733=PLANE('',#5255);
#4734=PLANE('',#5256);
#4735=PLANE('',#5257);
#4736=PLANE('',#5258);
#4737=PLANE('',#5267);
#4738=PLANE('',#5268);
#4739=PLANE('',#5273);
#4740=PLANE('',#5274);
#4741=PLANE('',#5276);
#4742=PLANE('',#5281);
#4743=PLANE('',#5283);
#4744=PLANE('',#5287);
#4745=PLANE('',#5288);
#4746=PLANE('',#5296);
#4747=PLANE('',#5297);
#4748=PLANE('',#5299);
#4749=PLANE('',#5304);
#4750=PLANE('',#5306);
#4751=PLANE('',#5310);
#4752=PLANE('',#5311);
#4753=PLANE('',#5315);
#4754=PLANE('',#5316);
#4755=PLANE('',#5317);
#4756=PLANE('',#5318);
#4757=PLANE('',#5319);
#4758=PLANE('',#5320);
#4759=PLANE('',#5321);
#4760=PLANE('',#5322);
#4761=PLANE('',#5323);
#4762=PLANE('',#5326);
#4763=PLANE('',#5327);
#4764=PLANE('',#5328);
#4765=PLANE('',#5331);
#4766=PLANE('',#5332);
#4767=PLANE('',#5333);
#4768=PLANE('',#5334);
#4769=ADVANCED_FACE('',(#355),#4599,.T.);
#4770=ADVANCED_FACE('',(#356),#278,.T.);
#4771=ADVANCED_FACE('',(#357),#4600,.T.);
#4772=ADVANCED_FACE('',(#358),#279,.T.);
#4773=ADVANCED_FACE('',(#359),#4601,.T.);
#4774=ADVANCED_FACE('',(#360),#280,.T.);
#4775=ADVANCED_FACE('',(#361),#4602,.T.);
#4776=ADVANCED_FACE('',(#362),#281,.T.);
#4777=ADVANCED_FACE('',(#363),#4603,.T.);
#4778=ADVANCED_FACE('',(#364),#282,.T.);
#4779=ADVANCED_FACE('',(#365),#283,.T.);
#4780=ADVANCED_FACE('',(#366),#284,.T.);
#4781=ADVANCED_FACE('',(#367),#285,.T.);
#4782=ADVANCED_FACE('',(#368),#286,.T.);
#4783=ADVANCED_FACE('',(#369),#287,.T.);
#4784=ADVANCED_FACE('',(#370),#4604,.T.);
#4785=ADVANCED_FACE('',(#371),#99,.T.);
#4786=ADVANCED_FACE('',(#372),#4605,.T.);
#4787=ADVANCED_FACE('',(#373),#100,.T.);
#4788=ADVANCED_FACE('',(#374),#4606,.T.);
#4789=ADVANCED_FACE('',(#375),#101,.T.);
#4790=ADVANCED_FACE('',(#376,#50,#51,#52,#53),#4607,.F.);
#4791=ADVANCED_FACE('',(#377),#4608,.T.);
#4792=ADVANCED_FACE('',(#378),#4609,.T.);
#4793=ADVANCED_FACE('',(#379),#4610,.T.);
#4794=ADVANCED_FACE('',(#380),#4611,.T.);
#4795=ADVANCED_FACE('',(#381),#4612,.F.);
#4796=ADVANCED_FACE('',(#382),#4613,.F.);
#4797=ADVANCED_FACE('',(#383),#4614,.T.);
#4798=ADVANCED_FACE('',(#384),#4615,.T.);
#4799=ADVANCED_FACE('',(#385),#4616,.T.);
#4800=ADVANCED_FACE('',(#386),#4617,.T.);
#4801=ADVANCED_FACE('',(#387),#4618,.F.);
#4802=ADVANCED_FACE('',(#388),#4619,.F.);
#4803=ADVANCED_FACE('',(#389),#4620,.T.);
#4804=ADVANCED_FACE('',(#390),#4621,.T.);
#4805=ADVANCED_FACE('',(#391),#4622,.T.);
#4806=ADVANCED_FACE('',(#392),#4623,.T.);
#4807=ADVANCED_FACE('',(#393),#4624,.F.);
#4808=ADVANCED_FACE('',(#394),#4625,.F.);
#4809=ADVANCED_FACE('',(#395),#4626,.T.);
#4810=ADVANCED_FACE('',(#396),#4627,.T.);
#4811=ADVANCED_FACE('',(#397),#4628,.T.);
#4812=ADVANCED_FACE('',(#398),#4629,.T.);
#4813=ADVANCED_FACE('',(#399),#4630,.F.);
#4814=ADVANCED_FACE('',(#400),#4631,.F.);
#4815=ADVANCED_FACE('',(#401),#4632,.F.);
#4816=ADVANCED_FACE('',(#402),#4633,.F.);
#4817=ADVANCED_FACE('',(#403),#4634,.F.);
#4818=ADVANCED_FACE('',(#404),#4635,.F.);
#4819=ADVANCED_FACE('',(#405),#4636,.F.);
#4820=ADVANCED_FACE('',(#406),#4637,.F.);
#4821=ADVANCED_FACE('',(#407),#4638,.F.);
#4822=ADVANCED_FACE('',(#408),#4639,.F.);
#4823=ADVANCED_FACE('',(#409),#4640,.F.);
#4824=ADVANCED_FACE('',(#410),#4641,.F.);
#4825=ADVANCED_FACE('',(#411),#4642,.F.);
#4826=ADVANCED_FACE('',(#412),#4643,.F.);
#4827=ADVANCED_FACE('',(#413),#4644,.T.);
#4828=ADVANCED_FACE('',(#414),#102,.T.);
#4829=ADVANCED_FACE('',(#415),#4645,.T.);
#4830=ADVANCED_FACE('',(#416),#103,.T.);
#4831=ADVANCED_FACE('',(#417),#288,.T.);
#4832=ADVANCED_FACE('',(#418),#4646,.T.);
#4833=ADVANCED_FACE('',(#419),#289,.T.);
#4834=ADVANCED_FACE('',(#420),#290,.T.);
#4835=ADVANCED_FACE('',(#421),#4647,.T.);
#4836=ADVANCED_FACE('',(#422),#4648,.T.);
#4837=ADVANCED_FACE('',(#423),#291,.T.);
#4838=ADVANCED_FACE('',(#424),#292,.T.);
#4839=ADVANCED_FACE('',(#425),#4649,.T.);
#4840=ADVANCED_FACE('',(#426),#293,.T.);
#4841=ADVANCED_FACE('',(#427),#294,.T.);
#4842=ADVANCED_FACE('',(#428),#295,.T.);
#4843=ADVANCED_FACE('',(#429),#4650,.T.);
#4844=ADVANCED_FACE('',(#430),#296,.T.);
#4845=ADVANCED_FACE('',(#431),#297,.T.);
#4846=ADVANCED_FACE('',(#432),#298,.T.);
#4847=ADVANCED_FACE('',(#433),#4651,.T.);
#4848=ADVANCED_FACE('',(#434),#299,.T.);
#4849=ADVANCED_FACE('',(#435),#300,.T.);
#4850=ADVANCED_FACE('',(#436),#4652,.F.);
#4851=ADVANCED_FACE('',(#437),#104,.F.);
#4852=ADVANCED_FACE('',(#438),#301,.F.);
#4853=ADVANCED_FACE('',(#439),#4653,.F.);
#4854=ADVANCED_FACE('',(#440),#4654,.F.);
#4855=ADVANCED_FACE('',(#441),#105,.F.);
#4856=ADVANCED_FACE('',(#442),#4655,.F.);
#4857=ADVANCED_FACE('',(#443),#4656,.T.);
#4858=ADVANCED_FACE('',(#444),#4657,.T.);
#4859=ADVANCED_FACE('',(#445),#4658,.T.);
#4860=ADVANCED_FACE('',(#446),#302,.T.);
#4861=ADVANCED_FACE('',(#447),#4659,.T.);
#4862=ADVANCED_FACE('',(#448),#303,.T.);
#4863=ADVANCED_FACE('',(#449),#304,.T.);
#4864=ADVANCED_FACE('',(#450),#4660,.T.);
#4865=ADVANCED_FACE('',(#451),#305,.T.);
#4866=ADVANCED_FACE('',(#452),#306,.T.);
#4867=ADVANCED_FACE('',(#453),#4661,.T.);
#4868=ADVANCED_FACE('',(#454),#307,.T.);
#4869=ADVANCED_FACE('',(#455),#308,.T.);
#4870=ADVANCED_FACE('',(#456),#309,.T.);
#4871=ADVANCED_FACE('',(#457),#310,.T.);
#4872=ADVANCED_FACE('',(#458),#106,.F.);
#4873=ADVANCED_FACE('',(#459),#4662,.F.);
#4874=ADVANCED_FACE('',(#460),#107,.F.);
#4875=ADVANCED_FACE('',(#461),#4663,.F.);
#4876=ADVANCED_FACE('',(#462),#4664,.T.);
#4877=ADVANCED_FACE('',(#463),#4665,.F.);
#4878=ADVANCED_FACE('',(#464),#4666,.F.);
#4879=ADVANCED_FACE('',(#465),#4667,.F.);
#4880=ADVANCED_FACE('',(#466),#4668,.T.);
#4881=ADVANCED_FACE('',(#467),#4669,.T.);
#4882=ADVANCED_FACE('',(#468),#4670,.T.);
#4883=ADVANCED_FACE('',(#469),#4671,.T.);
#4884=ADVANCED_FACE('',(#470,#54),#4672,.F.);
#4885=ADVANCED_FACE('',(#471),#108,.T.);
#4886=ADVANCED_FACE('',(#472),#109,.T.);
#4887=ADVANCED_FACE('',(#473),#4673,.T.);
#4888=ADVANCED_FACE('',(#474),#311,.T.);
#4889=ADVANCED_FACE('',(#475),#4674,.T.);
#4890=ADVANCED_FACE('',(#476),#4675,.T.);
#4891=ADVANCED_FACE('',(#477),#312,.T.);
#4892=ADVANCED_FACE('',(#478),#313,.T.);
#4893=ADVANCED_FACE('',(#479),#4676,.T.);
#4894=ADVANCED_FACE('',(#480),#314,.T.);
#4895=ADVANCED_FACE('',(#481),#315,.T.);
#4896=ADVANCED_FACE('',(#482),#4677,.T.);
#4897=ADVANCED_FACE('',(#483),#316,.T.);
#4898=ADVANCED_FACE('',(#484),#317,.T.);
#4899=ADVANCED_FACE('',(#485),#318,.T.);
#4900=ADVANCED_FACE('',(#486),#319,.T.);
#4901=ADVANCED_FACE('',(#487),#110,.F.);
#4902=ADVANCED_FACE('',(#488),#4678,.F.);
#4903=ADVANCED_FACE('',(#489),#4679,.F.);
#4904=ADVANCED_FACE('',(#490),#4680,.T.);
#4905=ADVANCED_FACE('',(#491),#320,.T.);
#4906=ADVANCED_FACE('',(#492),#4681,.T.);
#4907=ADVANCED_FACE('',(#493),#321,.T.);
#4908=ADVANCED_FACE('',(#494),#4682,.T.);
#4909=ADVANCED_FACE('',(#495),#322,.T.);
#4910=ADVANCED_FACE('',(#496),#323,.T.);
#4911=ADVANCED_FACE('',(#497),#324,.T.);
#4912=ADVANCED_FACE('',(#498),#4683,.T.);
#4913=ADVANCED_FACE('',(#499),#325,.T.);
#4914=ADVANCED_FACE('',(#500),#4684,.T.);
#4915=ADVANCED_FACE('',(#501),#19,.T.);
#4916=ADVANCED_FACE('',(#502),#20,.T.);
#4917=ADVANCED_FACE('',(#503),#4685,.T.);
#4918=ADVANCED_FACE('',(#504),#21,.T.);
#4919=ADVANCED_FACE('',(#505),#4686,.T.);
#4920=ADVANCED_FACE('',(#506),#111,.F.);
#4921=ADVANCED_FACE('',(#507),#4687,.F.);
#4922=ADVANCED_FACE('',(#508),#326,.F.);
#4923=ADVANCED_FACE('',(#509),#112,.T.);
#4924=ADVANCED_FACE('',(#510),#327,.F.);
#4925=ADVANCED_FACE('',(#511),#328,.F.);
#4926=ADVANCED_FACE('',(#512),#113,.T.);
#4927=ADVANCED_FACE('',(#513),#329,.F.);
#4928=ADVANCED_FACE('',(#514),#114,.T.);
#4929=ADVANCED_FACE('',(#515),#330,.F.);
#4930=ADVANCED_FACE('',(#516),#115,.T.);
#4931=ADVANCED_FACE('',(#517),#331,.T.);
#4932=ADVANCED_FACE('',(#518),#4688,.T.);
#4933=ADVANCED_FACE('',(#519),#22,.T.);
#4934=ADVANCED_FACE('',(#520),#23,.T.);
#4935=ADVANCED_FACE('',(#521),#116,.F.);
#4936=ADVANCED_FACE('',(#522),#4689,.F.);
#4937=ADVANCED_FACE('',(#523),#117,.F.);
#4938=ADVANCED_FACE('',(#524),#4690,.F.);
#4939=ADVANCED_FACE('',(#525),#4691,.F.);
#4940=ADVANCED_FACE('',(#526),#118,.F.);
#4941=ADVANCED_FACE('',(#527),#332,.T.);
#4942=ADVANCED_FACE('',(#528),#4692,.T.);
#4943=ADVANCED_FACE('',(#529),#333,.T.);
#4944=ADVANCED_FACE('',(#530),#334,.T.);
#4945=ADVANCED_FACE('',(#531),#4693,.T.);
#4946=ADVANCED_FACE('',(#532),#335,.T.);
#4947=ADVANCED_FACE('',(#533),#4694,.T.);
#4948=ADVANCED_FACE('',(#534),#4695,.T.);
#4949=ADVANCED_FACE('',(#535),#336,.T.);
#4950=ADVANCED_FACE('',(#536),#337,.T.);
#4951=ADVANCED_FACE('',(#537,#55,#56),#4696,.T.);
#4952=ADVANCED_FACE('',(#538),#4697,.T.);
#4953=ADVANCED_FACE('',(#539),#4698,.T.);
#4954=ADVANCED_FACE('',(#540),#4699,.F.);
#4955=ADVANCED_FACE('',(#541),#4700,.F.);
#4956=ADVANCED_FACE('',(#542),#4701,.F.);
#4957=ADVANCED_FACE('',(#543),#338,.F.);
#4958=ADVANCED_FACE('',(#544),#339,.F.);
#4959=ADVANCED_FACE('',(#545),#340,.F.);
#4960=ADVANCED_FACE('',(#546),#341,.F.);
#4961=ADVANCED_FACE('',(#547),#342,.F.);
#4962=ADVANCED_FACE('',(#548),#4702,.F.);
#4963=ADVANCED_FACE('',(#549),#343,.F.);
#4964=ADVANCED_FACE('',(#550),#344,.F.);
#4965=ADVANCED_FACE('',(#551),#345,.F.);
#4966=ADVANCED_FACE('',(#552),#346,.F.);
#4967=ADVANCED_FACE('',(#553),#347,.F.);
#4968=ADVANCED_FACE('',(#554),#348,.F.);
#4969=ADVANCED_FACE('',(#555),#4703,.F.);
#4970=ADVANCED_FACE('',(#556),#4704,.F.);
#4971=ADVANCED_FACE('',(#557),#4705,.F.);
#4972=ADVANCED_FACE('',(#558),#4706,.T.);
#4973=ADVANCED_FACE('',(#559),#4707,.F.);
#4974=ADVANCED_FACE('',(#560),#4708,.F.);
#4975=ADVANCED_FACE('',(#561),#4709,.F.);
#4976=ADVANCED_FACE('',(#562),#4710,.F.);
#4977=ADVANCED_FACE('',(#563),#4711,.F.);
#4978=ADVANCED_FACE('',(#564),#4712,.F.);
#4979=ADVANCED_FACE('',(#565),#4713,.F.);
#4980=ADVANCED_FACE('',(#566),#4714,.F.);
#4981=ADVANCED_FACE('',(#567),#4715,.F.);
#4982=ADVANCED_FACE('',(#568),#4716,.F.);
#4983=ADVANCED_FACE('',(#569),#4717,.F.);
#4984=ADVANCED_FACE('',(#570),#4718,.F.);
#4985=ADVANCED_FACE('',(#571),#4719,.F.);
#4986=ADVANCED_FACE('',(#572),#4720,.F.);
#4987=ADVANCED_FACE('',(#573),#4721,.F.);
#4988=ADVANCED_FACE('',(#574),#4722,.F.);
#4989=ADVANCED_FACE('',(#575),#4723,.F.);
#4990=ADVANCED_FACE('',(#576),#4724,.F.);
#4991=ADVANCED_FACE('',(#577),#4725,.F.);
#4992=ADVANCED_FACE('',(#578),#4726,.F.);
#4993=ADVANCED_FACE('',(#579),#4727,.F.);
#4994=ADVANCED_FACE('',(#580),#4728,.F.);
#4995=ADVANCED_FACE('',(#581),#4729,.F.);
#4996=ADVANCED_FACE('',(#582),#4730,.F.);
#4997=ADVANCED_FACE('',(#583),#4731,.F.);
#4998=ADVANCED_FACE('',(#584),#4732,.F.);
#4999=ADVANCED_FACE('',(#585),#4733,.F.);
#5000=ADVANCED_FACE('',(#586),#4734,.F.);
#5001=ADVANCED_FACE('',(#587),#4735,.F.);
#5002=ADVANCED_FACE('',(#588),#4736,.F.);
#5003=ADVANCED_FACE('',(#589),#13,.F.);
#5004=ADVANCED_FACE('',(#590),#119,.F.);
#5005=ADVANCED_FACE('',(#591),#14,.F.);
#5006=ADVANCED_FACE('',(#592),#120,.F.);
#5007=ADVANCED_FACE('',(#593),#4737,.T.);
#5008=ADVANCED_FACE('',(#594),#4738,.T.);
#5009=ADVANCED_FACE('',(#595),#121,.T.);
#5010=ADVANCED_FACE('',(#596),#4739,.T.);
#5011=ADVANCED_FACE('',(#597),#4740,.T.);
#5012=ADVANCED_FACE('',(#598),#4741,.T.);
#5013=ADVANCED_FACE('',(#599),#122,.T.);
#5014=ADVANCED_FACE('',(#600),#4742,.T.);
#5015=ADVANCED_FACE('',(#601),#4743,.T.);
#5016=ADVANCED_FACE('',(#602),#123,.T.);
#5017=ADVANCED_FACE('',(#603),#4744,.T.);
#5018=ADVANCED_FACE('',(#604),#4745,.T.);
#5019=ADVANCED_FACE('',(#605),#124,.T.);
#5020=ADVANCED_FACE('',(#606),#125,.T.);
#5021=ADVANCED_FACE('',(#607),#4746,.T.);
#5022=ADVANCED_FACE('',(#608),#4747,.T.);
#5023=ADVANCED_FACE('',(#609),#4748,.T.);
#5024=ADVANCED_FACE('',(#610),#126,.T.);
#5025=ADVANCED_FACE('',(#611),#4749,.T.);
#5026=ADVANCED_FACE('',(#612),#4750,.T.);
#5027=ADVANCED_FACE('',(#613),#127,.T.);
#5028=ADVANCED_FACE('',(#614),#4751,.T.);
#5029=ADVANCED_FACE('',(#615),#4752,.T.);
#5030=ADVANCED_FACE('',(#616),#128,.T.);
#5031=ADVANCED_FACE('',(#617),#4753,.T.);
#5032=ADVANCED_FACE('',(#618),#4754,.T.);
#5033=ADVANCED_FACE('',(#619),#4755,.T.);
#5034=ADVANCED_FACE('',(#620,#57,#58),#4756,.T.);
#5035=ADVANCED_FACE('',(#621),#4757,.T.);
#5036=ADVANCED_FACE('',(#622),#349,.F.);
#5037=ADVANCED_FACE('',(#623),#350,.F.);
#5038=ADVANCED_FACE('',(#624),#4758,.F.);
#5039=ADVANCED_FACE('',(#625),#4759,.F.);
#5040=ADVANCED_FACE('',(#626),#351,.F.);
#5041=ADVANCED_FACE('',(#627),#4760,.F.);
#5042=ADVANCED_FACE('',(#628),#4761,.F.);
#5043=ADVANCED_FACE('',(#629),#352,.F.);
#5044=ADVANCED_FACE('',(#630),#353,.F.);
#5045=ADVANCED_FACE('',(#631),#354,.F.);
#5046=ADVANCED_FACE('',(#632),#129,.F.);
#5047=ADVANCED_FACE('',(#633),#4762,.F.);
#5048=ADVANCED_FACE('',(#634),#24,.F.);
#5049=ADVANCED_FACE('',(#635,#59,#60,#61),#4763,.T.);
#5050=ADVANCED_FACE('',(#636),#4764,.T.);
#5051=ADVANCED_FACE('',(#637),#25,.F.);
#5052=ADVANCED_FACE('',(#638),#4765,.T.);
#5053=ADVANCED_FACE('',(#639),#26,.F.);
#5054=ADVANCED_FACE('',(#640),#4766,.T.);
#5055=ADVANCED_FACE('',(#641),#4767,.T.);
#5056=ADVANCED_FACE('',(#642),#4768,.T.);
#5057=CLOSED_SHELL('',(#4769,#4770,#4771,#4772,#4773,#4774,#4775,#4776,
#4777,#4778,#4779,#4780,#4781,#4782,#4783,#4784,#4785,#4786,#4787,#4788,
#4789,#4790,#4791,#4792,#4793,#4794,#4795,#4796,#4797,#4798,#4799,#4800,
#4801,#4802,#4803,#4804,#4805,#4806,#4807,#4808,#4809,#4810,#4811,#4812,
#4813,#4814,#4815,#4816,#4817,#4818,#4819,#4820,#4821,#4822,#4823,#4824,
#4825,#4826,#4827,#4828,#4829,#4830,#4831,#4832,#4833,#4834,#4835,#4836,
#4837,#4838,#4839,#4840,#4841,#4842,#4843,#4844,#4845,#4846,#4847,#4848,
#4849,#4850,#4851,#4852,#4853,#4854,#4855,#4856,#4857,#4858,#4859,#4860,
#4861,#4862,#4863,#4864,#4865,#4866,#4867,#4868,#4869,#4870,#4871,#4872,
#4873,#4874,#4875,#4876,#4877,#4878,#4879,#4880,#4881,#4882,#4883,#4884,
#4885,#4886,#4887,#4888,#4889,#4890,#4891,#4892,#4893,#4894,#4895,#4896,
#4897,#4898,#4899,#4900,#4901,#4902,#4903,#4904,#4905,#4906,#4907,#4908,
#4909,#4910,#4911,#4912,#4913,#4914,#4915,#4916,#4917,#4918,#4919,#4920,
#4921,#4922,#4923,#4924,#4925,#4926,#4927,#4928,#4929,#4930,#4931,#4932,
#4933,#4934,#4935,#4936,#4937,#4938,#4939,#4940));
#5058=CLOSED_SHELL('',(#4941,#4942,#4943,#4944,#4945,#4946,#4947,#4948,
#4949,#4950,#4951,#4952,#4953,#4954,#4955,#4956,#4957,#4958,#4959,#4960,
#4961,#4962,#4963,#4964,#4965,#4966,#4967,#4968,#4969,#4970,#4971,#4972,
#4973,#4974,#4975,#4976,#4977,#4978,#4979,#4980,#4981,#4982,#4983,#4984,
#4985,#4986,#4987,#4988,#4989,#4990,#4991,#4992,#4993,#4994,#4995,#4996,
#4997,#4998,#4999,#5000,#5001,#5002,#5003,#5004,#5005,#5006,#5007,#5008,
#5009,#5010,#5011,#5012,#5013,#5014,#5015,#5016,#5017,#5018,#5019,#5020,
#5021,#5022,#5023,#5024,#5025,#5026,#5027,#5028,#5029,#5030,#5031,#5032,
#5033,#5034,#5035,#5036,#5037,#5038,#5039,#5040,#5041,#5042,#5043,#5044,
#5045,#5046,#5047,#5048,#5049,#5050,#5051,#5052,#5053,#5054,#5055,#5056));
#5059=DERIVED_UNIT_ELEMENT(#5061,1.);
#5060=DERIVED_UNIT_ELEMENT(#9900,-3.);
#5061=(
MASS_UNIT()
NAMED_UNIT(*)
SI_UNIT(.KILO.,.GRAM.)
);
#5062=DERIVED_UNIT((#5059,#5060));
#5063=MEASURE_REPRESENTATION_ITEM('density measure',
POSITIVE_RATIO_MEASURE(952.),#5062);
#5064=PROPERTY_DEFINITION_REPRESENTATION(#5069,#5066);
#5065=PROPERTY_DEFINITION_REPRESENTATION(#5070,#5067);
#5066=REPRESENTATION('material name',(#5068),#9897);
#5067=REPRESENTATION('density',(#5063),#9897);
#5068=DESCRIPTIVE_REPRESENTATION_ITEM('Plastic, Opaque Black',
'Plastic, Opaque Black');
#5069=PROPERTY_DEFINITION('material property','material name',#9907);
#5070=PROPERTY_DEFINITION('material property','density of part',#9907);
#5071=AXIS2_PLACEMENT_3D('',#6379,#5335,#5336);
#5072=AXIS2_PLACEMENT_3D('',#6380,#5337,#5338);
#5073=AXIS2_PLACEMENT_3D('',#6437,#5345,#5346);
#5074=AXIS2_PLACEMENT_3D('',#6488,#5351,#5352);
#5075=AXIS2_PLACEMENT_3D('',#6533,#5359,#5360);
#5076=AXIS2_PLACEMENT_3D('',#6578,#5365,#5366);
#5077=AXIS2_PLACEMENT_3D('',#6745,#5371,#5372);
#5078=AXIS2_PLACEMENT_3D('',#6751,#5376,#5377);
#5079=AXIS2_PLACEMENT_3D('',#6754,#5379,#5380);
#5080=AXIS2_PLACEMENT_3D('',#6755,#5381,#5382);
#5081=AXIS2_PLACEMENT_3D('',#6767,#5389,#5390);
#5082=AXIS2_PLACEMENT_3D('',#6770,#5392,#5393);
#5083=AXIS2_PLACEMENT_3D('',#6771,#5394,#5395);
#5084=AXIS2_PLACEMENT_3D('',#6775,#5398,#5399);
#5085=AXIS2_PLACEMENT_3D('',#6778,#5401,#5402);
#5086=AXIS2_PLACEMENT_3D('',#6779,#5403,#5404);
#5087=AXIS2_PLACEMENT_3D('',#6812,#5421,#5422);
#5088=AXIS2_PLACEMENT_3D('',#6818,#5426,#5427);
#5089=AXIS2_PLACEMENT_3D('',#6824,#5431,#5432);
#5090=AXIS2_PLACEMENT_3D('',#6826,#5434,#5435);
#5091=AXIS2_PLACEMENT_3D('',#6828,#5437,#5438);
#5092=AXIS2_PLACEMENT_3D('',#6834,#5442,#5443);
#5093=AXIS2_PLACEMENT_3D('',#6838,#5446,#5447);
#5094=AXIS2_PLACEMENT_3D('',#6844,#5451,#5452);
#5095=AXIS2_PLACEMENT_3D('',#6848,#5455,#5456);
#5096=AXIS2_PLACEMENT_3D('',#6852,#5459,#5460);
#5097=AXIS2_PLACEMENT_3D('',#6854,#5462,#5463);
#5098=AXIS2_PLACEMENT_3D('',#6860,#5467,#5468);
#5099=AXIS2_PLACEMENT_3D('',#6864,#5471,#5472);
#5100=AXIS2_PLACEMENT_3D('',#6870,#5476,#5477);
#5101=AXIS2_PLACEMENT_3D('',#6874,#5480,#5481);
#5102=AXIS2_PLACEMENT_3D('',#6878,#5484,#5485);
#5103=AXIS2_PLACEMENT_3D('',#6880,#5487,#5488);
#5104=AXIS2_PLACEMENT_3D('',#6886,#5492,#5493);
#5105=AXIS2_PLACEMENT_3D('',#6890,#5496,#5497);
#5106=AXIS2_PLACEMENT_3D('',#6896,#5501,#5502);
#5107=AXIS2_PLACEMENT_3D('',#6900,#5505,#5506);
#5108=AXIS2_PLACEMENT_3D('',#6904,#5509,#5510);
#5109=AXIS2_PLACEMENT_3D('',#6906,#5512,#5513);
#5110=AXIS2_PLACEMENT_3D('',#6912,#5517,#5518);
#5111=AXIS2_PLACEMENT_3D('',#6916,#5521,#5522);
#5112=AXIS2_PLACEMENT_3D('',#6920,#5525,#5526);
#5113=AXIS2_PLACEMENT_3D('',#6922,#5528,#5529);
#5114=AXIS2_PLACEMENT_3D('',#6923,#5530,#5531);
#5115=AXIS2_PLACEMENT_3D('',#6927,#5534,#5535);
#5116=AXIS2_PLACEMENT_3D('',#6929,#5537,#5538);
#5117=AXIS2_PLACEMENT_3D('',#6930,#5539,#5540);
#5118=AXIS2_PLACEMENT_3D('',#6934,#5543,#5544);
#5119=AXIS2_PLACEMENT_3D('',#6936,#5546,#5547);
#5120=AXIS2_PLACEMENT_3D('',#6937,#5548,#5549);
#5121=AXIS2_PLACEMENT_3D('',#6941,#5552,#5553);
#5122=AXIS2_PLACEMENT_3D('',#6943,#5555,#5556);
#5123=AXIS2_PLACEMENT_3D('',#6944,#5557,#5558);
#5124=AXIS2_PLACEMENT_3D('',#6953,#5561,#5562);
#5125=AXIS2_PLACEMENT_3D('',#6956,#5564,#5565);
#5126=AXIS2_PLACEMENT_3D('',#6957,#5566,#5567);
#5127=AXIS2_PLACEMENT_3D('',#6961,#5570,#5571);
#5128=AXIS2_PLACEMENT_3D('',#6962,#5572,#5573);
#5129=AXIS2_PLACEMENT_3D('',#6993,#5576,#5577);
#5130=AXIS2_PLACEMENT_3D('',#7088,#5588,#5589);
#5131=AXIS2_PLACEMENT_3D('',#7094,#5593,#5594);
#5132=AXIS2_PLACEMENT_3D('',#7168,#5601,#5602);
#5133=AXIS2_PLACEMENT_3D('',#7255,#5609,#5610);
#5134=AXIS2_PLACEMENT_3D('',#7345,#5616,#5617);
#5135=AXIS2_PLACEMENT_3D('',#7402,#5622,#5623);
#5136=AXIS2_PLACEMENT_3D('',#7412,#5629,#5630);
#5137=AXIS2_PLACEMENT_3D('',#7415,#5632,#5633);
#5138=AXIS2_PLACEMENT_3D('',#7436,#5635,#5636);
#5139=AXIS2_PLACEMENT_3D('',#7442,#5640,#5641);
#5140=AXIS2_PLACEMENT_3D('',#7446,#5644,#5645);
#5141=AXIS2_PLACEMENT_3D('',#7449,#5647,#5648);
#5142=AXIS2_PLACEMENT_3D('',#7450,#5649,#5650);
#5143=AXIS2_PLACEMENT_3D('',#7458,#5655,#5656);
#5144=AXIS2_PLACEMENT_3D('',#7459,#5657,#5658);
#5145=AXIS2_PLACEMENT_3D('',#7470,#5664,#5665);
#5146=AXIS2_PLACEMENT_3D('',#7515,#5670,#5671);
#5147=AXIS2_PLACEMENT_3D('',#7584,#5678,#5679);
#5148=AXIS2_PLACEMENT_3D('',#7647,#5684,#5685);
#5149=AXIS2_PLACEMENT_3D('',#7770,#5692,#5693);
#5150=AXIS2_PLACEMENT_3D('',#7781,#5696,#5697);
#5151=AXIS2_PLACEMENT_3D('',#7785,#5700,#5701);
#5152=AXIS2_PLACEMENT_3D('',#7793,#5703,#5704);
#5153=AXIS2_PLACEMENT_3D('',#7802,#5707,#5708);
#5154=AXIS2_PLACEMENT_3D('',#7803,#5709,#5710);
#5155=AXIS2_PLACEMENT_3D('',#7806,#5712,#5713);
#5156=AXIS2_PLACEMENT_3D('',#7812,#5717,#5718);
#5157=AXIS2_PLACEMENT_3D('',#7819,#5722,#5723);
#5158=AXIS2_PLACEMENT_3D('',#7821,#5725,#5726);
#5159=AXIS2_PLACEMENT_3D('',#7822,#5727,#5728);
#5160=AXIS2_PLACEMENT_3D('',#7826,#5731,#5732);
#5161=AXIS2_PLACEMENT_3D('',#7830,#5735,#5736);
#5162=AXIS2_PLACEMENT_3D('',#7834,#5739,#5740);
#5163=AXIS2_PLACEMENT_3D('',#7838,#5743,#5744);
#5164=AXIS2_PLACEMENT_3D('',#7842,#5746,#5747);
#5165=AXIS2_PLACEMENT_3D('',#7846,#5749,#5750);
#5166=AXIS2_PLACEMENT_3D('',#7850,#5752,#5753);
#5167=AXIS2_PLACEMENT_3D('',#7854,#5755,#5756);
#5168=AXIS2_PLACEMENT_3D('',#7858,#5758,#5759);
#5169=AXIS2_PLACEMENT_3D('',#7968,#5771,#5772);
#5170=AXIS2_PLACEMENT_3D('',#7969,#5773,#5774);
#5171=AXIS2_PLACEMENT_3D('',#7970,#5775,#5776);
#5172=AXIS2_PLACEMENT_3D('',#7971,#5777,#5778);
#5173=AXIS2_PLACEMENT_3D('',#7972,#5779,#5780);
#5174=AXIS2_PLACEMENT_3D('',#8010,#5785,#5786);
#5175=AXIS2_PLACEMENT_3D('',#8016,#5790,#5791);
#5176=AXIS2_PLACEMENT_3D('',#8068,#5797,#5798);
#5177=AXIS2_PLACEMENT_3D('',#8111,#5801,#5802);
#5178=AXIS2_PLACEMENT_3D('',#8204,#5807,#5808);
#5179=AXIS2_PLACEMENT_3D('',#8207,#5811,#5812);
#5180=AXIS2_PLACEMENT_3D('',#8209,#5814,#5815);
#5181=AXIS2_PLACEMENT_3D('',#8211,#5817,#5818);
#5182=AXIS2_PLACEMENT_3D('',#8249,#5823,#5824);
#5183=AXIS2_PLACEMENT_3D('',#8274,#5828,#5829);
#5184=AXIS2_PLACEMENT_3D('',#8354,#5833,#5834);
#5185=AXIS2_PLACEMENT_3D('',#8388,#5837,#5838);
#5186=AXIS2_PLACEMENT_3D('',#8405,#5842,#5843);
#5187=AXIS2_PLACEMENT_3D('',#8406,#5844,#5845);
#5188=AXIS2_PLACEMENT_3D('',#8418,#5849,#5850);
#5189=AXIS2_PLACEMENT_3D('',#8419,#5851,#5852);
#5190=AXIS2_PLACEMENT_3D('',#8423,#5855,#5856);
#5191=AXIS2_PLACEMENT_3D('',#8424,#5857,#5858);
#5192=AXIS2_PLACEMENT_3D('',#8445,#5859,#5860);
#5193=AXIS2_PLACEMENT_3D('',#8498,#5861,#5862);
#5194=AXIS2_PLACEMENT_3D('',#8499,#5863,#5864);
#5195=AXIS2_PLACEMENT_3D('',#8570,#5865,#5866);
#5196=AXIS2_PLACEMENT_3D('',#8571,#5867,#5868);
#5197=AXIS2_PLACEMENT_3D('',#8572,#5869,#5870);
#5198=AXIS2_PLACEMENT_3D('',#8603,#5871,#5872);
#5199=AXIS2_PLACEMENT_3D('',#8604,#5873,#5874);
#5200=AXIS2_PLACEMENT_3D('',#8605,#5875,#5876);
#5201=AXIS2_PLACEMENT_3D('',#8636,#5877,#5878);
#5202=AXIS2_PLACEMENT_3D('',#8637,#5879,#5880);
#5203=AXIS2_PLACEMENT_3D('',#8650,#5881,#5882);
#5204=AXIS2_PLACEMENT_3D('',#8660,#5885,#5886);
#5205=AXIS2_PLACEMENT_3D('',#8667,#5887,#5888);
#5206=AXIS2_PLACEMENT_3D('',#8669,#5890,#5891);
#5207=AXIS2_PLACEMENT_3D('',#8671,#5893,#5894);
#5208=AXIS2_PLACEMENT_3D('',#8673,#5896,#5897);
#5209=AXIS2_PLACEMENT_3D('',#8675,#5899,#5900);
#5210=AXIS2_PLACEMENT_3D('',#8677,#5902,#5903);
#5211=AXIS2_PLACEMENT_3D('',#8713,#5905,#5906);
#5212=AXIS2_PLACEMENT_3D('',#8720,#5910,#5911);
#5213=AXIS2_PLACEMENT_3D('',#8781,#5914,#5915);
#5214=AXIS2_PLACEMENT_3D('',#8814,#5920,#5921);
#5215=AXIS2_PLACEMENT_3D('',#8820,#5925,#5926);
#5216=AXIS2_PLACEMENT_3D('',#8898,#5932,#5933);
#5217=AXIS2_PLACEMENT_3D('',#8905,#5937,#5938);
#5218=AXIS2_PLACEMENT_3D('',#8907,#5939,#5940);
#5219=AXIS2_PLACEMENT_3D('',#8908,#5941,#5942);
#5220=AXIS2_PLACEMENT_3D('',#8916,#5947,#5948);
#5221=AXIS2_PLACEMENT_3D('',#8920,#5951,#5952);
#5222=AXIS2_PLACEMENT_3D('',#8929,#5957,#5958);
#5223=AXIS2_PLACEMENT_3D('',#8935,#5962,#5963);
#5224=AXIS2_PLACEMENT_3D('',#9056,#5972,#5973);
#5225=AXIS2_PLACEMENT_3D('',#9200,#5983,#5984);
#5226=AXIS2_PLACEMENT_3D('',#9206,#5988,#5989);
#5227=AXIS2_PLACEMENT_3D('',#9212,#5993,#5994);
#5228=AXIS2_PLACEMENT_3D('',#9215,#5997,#5998);
#5229=AXIS2_PLACEMENT_3D('',#9216,#5999,#6000);
#5230=AXIS2_PLACEMENT_3D('',#9225,#6005,#6006);
#5231=AXIS2_PLACEMENT_3D('',#9231,#6010,#6011);
#5232=AXIS2_PLACEMENT_3D('',#9237,#6015,#6016);
#5233=AXIS2_PLACEMENT_3D('',#9243,#6020,#6021);
#5234=AXIS2_PLACEMENT_3D('',#9249,#6025,#6026);
#5235=AXIS2_PLACEMENT_3D('',#9255,#6030,#6031);
#5236=AXIS2_PLACEMENT_3D('',#9261,#6035,#6036);
#5237=AXIS2_PLACEMENT_3D('',#9267,#6040,#6041);
#5238=AXIS2_PLACEMENT_3D('',#9273,#6045,#6046);
#5239=AXIS2_PLACEMENT_3D('',#9279,#6050,#6051);
#5240=AXIS2_PLACEMENT_3D('',#9285,#6055,#6056);
#5241=AXIS2_PLACEMENT_3D('',#9291,#6060,#6061);
#5242=AXIS2_PLACEMENT_3D('',#9294,#6064,#6065);
#5243=AXIS2_PLACEMENT_3D('',#9295,#6066,#6067);
#5244=AXIS2_PLACEMENT_3D('',#9304,#6072,#6073);
#5245=AXIS2_PLACEMENT_3D('',#9310,#6077,#6078);
#5246=AXIS2_PLACEMENT_3D('',#9316,#6082,#6083);
#5247=AXIS2_PLACEMENT_3D('',#9322,#6087,#6088);
#5248=AXIS2_PLACEMENT_3D('',#9328,#6092,#6093);
#5249=AXIS2_PLACEMENT_3D('',#9334,#6097,#6098);
#5250=AXIS2_PLACEMENT_3D('',#9340,#6102,#6103);
#5251=AXIS2_PLACEMENT_3D('',#9346,#6107,#6108);
#5252=AXIS2_PLACEMENT_3D('',#9352,#6112,#6113);
#5253=AXIS2_PLACEMENT_3D('',#9358,#6117,#6118);
#5254=AXIS2_PLACEMENT_3D('',#9364,#6122,#6123);
#5255=AXIS2_PLACEMENT_3D('',#9370,#6127,#6128);
#5256=AXIS2_PLACEMENT_3D('',#9376,#6132,#6133);
#5257=AXIS2_PLACEMENT_3D('',#9382,#6137,#6138);
#5258=AXIS2_PLACEMENT_3D('',#9385,#6141,#6142);
#5259=AXIS2_PLACEMENT_3D('',#9386,#6143,#6144);
#5260=AXIS2_PLACEMENT_3D('',#9389,#6146,#6147);
#5261=AXIS2_PLACEMENT_3D('',#9390,#6148,#6149);
#5262=AXIS2_PLACEMENT_3D('',#9393,#6151,#6152);
#5263=AXIS2_PLACEMENT_3D('',#9394,#6153,#6154);
#5264=AXIS2_PLACEMENT_3D('',#9397,#6156,#6157);
#5265=AXIS2_PLACEMENT_3D('',#9398,#6158,#6159);
#5266=AXIS2_PLACEMENT_3D('',#9401,#6161,#6162);
#5267=AXIS2_PLACEMENT_3D('',#9402,#6163,#6164);
#5268=AXIS2_PLACEMENT_3D('',#9403,#6165,#6166);
#5269=AXIS2_PLACEMENT_3D('',#9404,#6167,#6168);
#5270=AXIS2_PLACEMENT_3D('',#9407,#6169,#6170);
#5271=AXIS2_PLACEMENT_3D('',#9411,#6172,#6173);
#5272=AXIS2_PLACEMENT_3D('',#9414,#6175,#6176);
#5273=AXIS2_PLACEMENT_3D('',#9415,#6177,#6178);
#5274=AXIS2_PLACEMENT_3D('',#9421,#6182,#6183);
#5275=AXIS2_PLACEMENT_3D('',#9428,#6187,#6188);
#5276=AXIS2_PLACEMENT_3D('',#9429,#6189,#6190);
#5277=AXIS2_PLACEMENT_3D('',#9433,#6192,#6193);
#5278=AXIS2_PLACEMENT_3D('',#9437,#6196,#6197);
#5279=AXIS2_PLACEMENT_3D('',#9441,#6199,#6200);
#5280=AXIS2_PLACEMENT_3D('',#9444,#6202,#6203);
#5281=AXIS2_PLACEMENT_3D('',#9445,#6204,#6205);
#5282=AXIS2_PLACEMENT_3D('',#9449,#6207,#6208);
#5283=AXIS2_PLACEMENT_3D('',#9453,#6211,#6212);
#5284=AXIS2_PLACEMENT_3D('',#9457,#6215,#6216);
#5285=AXIS2_PLACEMENT_3D('',#9459,#6217,#6218);
#5286=AXIS2_PLACEMENT_3D('',#9462,#6220,#6221);
#5287=AXIS2_PLACEMENT_3D('',#9463,#6222,#6223);
#5288=AXIS2_PLACEMENT_3D('',#9469,#6227,#6228);
#5289=AXIS2_PLACEMENT_3D('',#9471,#6230,#6231);
#5290=AXIS2_PLACEMENT_3D('',#9472,#6232,#6233);
#5291=AXIS2_PLACEMENT_3D('',#9473,#6234,#6235);
#5292=AXIS2_PLACEMENT_3D('',#9474,#6236,#6237);
#5293=AXIS2_PLACEMENT_3D('',#9477,#6238,#6239);
#5294=AXIS2_PLACEMENT_3D('',#9481,#6241,#6242);
#5295=AXIS2_PLACEMENT_3D('',#9484,#6244,#6245);
#5296=AXIS2_PLACEMENT_3D('',#9485,#6246,#6247);
#5297=AXIS2_PLACEMENT_3D('',#9491,#6251,#6252);
#5298=AXIS2_PLACEMENT_3D('',#9498,#6256,#6257);
#5299=AXIS2_PLACEMENT_3D('',#9499,#6258,#6259);
#5300=AXIS2_PLACEMENT_3D('',#9503,#6261,#6262);
#5301=AXIS2_PLACEMENT_3D('',#9507,#6265,#6266);
#5302=AXIS2_PLACEMENT_3D('',#9511,#6268,#6269);
#5303=AXIS2_PLACEMENT_3D('',#9514,#6271,#6272);
#5304=AXIS2_PLACEMENT_3D('',#9515,#6273,#6274);
#5305=AXIS2_PLACEMENT_3D('',#9519,#6276,#6277);
#5306=AXIS2_PLACEMENT_3D('',#9523,#6280,#6281);
#5307=AXIS2_PLACEMENT_3D('',#9527,#6284,#6285);
#5308=AXIS2_PLACEMENT_3D('',#9529,#6286,#6287);
#5309=AXIS2_PLACEMENT_3D('',#9532,#6289,#6290);
#5310=AXIS2_PLACEMENT_3D('',#9533,#6291,#6292);
#5311=AXIS2_PLACEMENT_3D('',#9539,#6296,#6297);
#5312=AXIS2_PLACEMENT_3D('',#9541,#6299,#6300);
#5313=AXIS2_PLACEMENT_3D('',#9542,#6301,#6302);
#5314=AXIS2_PLACEMENT_3D('',#9543,#6303,#6304);
#5315=AXIS2_PLACEMENT_3D('',#9544,#6305,#6306);
#5316=AXIS2_PLACEMENT_3D('',#9545,#6307,#6308);
#5317=AXIS2_PLACEMENT_3D('',#9546,#6309,#6310);
#5318=AXIS2_PLACEMENT_3D('',#9548,#6312,#6313);
#5319=AXIS2_PLACEMENT_3D('',#9595,#6321,#6322);
#5320=AXIS2_PLACEMENT_3D('',#9728,#6326,#6327);
#5321=AXIS2_PLACEMENT_3D('',#9729,#6328,#6329);
#5322=AXIS2_PLACEMENT_3D('',#9762,#6334,#6335);
#5323=AXIS2_PLACEMENT_3D('',#9766,#6338,#6339);
#5324=AXIS2_PLACEMENT_3D('',#9845,#6343,#6344);
#5325=AXIS2_PLACEMENT_3D('',#9847,#6345,#6346);
#5326=AXIS2_PLACEMENT_3D('',#9849,#6348,#6349);
#5327=AXIS2_PLACEMENT_3D('',#9860,#6353,#6354);
#5328=AXIS2_PLACEMENT_3D('',#9862,#6356,#6357);
#5329=AXIS2_PLACEMENT_3D('',#9866,#6359,#6360);
#5330=AXIS2_PLACEMENT_3D('',#9870,#6362,#6363);
#5331=AXIS2_PLACEMENT_3D('',#9882,#6368,#6369);
#5332=AXIS2_PLACEMENT_3D('',#9891,#6372,#6373);
#5333=AXIS2_PLACEMENT_3D('',#9893,#6375,#6376);
#5334=AXIS2_PLACEMENT_3D('',#9894,#6377,#6378);
#5335=DIRECTION('axis',(0.,0.,1.));
#5336=DIRECTION('refdir',(1.,0.,0.));
#5337=DIRECTION('center_axis',(-0.698507953440765,6.41337359854437E-14,
-0.715602291066758));
#5338=DIRECTION('ref_axis',(-0.715602291066758,0.,0.698507953440765));
#5339=DIRECTION('',(-0.715602291066758,6.4059772314298E-14,0.698507953440765));
#5340=DIRECTION('',(9.06302050617759E-14,1.,1.15681145541286E-15));
#5341=DIRECTION('',(0.715602291066758,-6.4059772314298E-14,-0.698507953440765));
#5342=DIRECTION('',(-9.06302050617759E-14,-1.,-1.15681145541286E-15));
#5343=DIRECTION('',(-0.698563945137352,-0.0123176278850484,-0.715441605302225));
#5344=DIRECTION('',(-0.00832054066488634,0.725371266065923,0.688307558413363));
#5345=DIRECTION('center_axis',(0.00876794117680629,0.688357847609749,-0.725318272788983));
#5346=DIRECTION('ref_axis',(-0.999926943236637,0.,-0.0120875220552361));
#5347=DIRECTION('',(-0.00832054066487657,0.725371266065919,0.688307558413367));
#5348=DIRECTION('',(0.999926943236637,-5.36764918335866E-16,0.0120875220552355));
#5349=DIRECTION('',(-0.999926943236637,5.36764918335866E-16,-0.0120875220552355));
#5350=DIRECTION('',(-0.715654382100013,0.012317627885113,0.698345961128389));
#5351=DIRECTION('center_axis',(0.71560229106676,8.99865873497833E-17,-0.698507953440763));
#5352=DIRECTION('ref_axis',(-0.698507953440763,0.,-0.71560229106676));
#5353=DIRECTION('',(-0.698507953440763,0.,-0.71560229106676));
#5354=DIRECTION('',(-6.67632357785309E-17,1.,6.0429752674557E-17));
#5355=DIRECTION('',(0.698507953440763,0.,0.71560229106676));
#5356=DIRECTION('',(6.67632357785309E-17,-1.,-6.0429752674557E-17));
#5357=DIRECTION('',(-0.00876794117680522,-0.688357847609743,0.725318272788989));
#5358=DIRECTION('',(0.684898824712791,0.187727864953881,-0.704039664100606));
#5359=DIRECTION('center_axis',(0.00832054066487736,-0.725371266065922,-0.688307558413363));
#5360=DIRECTION('ref_axis',(-0.999926943236637,0.,-0.0120875220552357));
#5361=DIRECTION('',(0.999926943236637,1.22031506514869E-16,0.0120875220552355));
#5362=DIRECTION('',(-0.00876794117680518,-0.688357847609745,0.725318272788987));
#5363=DIRECTION('',(-0.999926943236637,-1.22031506514869E-16,-0.0120875220552355));
#5364=DIRECTION('',(0.698262946014465,0.,0.715841363867163));
#5365=DIRECTION('center_axis',(-0.677567445645782,-0.190438549492625,-0.710377023465846));
#5366=DIRECTION('ref_axis',(-0.723619905758314,0.,0.690198690226466));
#5367=DIRECTION('',(0.267433867851796,-0.963570793981141,0.00323284895745675));
#5368=DIRECTION('',(-0.68511421159313,-0.187788401808251,0.703813919455581));
#5369=DIRECTION('',(-0.267433867851796,0.963570793981141,-0.00323284895745675));
#5370=DIRECTION('',(0.71557962962224,-1.28123701298512E-13,-0.698531168717401));
#5371=DIRECTION('center_axis',(0.999926943236637,6.60279123043672E-17,0.0120875220552345));
#5372=DIRECTION('ref_axis',(0.000632503129186872,0.998630006854188,-0.0523231244307528));
#5373=DIRECTION('',(0.012070962232869,-0.0523269472681569,-0.99855705017809));
#5374=DIRECTION('',(-6.67632357785309E-17,1.,6.0429752674557E-17));
#5375=DIRECTION('',(-0.012070962232869,0.0523269472681569,0.99855705017809));
#5376=DIRECTION('center_axis',(-0.012070962232869,0.0523269472681569,0.99855705017809));
#5377=DIRECTION('ref_axis',(0.707502369505532,0.706138049742964,-0.0284508672848548));
#5378=DIRECTION('',(-0.012070962232869,0.0523269472681569,0.99855705017809));
#5379=DIRECTION('center_axis',(-0.0120872284619508,0.00696974325372907,
0.999902656055621));
#5380=DIRECTION('ref_axis',(8.42469252479986E-5,0.999975711044512,-0.0069692340668461));
#5381=DIRECTION('center_axis',(0.00063250312918753,0.998630006854188,-0.0523231244307528));
#5382=DIRECTION('ref_axis',(-0.999926943236637,5.34831239842377E-16,-0.0120875220552356));
#5383=DIRECTION('',(0.012070962232869,-0.0523269472681569,-0.99855705017809));
#5384=DIRECTION('',(-0.999926943236637,5.36656349379892E-16,-0.0120875220552356));
#5385=DIRECTION('',(0.707083205882992,-0.0374458894050039,-0.706138191379632));
#5386=DIRECTION('',(0.999926943236637,-3.69712940817557E-17,0.0120875220552451));
#5387=DIRECTION('',(0.707130072828206,0.0365501679486249,0.706138191379637));
#5388=DIRECTION('',(-0.999926943236637,5.36656349379892E-16,-0.0120875220552356));
#5389=DIRECTION('center_axis',(-0.012070962232869,0.0523269472681569,0.99855705017809));
#5390=DIRECTION('ref_axis',(-0.706607875001961,0.706138049742996,-0.0455452049108525));
#5391=DIRECTION('',(-0.012070962232869,0.0523269472681569,0.99855705017809));
#5392=DIRECTION('center_axis',(-0.01208722846195,0.00696974325372932,0.999902656055621));
#5393=DIRECTION('ref_axis',(8.42469253663005E-5,0.999975711044512,-0.00696923406684491));
#5394=DIRECTION('center_axis',(-0.999926943236637,9.06375668963122E-14,
-0.0120875220552392));
#5395=DIRECTION('ref_axis',(-0.000632503129277693,-0.998630006854188,0.0523231244307517));
#5396=DIRECTION('',(-0.012070962232869,0.0523269472681569,0.99855705017809));
#5397=DIRECTION('',(-9.06302050617759E-14,-1.,-1.15681145541286E-15));
#5398=DIRECTION('center_axis',(-0.012070962232869,0.0523269472681569,0.99855705017809));
#5399=DIRECTION('ref_axis',(-0.961365810760253,-0.275259734528419,0.0028029357156487));
#5400=DIRECTION('',(-0.012070962232869,0.0523269472681569,0.99855705017809));
#5401=DIRECTION('center_axis',(-0.0120875161236999,0.000990671974120144,
0.999926452556886));
#5402=DIRECTION('ref_axis',(-1.19747693604028E-5,-0.999999509284399,0.000990599598831873));
#5403=DIRECTION('center_axis',(-0.0120875220552356,-6.12323399573676E-17,
0.999926943236637));
#5404=DIRECTION('ref_axis',(0.999926943236637,0.,0.0120875220552356));
#5405=DIRECTION('',(7.40147259619527E-19,-1.,-6.12278665207985E-17));
#5406=DIRECTION('',(0.999926943236637,0.,0.0120875220552355));
#5407=DIRECTION('',(-7.40144117241839E-19,1.,6.12278665587848E-17));
#5408=DIRECTION('',(-0.999926943236637,0.,-0.0120875220552355));
#5409=DIRECTION('',(-7.40147259619527E-19,1.,6.12278665207985E-17));
#5410=DIRECTION('',(-0.999926943236637,0.,-0.0120875220552356));
#5411=DIRECTION('',(7.40141376264051E-19,-1.,-6.12278665919189E-17));
#5412=DIRECTION('',(0.999926943236637,0.,0.0120875220552356));
#5413=DIRECTION('',(0.999926943236637,0.,0.0120875220552356));
#5414=DIRECTION('',(-7.40147259619527E-19,1.,6.12278665207985E-17));
#5415=DIRECTION('',(-0.999926943236637,0.,-0.0120875220552356));
#5416=DIRECTION('',(7.40149074570668E-19,-1.,-6.12278664988586E-17));
#5417=DIRECTION('',(-7.40147259619527E-19,1.,6.12278665207985E-17));
#5418=DIRECTION('',(-0.999926943236637,0.,-0.0120875220552356));
#5419=DIRECTION('',(7.40123175650801E-19,-1.,-6.12278668119353E-17));
#5420=DIRECTION('',(0.999926943236637,0.,0.0120875220552356));
#5421=DIRECTION('center_axis',(0.715602291066102,4.32978005895796E-17,-0.698507953441438));
#5422=DIRECTION('ref_axis',(-0.698507953441438,0.,-0.715602291066102));
#5423=DIRECTION('',(0.570329355736029,-0.577350269189207,0.584286823959668));
#5424=DIRECTION('',(7.40144117241839E-19,-1.,-6.12278665587848E-17));
#5425=DIRECTION('',(0.570329355735977,0.577350269189258,0.584286823959669));
#5426=DIRECTION('center_axis',(-0.698507953441453,4.32978028118099E-17,
-0.715602291066087));
#5427=DIRECTION('ref_axis',(-0.715602291066087,0.,0.698507953441453));
#5428=DIRECTION('',(-0.584286823959344,0.577350269189975,0.570329355735584));
#5429=DIRECTION('',(-7.40147259619526E-19,1.,6.12278665207985E-17));
#5430=DIRECTION('',(0.584286823959344,0.577350269189975,-0.570329355735584));
#5431=DIRECTION('center_axis',(0.00854716881299895,0.707106781186552,-0.707055122253757));
#5432=DIRECTION('ref_axis',(-0.999926943236637,0.,-0.0120875220552356));
#5433=DIRECTION('',(0.999926943236637,0.,0.0120875220552355));
#5434=DIRECTION('center_axis',(0.00854716881299895,-0.707106781186552,-0.707055122253757));
#5435=DIRECTION('ref_axis',(-0.999926943236637,0.,-0.0120875220552356));
#5436=DIRECTION('',(-0.999926943236637,0.,-0.0120875220552356));
#5437=DIRECTION('center_axis',(0.,1.,0.));
#5438=DIRECTION('ref_axis',(-0.999926943236637,0.,-0.0120875220552287));
#5439=DIRECTION('',(-0.0120875220534581,0.,0.999926943236658));
#5440=DIRECTION('',(-0.999926943236637,0.,-0.0120875220552287));
#5441=DIRECTION('',(-0.0120875220534581,0.,0.999926943236658));
#5442=DIRECTION('center_axis',(0.999926943236658,0.,0.0120875220534581));
#5443=DIRECTION('ref_axis',(0.,1.,0.));
#5444=DIRECTION('',(-0.0120875220534581,0.,0.999926943236658));
#5445=DIRECTION('',(0.,1.,0.));
#5446=DIRECTION('center_axis',(0.715602291066134,4.32978028117365E-17,-0.698507953441405));
#5447=DIRECTION('ref_axis',(-0.698507953441405,0.,-0.715602291066134));
#5448=DIRECTION('',(0.570329355735899,-0.577350269189283,0.58428682395972));
#5449=DIRECTION('',(7.40147259619526E-19,-1.,-6.12278665207985E-17));
#5450=DIRECTION('',(0.570329355735899,0.577350269189283,0.58428682395972));
#5451=DIRECTION('center_axis',(0.00854716881299876,-0.707106781186568,-0.707055122253741));
#5452=DIRECTION('ref_axis',(-0.999926943236637,0.,-0.0120875220552355));
#5453=DIRECTION('',(-0.584286823959403,-0.577350269189932,0.570329355735567));
#5454=DIRECTION('',(-0.999926943236637,0.,-0.0120875220552356));
#5455=DIRECTION('center_axis',(0.00854716881299876,0.707106781186568,-0.707055122253741));
#5456=DIRECTION('ref_axis',(-0.999926943236637,0.,-0.0120875220552355));
#5457=DIRECTION('',(0.999926943236637,0.,0.0120875220552356));
#5458=DIRECTION('',(0.584286823959411,-0.577350269189941,-0.570329355735549));
#5459=DIRECTION('center_axis',(-0.69850795344139,4.32978198429955E-17,-0.715602291066149));
#5460=DIRECTION('ref_axis',(-0.715602291066149,0.,0.69850795344139));
#5461=DIRECTION('',(-7.40123175650801E-19,1.,6.12278668119353E-17));
#5462=DIRECTION('center_axis',(0.,-1.,0.));
#5463=DIRECTION('ref_axis',(0.999926943236472,0.,0.01208752206883));
#5464=DIRECTION('',(-0.0120875220534581,0.,0.999926943236658));
#5465=DIRECTION('',(0.999926943236472,0.,0.01208752206883));
#5466=DIRECTION('',(-0.0120875220534581,0.,0.999926943236658));
#5467=DIRECTION('center_axis',(-0.999926943236658,0.,-0.0120875220534581));
#5468=DIRECTION('ref_axis',(0.,-1.,0.));
#5469=DIRECTION('',(-0.0120875220534581,0.,0.999926943236658));
#5470=DIRECTION('',(0.,-1.,0.));
#5471=DIRECTION('center_axis',(0.715602291066072,4.32978028117404E-17,-0.698507953441469));
#5472=DIRECTION('ref_axis',(-0.698507953441469,0.,-0.715602291066072));
#5473=DIRECTION('',(0.570329355735969,-0.577350269189275,0.58428682395966));
#5474=DIRECTION('',(7.40147259619526E-19,-1.,-6.12278665207985E-17));
#5475=DIRECTION('',(0.570329355735965,0.577350269189256,0.584286823959682));
#5476=DIRECTION('center_axis',(0.00854716881299933,-0.707106781186521,-0.707055122253788));
#5477=DIRECTION('ref_axis',(-0.999926943236637,0.,-0.0120875220552355));
#5478=DIRECTION('',(-0.58428682395942,-0.577350269189975,0.570329355735506));
#5479=DIRECTION('',(-0.999926943236637,0.,-0.0120875220552356));
#5480=DIRECTION('center_axis',(0.00854716881299902,0.707106781186547,-0.707055122253763));
#5481=DIRECTION('ref_axis',(-0.999926943236637,0.,-0.0120875220552356));
#5482=DIRECTION('',(0.999926943236637,0.,0.0120875220552356));
#5483=DIRECTION('',(0.584286823959408,-0.577350269189947,-0.570329355735546));
#5484=DIRECTION('center_axis',(-0.698507953441374,4.32978069722791E-17,
-0.715602291066164));
#5485=DIRECTION('ref_axis',(-0.715602291066164,0.,0.698507953441374));
#5486=DIRECTION('',(-7.40141376264051E-19,1.,6.12278665919189E-17));
#5487=DIRECTION('center_axis',(0.,-1.,0.));
#5488=DIRECTION('ref_axis',(0.999926943236597,0.,0.0120875220585513));
#5489=DIRECTION('',(-0.0120875220534581,0.,0.999926943236658));
#5490=DIRECTION('',(0.999926943236597,0.,0.0120875220585513));
#5491=DIRECTION('',(-0.0120875220534581,0.,0.999926943236658));
#5492=DIRECTION('center_axis',(-0.999926943236658,0.,-0.0120875220534581));
#5493=DIRECTION('ref_axis',(0.,-1.,0.));
#5494=DIRECTION('',(-0.0120875220534581,0.,0.999926943236658));
#5495=DIRECTION('',(0.,-1.,0.));
#5496=DIRECTION('center_axis',(0.00854716881299899,-0.707106781186549,-0.70705512225376));
#5497=DIRECTION('ref_axis',(-0.999926943236637,0.,-0.0120875220552356));
#5498=DIRECTION('',(-0.58428682395935,-0.577350269189987,0.570329355735565));
#5499=DIRECTION('',(-0.999926943236637,0.,-0.0120875220552356));
#5500=DIRECTION('',(0.570329355735976,-0.577350269189261,0.584286823959667));
#5501=DIRECTION('center_axis',(-0.698507953441421,4.32978015283538E-17,
-0.715602291066119));
#5502=DIRECTION('ref_axis',(-0.715602291066119,0.,0.698507953441421));
#5503=DIRECTION('',(-0.584286823959359,0.577350269189996,0.570329355735547));
#5504=DIRECTION('',(-7.40149074570668E-19,1.,6.12278664988586E-17));
#5505=DIRECTION('center_axis',(0.715602291066072,4.32978028117404E-17,-0.698507953441469));
#5506=DIRECTION('ref_axis',(-0.698507953441469,0.,-0.715602291066072));
#5507=DIRECTION('',(7.40147259619526E-19,-1.,-6.12278665207985E-17));
#5508=DIRECTION('',(-0.570329355735976,-0.577350269189261,-0.584286823959667));
#5509=DIRECTION('center_axis',(0.00854716881299899,0.707106781186549,-0.70705512225376));
#5510=DIRECTION('ref_axis',(-0.999926943236637,0.,-0.0120875220552356));
#5511=DIRECTION('',(0.999926943236637,0.,0.0120875220552356));
#5512=DIRECTION('center_axis',(-0.999926943236658,0.,-0.0120875220534581));
#5513=DIRECTION('ref_axis',(0.,-1.,0.));
#5514=DIRECTION('',(-0.0120875220534581,0.,0.999926943236658));
#5515=DIRECTION('',(0.,-1.,0.));
#5516=DIRECTION('',(-0.0120875220534581,0.,0.999926943236658));
#5517=DIRECTION('center_axis',(0.,1.,0.));
#5518=DIRECTION('ref_axis',(-0.999926943236624,0.,-0.0120875220562537));
#5519=DIRECTION('',(-0.0120875220534581,0.,0.999926943236658));
#5520=DIRECTION('',(-0.999926943236624,0.,-0.0120875220562537));
#5521=DIRECTION('center_axis',(0.,1.,0.));
#5522=DIRECTION('ref_axis',(-0.999926943236637,0.,-0.0120875220552287));
#5523=DIRECTION('',(-0.0120875220534581,0.,0.999926943236658));
#5524=DIRECTION('',(-0.999926943236637,0.,-0.0120875220552287));
#5525=DIRECTION('center_axis',(0.999926943236658,-2.40857283501486E-23,
0.0120875220534581));
#5526=DIRECTION('ref_axis',(1.64418648033534E-13,1.,-1.36013514919011E-11));
#5527=DIRECTION('',(1.64418648033534E-13,1.,-1.36013514919011E-11));
#5528=DIRECTION('center_axis',(-0.0120875220534581,0.,0.999926943236658));
#5529=DIRECTION('ref_axis',(0.999926943236658,0.,0.0120875220534581));
#5530=DIRECTION('center_axis',(0.,-1.,0.));
#5531=DIRECTION('ref_axis',(0.999926943236658,0.,0.0120875220534541));
#5532=DIRECTION('',(-0.0120875220534581,0.,0.999926943236658));
#5533=DIRECTION('',(0.999926943236658,0.,0.0120875220534541));
#5534=DIRECTION('center_axis',(-0.999926943236658,3.14260727623429E-24,
-0.0120875220534581));
#5535=DIRECTION('ref_axis',(-2.14526576950306E-14,-1.,1.77464746995144E-12));
#5536=DIRECTION('',(-2.14526576950306E-14,-1.,1.77464746995144E-12));
#5537=DIRECTION('center_axis',(-0.0120875220534581,0.,0.999926943236658));
#5538=DIRECTION('ref_axis',(0.999926943236658,0.,0.0120875220534581));
#5539=DIRECTION('center_axis',(0.,1.,0.));
#5540=DIRECTION('ref_axis',(-0.999926943236637,0.,-0.0120875220552287));
#5541=DIRECTION('',(-0.0120875220534581,0.,0.999926943236658));
#5542=DIRECTION('',(-0.999926943236637,0.,-0.0120875220552287));
#5543=DIRECTION('center_axis',(0.999926943236658,-5.88378532590696E-24,
0.0120875220534581));
#5544=DIRECTION('ref_axis',(4.01650450650095E-14,1.,-3.32260909666293E-12));
#5545=DIRECTION('',(4.01650450650095E-14,1.,-3.32260909666293E-12));
#5546=DIRECTION('center_axis',(-0.0120875220534581,0.,0.999926943236658));
#5547=DIRECTION('ref_axis',(0.999926943236658,0.,0.0120875220534581));
#5548=DIRECTION('center_axis',(0.999926943236658,1.81508374593578E-24,0.0120875220534581));
#5549=DIRECTION('ref_axis',(-1.23904969315046E-14,1.,1.02499020604003E-12));
#5550=DIRECTION('',(-0.0120875220534581,0.,0.999926943236658));
#5551=DIRECTION('',(-1.23904969315046E-14,1.,1.02499020604003E-12));
#5552=DIRECTION('center_axis',(0.,-1.,0.));
#5553=DIRECTION('ref_axis',(0.999926943236637,0.,0.0120875220552287));
#5554=DIRECTION('',(0.999926943236637,0.,0.0120875220552287));
#5555=DIRECTION('center_axis',(-0.0120875220534581,0.,0.999926943236658));
#5556=DIRECTION('ref_axis',(0.999926943236658,0.,0.0120875220534581));
#5557=DIRECTION('center_axis',(-0.963575178163431,-0.267427147295548,0.00236578035280577));
#5558=DIRECTION('ref_axis',(0.267165057404753,-0.962156230286413,0.0536490505317114));
#5559=DIRECTION('',(-0.012070962232869,0.0523269472681569,0.99855705017809));
#5560=DIRECTION('',(0.267433867851796,-0.963570793981141,0.00323284895745675));
#5561=DIRECTION('center_axis',(-0.012070962232869,0.0523269472681569,0.99855705017809));
#5562=DIRECTION('ref_axis',(-0.000632503129186872,-0.998630006854188,0.0523231244307528));
#5563=DIRECTION('',(-0.012070962232869,0.0523269472681569,0.99855705017809));
#5564=DIRECTION('center_axis',(-0.0120868612591355,0.0104562066539517,0.999872279607407));
#5565=DIRECTION('ref_axis',(-0.000126389628545639,-0.99994533237693,0.0104554427573365));
#5566=DIRECTION('center_axis',(-0.000632503129186872,-0.998630006854188,
0.0523231244307528));
#5567=DIRECTION('ref_axis',(0.999926943236637,1.22374428638892E-16,0.0120875220552356));
#5568=DIRECTION('',(-0.012070962232869,0.0523269472681569,0.99855705017809));
#5569=DIRECTION('',(0.999926943236637,1.22139778197163E-16,0.0120875220552356));
#5570=DIRECTION('center_axis',(-0.012070962232869,0.0523269472681569,0.99855705017809));
#5571=DIRECTION('ref_axis',(0.999926943236637,3.6139450122784E-15,0.0120875220552343));
#5572=DIRECTION('center_axis',(-0.0120868612591353,0.0104562066544019,0.999872279607402));
#5573=DIRECTION('ref_axis',(-0.000126389628551092,-0.999945332376926,0.0104554427577867));
#5574=DIRECTION('',(0.438350983872334,-0.579709617440989,-0.686866198312727));
#5575=DIRECTION('',(-0.00832054066484713,0.725371266065925,0.68830755841336));
#5576=DIRECTION('center_axis',(-0.00876794117680662,-0.688357847609745,
0.725318272788987));
#5577=DIRECTION('ref_axis',(0.999926943236637,0.,0.0120875220552365));
#5578=DIRECTION('',(-0.589752346103602,-0.582206340904264,-0.55966771112524));
#5579=DIRECTION('',(-0.999926943236637,-8.61895652598436E-15,-0.0120875220552446));
#5580=DIRECTION('',(-0.584595637415232,0.592008169886132,0.554774068881334));
#5581=DIRECTION('',(-0.999926943236637,9.46178154040452E-16,-0.0120875220552356));
#5582=DIRECTION('',(0.999926943236637,-9.46069882358158E-16,0.0120875220552356));
#5583=DIRECTION('',(-0.00832054066487164,0.725371266065923,0.688307558413362));
#5584=DIRECTION('',(-0.999926943236637,9.46178154040452E-16,-0.0120875220552356));
#5585=DIRECTION('',(0.698566223948183,0.00703867409665839,0.715510788056852));
#5586=DIRECTION('',(-0.00876794117679997,-0.688357847609749,0.725318272788983));
#5587=DIRECTION('',(-0.698414640554604,3.140594444268E-15,-0.71569336301169));
#5588=DIRECTION('center_axis',(-0.00832054066487736,0.725371266065922,0.688307558413363));
#5589=DIRECTION('ref_axis',(0.999926943236637,0.,0.0120875220552357));
#5590=DIRECTION('',(0.999926943236637,1.22031506514869E-16,0.0120875220552356));
#5591=DIRECTION('',(-0.999926943236637,-1.22031506514869E-16,-0.0120875220552356));
#5592=DIRECTION('',(0.0545793891890875,-0.686975875935721,0.724627653459413));
#5593=DIRECTION('center_axis',(-0.134394147303453,0.714051815081447,0.687072207667774));
#5594=DIRECTION('ref_axis',(0.981401542568531,0.,0.191966174739479));
#5595=DIRECTION('',(-0.984695045147828,-0.173879203194528,-0.0119033926992492));
#5596=DIRECTION('',(0.110967928843853,-0.678156344861067,0.72649163153665));
#5597=DIRECTION('',(0.984695045147828,0.173879203194528,0.0119033926992492));
#5598=DIRECTION('',(-0.983076263464031,-0.00896442741932194,-0.182977318962333));
#5599=DIRECTION('',(-0.683365488015862,-0.193232261758623,0.704040412763706));
#5600=DIRECTION('',(-0.110967545199234,0.678154306511948,-0.726493592863526));
#5601=DIRECTION('center_axis',(0.676134860116924,0.196057051252145,0.710213547877665));
#5602=DIRECTION('ref_axis',(0.724269821229042,0.,-0.689516661188728));
#5603=DIRECTION('',(0.683424492378913,0.193249371080112,-0.703978439864294));
#5604=DIRECTION('',(-0.275268258524813,0.961361697401896,-0.00332755424636806));
#5605=DIRECTION('',(-0.683424492378919,-0.193249371080114,0.703978439864288));
#5606=DIRECTION('',(0.275268258524813,-0.961361697401896,0.00332755424636806));
#5607=DIRECTION('',(0.683625949766041,0.192576722075408,-0.703967163240708));
#5608=DIRECTION('',(-0.715592775618696,1.28749335503926E-13,0.698517701624183));
#5609=DIRECTION('center_axis',(0.698507953440773,-6.40790203339944E-14,
0.715602291066751));
#5610=DIRECTION('ref_axis',(0.715602291066751,0.,-0.698507953440772));
#5611=DIRECTION('',(0.715602291066739,-6.28036983473528E-14,-0.698507953440785));
#5612=DIRECTION('',(9.05592719371336E-14,1.,1.14958914800916E-15));
#5613=DIRECTION('',(-0.715602291066751,6.43737908060355E-14,0.698507953440773));
#5614=DIRECTION('',(-9.05592719371336E-14,-1.,-1.14958914800916E-15));
#5615=DIRECTION('',(0.715658332615818,-0.00703867412251213,-0.698415068583249));
#5616=DIRECTION('center_axis',(-0.715602291066764,-1.35778319363475E-16,
0.69850795344076));
#5617=DIRECTION('ref_axis',(0.69850795344076,0.,0.715602291066764));
#5618=DIRECTION('',(0.698507953440747,0.,0.715602291066776));
#5619=DIRECTION('',(-1.3780477271722E-16,1.,5.3206134739094E-17));
#5620=DIRECTION('',(-0.69850795344076,0.,-0.715602291066764));
#5621=DIRECTION('',(1.3780477271722E-16,-1.,-5.3206134739094E-17));
#5622=DIRECTION('center_axis',(-0.999926943236637,9.05665516540144E-14,
-0.012087522055244));
#5623=DIRECTION('ref_axis',(9.05591950076218E-14,1.,1.15595305710533E-15));
#5624=DIRECTION('',(0.0120709622328737,-0.0523269472681568,-0.99855705017809));
#5625=DIRECTION('',(-0.0120875220552345,0.,0.999926943236637));
#5626=DIRECTION('',(9.05591950076218E-14,1.,1.15595305710533E-15));
#5627=DIRECTION('',(-0.0120875220552345,0.,0.999926943236637));
#5628=DIRECTION('',(0.0120709622328737,-0.0523269472681568,-0.99855705017809));
#5629=DIRECTION('center_axis',(0.0120709622328737,-0.0523269472681568,-0.99855705017809));
#5630=DIRECTION('ref_axis',(-0.000632503129356265,-0.998630006854188,0.0523231244307507));
#5631=DIRECTION('',(0.0120709622328737,-0.0523269472681568,-0.99855705017809));
#5632=DIRECTION('center_axis',(0.0120875220552356,6.12323399573677E-17,
-0.999926943236637));
#5633=DIRECTION('ref_axis',(-1.68847626219817E-13,-1.,-2.09861455052244E-15));
#5634=DIRECTION('',(0.0120709622328737,-0.0523269472681568,-0.99855705017809));
#5635=DIRECTION('center_axis',(0.000632503129187938,0.998630006854188,-0.0523231244307527));
#5636=DIRECTION('ref_axis',(0.999926943236637,-9.46287020270107E-16,0.0120875220552355));
#5637=DIRECTION('',(0.0120709622328737,-0.0523269472681568,-0.99855705017809));
#5638=DIRECTION('',(0.999926943236637,-9.46287020270106E-16,0.0120875220552355));
#5639=DIRECTION('',(-0.707130072828206,-0.0365501679486245,-0.706138191379637));
#5640=DIRECTION('center_axis',(0.000632503129187938,0.998630006854188,-0.0523231244307527));
#5641=DIRECTION('ref_axis',(0.999926943236637,-9.46287020270107E-16,0.0120875220552355));
#5642=DIRECTION('',(-0.707083205882992,0.0374458894050041,0.706138191379632));
#5643=DIRECTION('',(0.999926943236637,-9.46287020270106E-16,0.0120875220552355));
#5644=DIRECTION('center_axis',(0.0120709622328737,-0.0523269472681568,-0.99855705017809));
#5645=DIRECTION('ref_axis',(0.000632503129193815,0.998630006854188,-0.0523231244307526));
#5646=DIRECTION('',(0.0120709622328737,-0.0523269472681568,-0.99855705017809));
#5647=DIRECTION('center_axis',(0.0120875220552356,6.12323399573677E-17,
-0.999926943236637));
#5648=DIRECTION('ref_axis',(6.61952442368259E-15,1.,1.38587753336387E-16));
#5649=DIRECTION('center_axis',(0.999926943236637,1.37151574819416E-16,0.0120875220552392));
#5650=DIRECTION('ref_axis',(1.37881702228998E-16,-1.,-5.95700438352572E-17));
#5651=DIRECTION('',(0.0120709622328737,-0.0523269472681568,-0.99855705017809));
#5652=DIRECTION('',(-0.0120875220552345,0.,0.999926943236637));
#5653=DIRECTION('',(1.37881702228998E-16,-1.,-5.95700438352572E-17));
#5654=DIRECTION('',(-0.0120875220552345,0.,0.999926943236637));
#5655=DIRECTION('center_axis',(-0.0120875220552356,-5.4867965900635E-17,
0.999926943236637));
#5656=DIRECTION('ref_axis',(0.999926943236637,4.75684598643595E-17,0.0120875220552355));
#5657=DIRECTION('center_axis',(0.110967928843843,-0.678156344861064,0.726491631536654));
#5658=DIRECTION('ref_axis',(0.988534726748892,0.,-0.150993688647884));
#5659=DIRECTION('',(-0.98469504514783,-0.173879203194518,-0.0119033926992492));
#5660=DIRECTION('',(0.134394147303446,-0.714051815081446,-0.687072207667777));
#5661=DIRECTION('',(0.98469504514783,0.173879203194518,0.0119033926992492));
#5662=DIRECTION('',(-0.0684156938901481,0.724059419434111,0.686336105678747));
#5663=DIRECTION('',(0.987212154069819,-0.00896442741932117,-0.159159674220173));
#5664=DIRECTION('center_axis',(-0.00876794117680587,-0.688357847609747,
0.725318272788985));
#5665=DIRECTION('ref_axis',(0.999926943236637,0.,0.0120875220552354));
#5666=DIRECTION('',(0.999926943236637,1.22140075470843E-16,0.0120875220552356));
#5667=DIRECTION('',(-0.00832054066487982,0.725371266065919,0.688307558413367));
#5668=DIRECTION('',(-0.999926943236637,-1.22140075470843E-16,-0.0120875220552356));
#5669=DIRECTION('',(0.698454319982854,0.0221682587468453,0.715311212830767));
#5670=DIRECTION('center_axis',(-0.715602291066774,-1.31363275775679E-16,
0.69850795344075));
#5671=DIRECTION('ref_axis',(0.69850795344075,0.,0.715602291066774));
#5672=DIRECTION('',(0.69850795344075,0.,0.715602291066774));
#5673=DIRECTION('',(-1.31517398121729E-16,1.,5.33267004064096E-17));
#5674=DIRECTION('',(-0.69850795344075,0.,-0.715602291066774));
#5675=DIRECTION('',(1.31517398121729E-16,-1.,-5.33267004064096E-17));
#5676=DIRECTION('',(-0.00876794117680868,-0.688357847609744,0.725318272788988));
#5677=DIRECTION('',(-0.698213912601624,0.,-0.715889189923644));
#5678=DIRECTION('center_axis',(-0.00832054066487739,0.72537126606592,0.688307558413366));
#5679=DIRECTION('ref_axis',(0.999926943236637,0.,0.0120875220552357));
#5680=DIRECTION('',(-0.00876794117680861,-0.688357847609747,0.725318272788984));
#5681=DIRECTION('',(0.999926943236637,1.22140075470843E-16,0.0120875220552356));
#5682=DIRECTION('',(-0.999926943236637,-1.22140075470843E-16,-0.0120875220552356));
#5683=DIRECTION('',(-0.684855720987053,-0.187715750234995,0.704084823401994));
#5684=DIRECTION('center_axis',(0.677567445645781,0.190438549492626,0.710377023465847));
#5685=DIRECTION('ref_axis',(0.723619905758315,0.,-0.690198690226464));
#5686=DIRECTION('',(0.68511421159313,0.187788401808252,-0.703813919455581));
#5687=DIRECTION('',(-0.267433867851797,0.963570793981141,-0.00323284895745677));
#5688=DIRECTION('',(-0.685114211593134,-0.187788401808251,0.703813919455577));
#5689=DIRECTION('',(0.267433867851797,-0.963570793981141,0.00323284895745677));
#5690=DIRECTION('',(0.690782102522625,0.167160036651914,-0.70347537908654));
#5691=DIRECTION('',(-0.134392769328515,0.714043393895765,0.687081228957705));
#5692=DIRECTION('center_axis',(0.012070962232869,-0.0523269472681563,-0.99855705017809));
#5693=DIRECTION('ref_axis',(-0.0006325031291868,-0.998630006854188,0.0523231244307522));
#5694=DIRECTION('',(0.012070962232869,-0.0523269472681563,-0.99855705017809));
#5695=DIRECTION('',(0.012070962232869,-0.0523269472681563,-0.99855705017809));
#5696=DIRECTION('center_axis',(-0.000632503129186865,-0.998630006854188,
0.0523231244307522));
#5697=DIRECTION('ref_axis',(-0.999926943236637,-1.21922937558895E-16,-0.0120875220552355));
#5698=DIRECTION('',(0.012070962232869,-0.0523269472681563,-0.99855705017809));
#5699=DIRECTION('',(-0.999926943236637,-1.22031506514869E-16,-0.0120875220552356));
#5700=DIRECTION('center_axis',(0.012070962232869,-0.0523269472681563,-0.99855705017809));
#5701=DIRECTION('ref_axis',(-0.0006325031291868,-0.998630006854188,0.0523231244307522));
#5702=DIRECTION('',(0.012070962232869,-0.0523269472681563,-0.99855705017809));
#5703=DIRECTION('center_axis',(-0.963575178163431,-0.267427147295549,0.00236578035280564));
#5704=DIRECTION('ref_axis',(-0.267433867851797,0.963570793981141,-0.00323284895745676));
#5705=DIRECTION('',(0.012070962232869,-0.0523269472681563,-0.99855705017809));
#5706=DIRECTION('',(-0.267433867851797,0.963570793981141,-0.00323284895745676));
#5707=DIRECTION('center_axis',(-0.0120875220552356,-5.49125239807207E-17,
0.999926943236637));
#5708=DIRECTION('ref_axis',(0.999926943236637,5.12544779425849E-17,0.0120875220552355));
#5709=DIRECTION('center_axis',(-0.707130072828205,-0.0365501679486239,-0.706138191379638));
#5710=DIRECTION('ref_axis',(0.707083205882992,-0.0374458894050042,-0.706138191379632));
#5711=DIRECTION('',(-0.000632503129189388,-0.998630006854188,0.0523231244307531));
#5712=DIRECTION('center_axis',(-0.707130072828205,-0.0365501679486239,-0.706138191379638));
#5713=DIRECTION('ref_axis',(-0.707083205882992,0.0374458894050027,0.706138191379632));
#5714=DIRECTION('',(-0.0510050485807135,0.998698205095559,-0.000616569694233923));
#5715=DIRECTION('',(-0.594035730967373,0.57238239065955,0.565243265503374));
#5716=DIRECTION('',(-0.706610334712037,6.60513588859527E-16,0.707602879359703));
#5717=DIRECTION('center_axis',(0.707083205882991,-0.0374458894050055,-0.706138191379633));
#5718=DIRECTION('ref_axis',(0.707130072828206,0.0365501679486249,0.706138191379637));
#5719=DIRECTION('',(-0.706633784219964,6.76723008169609E-16,-0.707579461968034));
#5720=DIRECTION('',(-0.598919453268065,-0.562605419989201,-0.569886506153512));
#5721=DIRECTION('',(-0.0535285237364777,-0.99856611120206,-0.000647074484416422));
#5722=DIRECTION('center_axis',(0.707083205882991,-0.0374458894050055,-0.706138191379633));
#5723=DIRECTION('ref_axis',(0.707130072828206,0.0365501679486263,0.706138191379637));
#5724=DIRECTION('',(0.00063250312918939,0.998630006854188,-0.0523231244307532));
#5725=DIRECTION('center_axis',(0.0120709622328795,-0.0523269472681573,-0.99855705017809));
#5726=DIRECTION('ref_axis',(0.999926943236637,-3.68628738645072E-17,0.0120875220552451));
#5727=DIRECTION('center_axis',(-9.46217887603193E-16,-1.,-1.1438265228097E-17));
#5728=DIRECTION('ref_axis',(0.999926943236637,-9.46287020270106E-16,0.0120875220552355));
#5729=DIRECTION('',(-0.0120875220552345,0.,0.999926943236637));
#5730=DIRECTION('',(0.999926943236637,-9.46287020270106E-16,0.0120875220552356));
#5731=DIRECTION('center_axis',(-9.46217887603193E-16,-1.,-1.1438265228097E-17));
#5732=DIRECTION('ref_axis',(0.999926943236637,-9.46287020270106E-16,0.0120875220552355));
#5733=DIRECTION('',(0.999926943236637,-9.46287020270106E-16,0.0120875220552356));
#5734=DIRECTION('',(-0.0120875220552345,0.,0.999926943236637));
#5735=DIRECTION('center_axis',(-0.00854716881299968,-0.707106781186547,
0.707055122253762));
#5736=DIRECTION('ref_axis',(0.999926943236637,0.,0.0120875220552365));
#5737=DIRECTION('',(-0.00854716881293113,0.707106781186559,0.707055122253751));
#5738=DIRECTION('',(-0.999926943236637,9.46287020270106E-16,-0.0120875220552356));
#5739=DIRECTION('center_axis',(-0.00854716881299968,-0.707106781186547,
0.707055122253762));
#5740=DIRECTION('ref_axis',(0.999926943236637,0.,0.0120875220552365));
#5741=DIRECTION('',(-0.999926943236637,9.46287020270106E-16,-0.0120875220552356));
#5742=DIRECTION('',(-0.00854716881288101,0.707106781186537,0.707055122253774));
#5743=DIRECTION('center_axis',(0.0120875220552356,6.12323399573676E-17,
-0.999926943236637));
#5744=DIRECTION('ref_axis',(-0.999926943236637,0.,-0.0120875220552356));
#5745=DIRECTION('',(0.999926943236637,-5.36656349379892E-16,0.0120875220552356));
#5746=DIRECTION('center_axis',(0.0120875220552356,6.12323399573676E-17,
-0.999926943236637));
#5747=DIRECTION('ref_axis',(6.78866330781609E-14,1.,8.81877941693422E-16));
#5748=DIRECTION('',(9.06302050617759E-14,1.,1.15681145541286E-15));
#5749=DIRECTION('center_axis',(0.0120875220552356,6.12323399573676E-17,
-0.999926943236637));
#5750=DIRECTION('ref_axis',(-2.3652249011154E-14,-1.,-3.47154783540486E-16));
#5751=DIRECTION('',(-0.267433867851796,0.963570793981141,-0.00323284895745675));
#5752=DIRECTION('center_axis',(0.0120875220552356,6.12323399573676E-17,
-0.999926943236637));
#5753=DIRECTION('ref_axis',(6.6689355389162E-17,-1.,-6.04306457706397E-17));
#5754=DIRECTION('',(-0.999926943236637,-1.22031506514869E-16,-0.0120875220552356));
#5755=DIRECTION('center_axis',(0.0120875220552356,6.12323399573676E-17,
-0.999926943236637));
#5756=DIRECTION('ref_axis',(3.61438210813907E-15,-1.,-1.75446982680576E-17));
#5757=DIRECTION('',(6.67632357785309E-17,-1.,-6.0429752674557E-17));
#5758=DIRECTION('center_axis',(0.0120875220552356,6.12323399573676E-17,
-0.999926943236637));
#5759=DIRECTION('ref_axis',(-4.67360383835388E-14,1.,-5.03727355468201E-16));
#5760=DIRECTION('',(0.999926943236637,-5.36656349379892E-16,0.0120875220552356));
#5761=DIRECTION('',(-1.37881702228998E-16,1.,5.95700438352572E-17));
#5762=DIRECTION('',(0.999926943236637,1.21922937558895E-16,0.0120875220552356));
#5763=DIRECTION('',(0.984695045147828,0.173879203194528,0.0119033926992492));
#5764=DIRECTION('',(0.275268258524813,-0.961361697401896,0.00332755424636806));
#5765=DIRECTION('',(-9.05591950076219E-14,-1.,-1.15595305710533E-15));
#5766=DIRECTION('',(-0.98469504514783,-0.173879203194518,-0.0119033926992492));
#5767=DIRECTION('',(-0.999926943236637,-1.22031506514869E-16,-0.0120875220552356));
#5768=DIRECTION('',(-1.31593789036731E-16,1.,5.96460546777563E-17));
#5769=DIRECTION('',(0.999926943236637,1.22031506514869E-16,0.0120875220552356));
#5770=DIRECTION('',(0.267433867851797,-0.963570793981141,0.00323284895745676));
#5771=DIRECTION('center_axis',(-0.999926943236637,5.36656349379892E-16,
-0.0120875220552356));
#5772=DIRECTION('ref_axis',(-0.00832054066487817,0.725371266065924,0.688307558413362));
#5773=DIRECTION('center_axis',(-0.999926943236637,1.08047316068425E-14,
-0.0120875220552108));
#5774=DIRECTION('ref_axis',(-0.0120875220552108,0.,0.999926943236637));
#5775=DIRECTION('center_axis',(-0.999926943236637,5.36656349379892E-16,
-0.0120875220552356));
#5776=DIRECTION('ref_axis',(-0.00832054066487817,0.725371266065924,0.688307558413362));
#5777=DIRECTION('center_axis',(-0.999926943236637,-7.91264122258611E-15,
-0.0120875220552286));
#5778=DIRECTION('ref_axis',(-0.0120875220552286,0.,0.999926943236637));
#5779=DIRECTION('center_axis',(-0.00876794117680594,-0.688357847609741,
0.725318272788991));
#5780=DIRECTION('ref_axis',(0.999926943236637,0.,0.0120875220552354));
#5781=DIRECTION('',(0.999926943236637,1.22031506514869E-16,0.0120875220552356));
#5782=DIRECTION('',(-0.00832054066489611,0.725371266065944,0.688307558413339));
#5783=DIRECTION('',(0.0684156938898082,-0.724059419434135,-0.686336105678755));
#5784=DIRECTION('',(0.698556937072902,-2.51197598697795E-14,0.715554474283633));
#5785=DIRECTION('center_axis',(0.110967928843848,-0.678156344861087,0.726491631536632));
#5786=DIRECTION('ref_axis',(0.98853472674889,0.,-0.150993688647895));
#5787=DIRECTION('',(0.134394147303428,-0.714051815081436,-0.68707220766779));
#5788=DIRECTION('',(0.98469504514783,0.173879203194518,0.0119033926992492));
#5789=DIRECTION('',(-0.987212154069817,0.00896442741932177,0.159159674220185));
#5790=DIRECTION('center_axis',(-0.715602291066781,-1.35832060508618E-16,
0.698507953440742));
#5791=DIRECTION('ref_axis',(0.698507953440742,0.,0.715602291066781));
#5792=DIRECTION('',(-0.698507953440742,0.,-0.715602291066781));
#5793=DIRECTION('',(1.31593789036731E-16,-1.,-5.96460546777563E-17));
#5794=DIRECTION('',(0.698507953440742,0.,0.715602291066781));
#5795=DIRECTION('',(-0.698449314597113,0.00369470156453124,-0.715649987157948));
#5796=DIRECTION('',(-0.0087679411768257,-0.688357847609755,0.725318272788977));
#5797=DIRECTION('center_axis',(-0.00832054066487781,0.725371266065887,0.688307558413401));
#5798=DIRECTION('ref_axis',(0.999926943236637,0.,0.0120875220552357));
#5799=DIRECTION('',(-0.00876794117677378,-0.688357847609783,0.725318272788951));
#5800=DIRECTION('',(-0.684118379857632,-0.191176177752286,0.703870521758793));
#5801=DIRECTION('center_axis',(0.677567445645823,0.190438549492637,0.710377023465804));
#5802=DIRECTION('ref_axis',(0.723619905758273,0.,-0.690198690226509));
#5803=DIRECTION('',(-0.68511421159309,-0.187788401808247,0.703813919455621));
#5804=DIRECTION('',(0.68511421159309,0.187788401808247,-0.703813919455621));
#5805=DIRECTION('',(-0.135047710377922,0.713934647446769,0.687065815695075));
#5806=DIRECTION('',(0.685157274108407,0.187800505060176,-0.703768768869065));
#5807=DIRECTION('center_axis',(0.012070962232869,-0.0523269472681563,-0.99855705017809));
#5808=DIRECTION('ref_axis',(0.000632503129179696,0.998630006854188,-0.0523231244307523));
#5809=DIRECTION('',(0.012070962232869,-0.0523269472681563,-0.99855705017809));
#5810=DIRECTION('',(0.012070962232869,-0.0523269472681563,-0.99855705017809));
#5811=DIRECTION('center_axis',(0.000632503129186865,0.998630006854188,-0.0523231244307522));
#5812=DIRECTION('ref_axis',(0.999926943236637,1.21922937558895E-16,0.0120875220552355));
#5813=DIRECTION('',(0.012070962232869,-0.0523269472681563,-0.99855705017809));
#5814=DIRECTION('center_axis',(-0.173012597507418,0.983458573140685,-0.0536271947786268));
#5815=DIRECTION('ref_axis',(0.98469504514783,0.173879203194518,0.0119033926992492));
#5816=DIRECTION('',(0.012070962232869,-0.0523269472681563,-0.99855705017809));
#5817=DIRECTION('center_axis',(-0.131489350085091,0.696335415836512,0.705568947350996));
#5818=DIRECTION('ref_axis',(0.983074706477374,0.,0.183205134983779));
#5819=DIRECTION('',(-0.984695045147828,-0.173879203194528,-0.0119033926992492));
#5820=DIRECTION('',(0.114395012459118,-0.696335415836535,0.708541297156516));
#5821=DIRECTION('',(-0.0532935515201323,0.705753919234175,-0.706449717143388));
#5822=DIRECTION('',(-0.688282881299574,-0.194658273351818,0.698838201535696));
#5823=DIRECTION('center_axis',(0.671188543673549,0.194658273351711,0.715272042971841));
#5824=DIRECTION('ref_axis',(0.729221227369937,0.,-0.684278014810561));
#5825=DIRECTION('',(-0.688282881299562,-0.194658273351716,0.698838201535736));
#5826=DIRECTION('',(-0.275268258524813,0.961361697401896,-0.00332755424636806));
#5827=DIRECTION('',(-0.715602291066775,1.13046657025233E-13,0.698507953440749));
#5828=DIRECTION('center_axis',(0.698507953440743,-6.40835206260453E-14,
0.71560229106678));
#5829=DIRECTION('ref_axis',(0.71560229106678,0.,-0.698507953440743));
#5830=DIRECTION('',(-0.715602291066829,6.6728929494052E-14,0.698507953440693));
#5831=DIRECTION('',(-0.433152442319149,0.565406062992649,0.701922321659675));
#5832=DIRECTION('',(0.698507953440742,8.63550852276121E-15,0.715602291066781));
#5833=DIRECTION('center_axis',(-0.715602291066787,-1.40278611417E-16,0.698507953440736));
#5834=DIRECTION('ref_axis',(0.698507953440736,0.,0.715602291066787));
#5835=DIRECTION('',(0.698507953440787,0.,0.715602291066737));
#5836=DIRECTION('',(-0.00854716881303169,-0.70710678118654,0.70705512225377));
#5837=DIRECTION('center_axis',(-0.00854716881299915,0.707106781186543,0.707055122253767));
#5838=DIRECTION('ref_axis',(0.999926943236637,0.,0.0120875220552357));
#5839=DIRECTION('',(-0.999926943236637,-1.21922937558895E-16,-0.0120875220552356));
#5840=DIRECTION('',(-0.0120875220552345,0.,0.999926943236637));
#5841=DIRECTION('',(-0.0120875220552345,0.,0.999926943236637));
#5842=DIRECTION('center_axis',(0.0120875220552356,6.12323399573677E-17,
-0.999926943236637));
#5843=DIRECTION('ref_axis',(-1.56211151223336E-14,-1.,-2.537328021283E-16));
#5844=DIRECTION('center_axis',(0.961291463427862,0.275288370202132,0.0116204807204031));
#5845=DIRECTION('ref_axis',(-0.275268258524813,0.961361697401896,-0.00332755424636806));
#5846=DIRECTION('',(-0.0120875220552345,0.,0.999926943236637));
#5847=DIRECTION('',(-0.275268258524813,0.961361697401896,-0.00332755424636806));
#5848=DIRECTION('',(-0.0120875220552345,0.,0.999926943236637));
#5849=DIRECTION('center_axis',(0.0120875220552356,6.12323399573677E-17,
-0.999926943236637));
#5850=DIRECTION('ref_axis',(-1.64012184442803E-14,-1.,-2.48502178396281E-16));
#5851=DIRECTION('center_axis',(-0.173866500142726,0.984766989036714,-0.00210176870356045));
#5852=DIRECTION('ref_axis',(-0.984695045147828,-0.173879203194528,-0.0119033926992492));
#5853=DIRECTION('',(-0.0120875220552345,0.,0.999926943236637));
#5854=DIRECTION('',(-0.984695045147828,-0.173879203194528,-0.0119033926992492));
#5855=DIRECTION('center_axis',(0.012070962232869,-0.0523269472681563,-0.99855705017809));
#5856=DIRECTION('ref_axis',(-0.000632503129136473,-0.998630006854188,0.0523231244307528));
#5857=DIRECTION('center_axis',(0.999926943236637,1.30863202219E-16,0.0120875220552345));
#5858=DIRECTION('ref_axis',(1.31593789036731E-16,-1.,-5.96460546777563E-17));
#5859=DIRECTION('center_axis',(-1.86557521155679E-13,-1.,2.18603365150245E-15));
#5860=DIRECTION('ref_axis',(-0.0120875220552463,4.44089209850062E-15,0.999926943236637));
#5861=DIRECTION('center_axis',(-9.06302050617759E-14,-1.,-1.15681145541286E-15));
#5862=DIRECTION('ref_axis',(-0.715602291066753,6.28036983473518E-14,0.698507953440771));
#5863=DIRECTION('center_axis',(-8.71461403529611E-14,-1.,-1.05345785576575E-15));
#5864=DIRECTION('ref_axis',(-0.0120875220552286,0.,0.999926943236637));
#5865=DIRECTION('center_axis',(-2.66434059677838E-14,1.,-3.22076287113561E-16));
#5866=DIRECTION('ref_axis',(-0.0120875220552463,0.,0.999926943236637));
#5867=DIRECTION('center_axis',(-6.67632357785309E-17,1.,6.0429752674557E-17));
#5868=DIRECTION('ref_axis',(0.698507953440758,0.,0.715602291066765));
#5869=DIRECTION('center_axis',(0.,1.,0.));
#5870=DIRECTION('ref_axis',(-0.0120875220552463,0.,0.999926943236637));
#5871=DIRECTION('center_axis',(0.999926943236637,-8.99985753327045E-15,
0.0120875220552463));
#5872=DIRECTION('ref_axis',(-0.0120875220552463,0.,0.999926943236637));
#5873=DIRECTION('center_axis',(-0.999926943236637,-1.22031506514869E-16,
-0.0120875220552356));
#5874=DIRECTION('ref_axis',(-0.00876794117679552,-0.688357847609739,0.725318272788993));
#5875=DIRECTION('center_axis',(0.999926943236637,7.90984217919002E-15,0.0120875220552285));
#5876=DIRECTION('ref_axis',(-0.0120875220552285,0.,0.999926943236637));
#5877=DIRECTION('center_axis',(0.26743386785181,-0.963570793981137,0.00323284895745511));
#5878=DIRECTION('ref_axis',(-0.0120875220552286,0.,0.999926943236637));
#5879=DIRECTION('center_axis',(-0.267433867851796,0.963570793981141,-0.00323284895745675));
#5880=DIRECTION('ref_axis',(-0.685114211593135,-0.187788401808261,0.703813919455574));
#5881=DIRECTION('center_axis',(-1.21914030263697E-16,1.,-1.47374619678212E-18));
#5882=DIRECTION('ref_axis',(-0.999926943236637,-1.21922937558895E-16,-0.0120875220552355));
#5883=DIRECTION('',(-0.0120875220552345,0.,0.999926943236637));
#5884=DIRECTION('',(-0.999926943236637,-1.21922937558895E-16,-0.0120875220552355));
#5885=DIRECTION('center_axis',(0.0120875220552356,6.12323399573677E-17,
-0.999926943236637));
#5886=DIRECTION('ref_axis',(-1.37969058008993E-16,1.,5.93947514298804E-17));
#5887=DIRECTION('center_axis',(0.0120709622328737,-0.0523269472681568,-0.99855705017809));
#5888=DIRECTION('ref_axis',(-0.000632503129202829,-0.998630006854188,0.0523231244307525));
#5889=DIRECTION('',(0.0120709622328737,-0.0523269472681568,-0.99855705017809));
#5890=DIRECTION('center_axis',(-0.961365810760255,-0.27525973452841,0.00280293571564364));
#5891=DIRECTION('ref_axis',(-0.275268258524813,0.961361697401896,-0.00332755424636806));
#5892=DIRECTION('',(0.0120709622328737,-0.0523269472681568,-0.99855705017809));
#5893=DIRECTION('center_axis',(0.0120709622328737,-0.0523269472681568,-0.99855705017809));
#5894=DIRECTION('ref_axis',(-0.00063250312920361,-0.998630006854188,0.0523231244307525));
#5895=DIRECTION('',(0.0120709622328737,-0.0523269472681568,-0.99855705017809));
#5896=DIRECTION('center_axis',(0.173012597507428,-0.983458573140683,0.0536271947786282));
#5897=DIRECTION('ref_axis',(-0.984695045147828,-0.173879203194528,-0.0119033926992492));
#5898=DIRECTION('',(0.0120709622328737,-0.0523269472681568,-0.99855705017809));
#5899=DIRECTION('center_axis',(-0.000632503129186871,-0.998630006854188,
0.0523231244307527));
#5900=DIRECTION('ref_axis',(-0.999926943236637,-1.21922937558895E-16,-0.0120875220552355));
#5901=DIRECTION('',(0.0120709622328737,-0.0523269472681568,-0.99855705017809));
#5902=DIRECTION('center_axis',(0.0120709622328737,-0.0523269472681568,-0.99855705017809));
#5903=DIRECTION('ref_axis',(0.000632503129187048,0.998630006854188,-0.0523231244307527));
#5904=DIRECTION('',(0.779720642545174,0.000252974296794923,-0.626127507455907));
#5905=DIRECTION('center_axis',(-0.594932740394244,-0.209225449341766,-0.77606684361254));
#5906=DIRECTION('ref_axis',(-0.793631958200459,0.,0.608398154930556));
#5907=DIRECTION('',(0.266444959430543,-0.962269976022698,0.0551686218726912));
#5908=DIRECTION('',(-0.758328502695944,-0.173957479267166,0.628232980195995));
#5909=DIRECTION('',(-0.266444959430543,0.962269976022698,-0.0551686218726912));
#5910=DIRECTION('center_axis',(-0.594932740394244,-0.209225449341766,-0.77606684361254));
#5911=DIRECTION('ref_axis',(-0.733654583462101,-0.253060020545138,0.630643780724702));
#5912=DIRECTION('',(0.758069656438022,0.174937213178836,-0.628273322235762));
#5913=DIRECTION('',(-0.144339668381081,-0.707048985331381,0.692277251159898));
#5914=DIRECTION('center_axis',(0.144356141743286,-0.70696825483773,-0.692356260167183));
#5915=DIRECTION('ref_axis',(-0.978947869080297,0.,-0.204110434870798));
#5916=DIRECTION('',(0.177237813250203,-0.669896844134813,0.720988887412632));
#5917=DIRECTION('',(-0.978947869080296,4.98061802442444E-15,-0.204110434870803));
#5918=DIRECTION('',(0.144299597934737,0.707245280402591,-0.692085066580788));
#5919=DIRECTION('',(0.978947869080296,-4.98061802442444E-15,0.204110434870803));
#5920=DIRECTION('center_axis',(-0.626127558633979,0.000308236954882882,
-0.779720581560493));
#5921=DIRECTION('ref_axis',(-0.779720618601129,0.,0.626127588378177));
#5922=DIRECTION('',(-4.82559689369511E-6,0.99999992031115,0.000399192193822687));
#5923=DIRECTION('',(0.779720642471279,0.00025370785100109,-0.626127507251121));
#5924=DIRECTION('',(4.82559689369511E-6,-0.99999992031115,-0.000399192193822687));
#5925=DIRECTION('center_axis',(0.144299597934791,0.707245280402531,-0.692085066580838));
#5926=DIRECTION('ref_axis',(-0.978947869080294,0.,-0.204110434870808));
#5927=DIRECTION('',(0.00862892503722824,-0.700277768926695,-0.713818315819756));
#5928=DIRECTION('',(-0.978947869080296,5.52286272869665E-15,-0.204110434870803));
#5929=DIRECTION('',(-0.144356141743262,0.706968254837758,0.692356260167158));
#5930=DIRECTION('',(0.978947869080296,-5.52286272869665E-15,0.204110434870803));
#5931=DIRECTION('',(0.144382846024469,-0.70683734683188,-0.692484338377081));
#5932=DIRECTION('center_axis',(0.204110419206723,0.000391773303330732,-0.978947793952739));
#5933=DIRECTION('ref_axis',(-0.978947869080296,0.,-0.204110434870803));
#5934=DIRECTION('',(-4.82559698369273E-6,0.99999992031115,0.000399192193803922));
#5935=DIRECTION('',(-0.154496183503638,0.98748093289603,-0.031817235102951));
#5936=DIRECTION('',(-0.266444959430538,0.9622699760227,-0.0551686218726902));
#5937=DIRECTION('center_axis',(0.204110419206723,0.000391773303330732,-0.978947793952739));
#5938=DIRECTION('ref_axis',(-0.00191941490873511,0.999998157921507,-3.37126566133494E-20));
#5939=DIRECTION('center_axis',(0.204110419206723,0.000391773303330732,-0.978947793952739));
#5940=DIRECTION('ref_axis',(-0.00191941490873511,0.999998157921507,-6.92993570941178E-20));
#5941=DIRECTION('center_axis',(0.999926943236637,-5.6843418860808E-15,0.012087522055229));
#5942=DIRECTION('ref_axis',(-5.68392660646076E-15,-1.,-6.8709607917462E-17));
#5943=DIRECTION('',(0.012087522055229,0.,-0.999926943236637));
#5944=DIRECTION('',(0.00832054066486866,-0.725371266065919,-0.688307558413367));
#5945=DIRECTION('',(-5.68318645920103E-15,-1.,-1.29937474438298E-16));
#5946=DIRECTION('',(0.012087522055229,0.,-0.999926943236637));
#5947=DIRECTION('center_axis',(5.62744749703614E-15,1.,6.80268655576868E-17));
#5948=DIRECTION('ref_axis',(0.999926943236637,-5.62785865017379E-15,0.0120875220552357));
#5949=DIRECTION('',(0.012087522055229,0.,-0.999926943236637));
#5950=DIRECTION('',(0.999926943236637,-5.62785865017379E-15,0.0120875220552307));
#5951=DIRECTION('center_axis',(-0.154950030437164,0.987922308720439,1.02131844648135E-16));
#5952=DIRECTION('ref_axis',(0.0117973272426593,0.00185034410012966,-0.999928697106269));
#5953=DIRECTION('',(0.0117973272426593,0.00185034410012966,-0.999928697106269));
#5954=DIRECTION('',(-0.987851867001046,-0.15493898205161,-0.0119415536409483));
#5955=DIRECTION('',(0.0117973272426593,0.00185034410012966,-0.999928697106269));
#5956=DIRECTION('',(-0.987851867001046,-0.15493898205161,-0.0119415536409483));
#5957=DIRECTION('center_axis',(-0.0117973272426746,-0.00185034410013206,
0.999928697106269));
#5958=DIRECTION('ref_axis',(-0.154950030437172,0.987922308720438,0.));
#5959=DIRECTION('',(-0.154950030437172,0.987922308720438,2.16840434497101E-19));
#5960=DIRECTION('',(-0.987851867001046,-0.15493898205161,-0.0119415536409483));
#5961=DIRECTION('',(-0.154950030437172,0.987922308720438,-2.68795455402683E-19));
#5962=DIRECTION('center_axis',(-0.113779897028874,0.773487842876126,-0.623514788882298));
#5963=DIRECTION('ref_axis',(0.105843393249867,-0.61458153955651,-0.781720351111383));
#5964=DIRECTION('',(0.105843393249867,-0.61458153955651,-0.781720351111383));
#5965=DIRECTION('',(-0.987851867001046,-0.15493898205161,-0.0119415536409483));
#5966=DIRECTION('',(0.105843393249867,-0.61458153955651,-0.781720351111383));
#5967=DIRECTION('',(-0.987851867001046,-0.15493898205161,-0.0119415536409483));
#5968=DIRECTION('',(-0.987851867001046,-0.15493898205161,-0.0119415536409483));
#5969=DIRECTION('',(-0.987851867001046,-0.15493898205161,-0.0119415536409483));
#5970=DIRECTION('',(-0.987851867001046,-0.15493898205161,-0.0119415536409483));
#5971=DIRECTION('',(-0.987851867001046,-0.15493898205161,-0.0119415536409483));
#5972=DIRECTION('center_axis',(0.0117973272426746,0.00185034410013206,-0.999928697106269));
#5973=DIRECTION('ref_axis',(0.154950030437172,-0.987922308720438,0.));
#5974=DIRECTION('',(0.154950030437172,-0.987922308720438,-2.16840434497101E-19));
#5975=DIRECTION('',(-0.987851867001046,-0.15493898205161,-0.0119415536409483));
#5976=DIRECTION('',(0.154950030437172,-0.987922308720438,2.68795455402683E-19));
#5977=DIRECTION('',(-0.987851867001046,-0.15493898205161,-0.0119415536409483));
#5978=DIRECTION('',(-0.987851867001046,-0.15493898205161,-0.0119415536409483));
#5979=DIRECTION('',(-0.987851867001046,-0.15493898205161,-0.0119415536409483));
#5980=DIRECTION('',(-0.987851867001046,-0.15493898205161,-0.0119415536409483));
#5981=DIRECTION('',(-0.987851867001046,-0.15493898205161,-0.0119415536409483));
#5982=DIRECTION('',(-0.987851867001046,-0.15493898205161,-0.0119415536409483));
#5983=DIRECTION('center_axis',(0.113680378475122,-0.772909936808636,0.624249149885063));
#5984=DIRECTION('ref_axis',(-0.10595027329979,0.615308167850292,0.781134046220248));
#5985=DIRECTION('',(-0.10595027329979,0.615308167850292,0.781134046220248));
#5986=DIRECTION('',(-0.987851867001046,-0.15493898205161,-0.0119415536409483));
#5987=DIRECTION('',(-0.10595027329979,0.615308167850292,0.781134046220248));
#5988=DIRECTION('center_axis',(0.154950030437164,-0.987922308720439,-1.02131844648135E-16));
#5989=DIRECTION('ref_axis',(-0.0117973272426593,-0.00185034410012966,0.999928697106269));
#5990=DIRECTION('',(-0.0117973272426593,-0.00185034410012966,0.999928697106269));
#5991=DIRECTION('',(-0.987851867001046,-0.15493898205161,-0.0119415536409483));
#5992=DIRECTION('',(-0.0117973272426593,-0.00185034410012966,0.999928697106269));
#5993=DIRECTION('center_axis',(0.0117973272426746,0.00185034410013206,-0.999928697106269));
#5994=DIRECTION('ref_axis',(0.154950030437172,-0.987922308720438,0.));
#5995=DIRECTION('',(0.154950030437172,-0.987922308720438,-2.16840434497101E-19));
#5996=DIRECTION('',(0.154950030437172,-0.987922308720438,2.68795455402683E-19));
#5997=DIRECTION('center_axis',(0.987851867001044,0.154938982051618,0.0119415536409328));
#5998=DIRECTION('ref_axis',(-0.154950030437172,0.987922308720438,-2.68795455402683E-19));
#5999=DIRECTION('center_axis',(-0.154950030437164,0.987922308720439,1.02131844648135E-16));
#6000=DIRECTION('ref_axis',(0.0117973272426593,0.00185034410012966,-0.999928697106269));
#6001=DIRECTION('',(0.0117973272426593,0.00185034410012966,-0.999928697106269));
#6002=DIRECTION('',(-0.987851867001046,-0.15493898205161,-0.0119415536409483));
#6003=DIRECTION('',(0.0117973272426593,0.00185034410012966,-0.999928697106269));
#6004=DIRECTION('',(-0.987851867001046,-0.15493898205161,-0.0119415536409483));
#6005=DIRECTION('center_axis',(-0.104111944642507,0.716920517361569,-0.689337127078454));
#6006=DIRECTION('ref_axis',(0.115366337574281,-0.679719709605976,-0.724342270289305));
#6007=DIRECTION('',(0.115366337574281,-0.679719709605976,-0.724342270289305));
#6008=DIRECTION('',(-0.987851867001046,-0.15493898205161,-0.0119415536409483));
#6009=DIRECTION('',(0.115366337574281,-0.679719709605976,-0.724342270289305));
#6010=DIRECTION('center_axis',(0.141118089171749,-0.86224210506133,-0.486440373702595));
#6011=DIRECTION('ref_axis',(0.0650720659812282,-0.482216200578345,0.873632166377086));
#6012=DIRECTION('',(0.0650720659812282,-0.482216200578345,0.873632166377086));
#6013=DIRECTION('',(-0.987851867001046,-0.15493898205161,-0.0119415536409483));
#6014=DIRECTION('',(0.0650720659812282,-0.482216200578345,0.873632166377086));
#6015=DIRECTION('center_axis',(0.0117973272426746,0.00185034410013206,-0.999928697106269));
#6016=DIRECTION('ref_axis',(0.154950030437172,-0.987922308720438,0.));
#6017=DIRECTION('',(0.154950030437172,-0.987922308720438,-2.16840434497101E-19));
#6018=DIRECTION('',(-0.987851867001046,-0.15493898205161,-0.0119415536409483));
#6019=DIRECTION('',(0.154950030437172,-0.987922308720438,2.68795455402683E-19));
#6020=DIRECTION('center_axis',(-0.139734299922314,0.852027230469073,0.50450364118054));
#6021=DIRECTION('ref_axis',(-0.0679927517296659,0.500043508487022,-0.863326980542261));
#6022=DIRECTION('',(-0.0679927517296659,0.500043508487022,-0.863326980542261));
#6023=DIRECTION('',(-0.987851867001046,-0.15493898205161,-0.0119415536409483));
#6024=DIRECTION('',(-0.0679927517296659,0.500043508487022,-0.863326980542261));
#6025=DIRECTION('center_axis',(-0.112840566717631,0.768029203572945,-0.630395232343925));
#6026=DIRECTION('ref_axis',(0.10684425752183,-0.621389615539172,-0.776182485202217));
#6027=DIRECTION('',(0.10684425752183,-0.621389615539172,-0.776182485202217));
#6028=DIRECTION('',(-0.987851867001046,-0.15493898205161,-0.0119415536409483));
#6029=DIRECTION('',(0.10684425752183,-0.621389615539172,-0.776182485202217));
#6030=DIRECTION('center_axis',(-0.0117973272426746,-0.00185034410013206,
0.999928697106269));
#6031=DIRECTION('ref_axis',(-0.154950030437172,0.987922308720438,0.));
#6032=DIRECTION('',(-0.154950030437172,0.987922308720438,2.16840434497101E-19));
#6033=DIRECTION('',(-0.987851867001046,-0.15493898205161,-0.0119415536409483));
#6034=DIRECTION('',(-0.154950030437172,0.987922308720438,-2.68795455402683E-19));
#6035=DIRECTION('center_axis',(0.113694782564478,-0.772993587781705,0.624142940091437));
#6036=DIRECTION('ref_axis',(-0.105934816185064,0.615203076300159,0.781218912745113));
#6037=DIRECTION('',(-0.105934816185064,0.615203076300159,0.781218912745113));
#6038=DIRECTION('',(-0.987851867001046,-0.15493898205161,-0.0119415536409483));
#6039=DIRECTION('',(-0.105934816185064,0.615203076300159,0.781218912745113));
#6040=DIRECTION('center_axis',(-0.0117973272426746,-0.00185034410013206,
0.999928697106269));
#6041=DIRECTION('ref_axis',(-0.154950030437172,0.987922308720438,0.));
#6042=DIRECTION('',(-0.154950030437172,0.987922308720438,2.16840434497101E-19));
#6043=DIRECTION('',(-0.987851867001046,-0.15493898205161,-0.0119415536409483));
#6044=DIRECTION('',(-0.154950030437172,0.987922308720438,-2.68795455402683E-19));
#6045=DIRECTION('center_axis',(-0.154950030437164,0.987922308720439,1.02131844648135E-16));
#6046=DIRECTION('ref_axis',(0.0117973272426593,0.00185034410012966,-0.999928697106269));
#6047=DIRECTION('',(0.0117973272426593,0.00185034410012966,-0.999928697106269));
#6048=DIRECTION('',(-0.987851867001046,-0.15493898205161,-0.0119415536409483));
#6049=DIRECTION('',(0.0117973272426593,0.00185034410012966,-0.999928697106269));
#6050=DIRECTION('center_axis',(-0.0117973272426746,-0.00185034410013206,
0.999928697106269));
#6051=DIRECTION('ref_axis',(-0.154950030437172,0.987922308720438,0.));
#6052=DIRECTION('',(-0.154950030437172,0.987922308720438,2.16840434497101E-19));
#6053=DIRECTION('',(-0.987851867001046,-0.15493898205161,-0.0119415536409483));
#6054=DIRECTION('',(-0.154950030437172,0.987922308720438,-2.68795455402683E-19));
#6055=DIRECTION('center_axis',(0.154950030437164,-0.987922308720439,-1.02131844648135E-16));
#6056=DIRECTION('ref_axis',(-0.0117973272426593,-0.00185034410012966,0.999928697106269));
#6057=DIRECTION('',(-0.0117973272426593,-0.00185034410012966,0.999928697106269));
#6058=DIRECTION('',(-0.987851867001046,-0.15493898205161,-0.0119415536409483));
#6059=DIRECTION('',(-0.0117973272426593,-0.00185034410012966,0.999928697106269));
#6060=DIRECTION('center_axis',(0.0117973272426746,0.00185034410013206,-0.999928697106269));
#6061=DIRECTION('ref_axis',(0.154950030437172,-0.987922308720438,0.));
#6062=DIRECTION('',(0.154950030437172,-0.987922308720438,-2.16840434497101E-19));
#6063=DIRECTION('',(0.154950030437172,-0.987922308720438,2.68795455402683E-19));
#6064=DIRECTION('center_axis',(-0.987851867001046,-0.15493898205161,-0.0119415536409483));
#6065=DIRECTION('ref_axis',(-0.0120875220552447,0.,0.999926943236637));
#6066=DIRECTION('center_axis',(-0.154950030437164,0.987922308720439,1.02131844648135E-16));
#6067=DIRECTION('ref_axis',(0.0117973272426593,0.00185034410012966,-0.999928697106269));
#6068=DIRECTION('',(0.0117973272426593,0.00185034410012966,-0.999928697106269));
#6069=DIRECTION('',(-0.987851867001046,-0.15493898205161,-0.0119415536409483));
#6070=DIRECTION('',(0.0117973272426593,0.00185034410012966,-0.999928697106269));
#6071=DIRECTION('',(-0.987851867001046,-0.15493898205161,-0.0119415536409483));
#6072=DIRECTION('center_axis',(0.0117973272426746,0.00185034410013206,-0.999928697106269));
#6073=DIRECTION('ref_axis',(0.154950030437172,-0.987922308720438,0.));
#6074=DIRECTION('',(0.154950030437172,-0.987922308720438,-2.16840434497101E-19));
#6075=DIRECTION('',(-0.987851867001046,-0.15493898205161,-0.0119415536409483));
#6076=DIRECTION('',(0.154950030437172,-0.987922308720438,2.68795455402683E-19));
#6077=DIRECTION('center_axis',(0.146763969846398,-0.904946023297437,-0.399415863572143));
#6078=DIRECTION('ref_axis',(0.0510786258377807,-0.396316296358053,0.916692078739399));
#6079=DIRECTION('',(0.0510786258377807,-0.396316296358053,0.916692078739399));
#6080=DIRECTION('',(-0.987851867001046,-0.15493898205161,-0.0119415536409483));
#6081=DIRECTION('',(0.0510786258377807,-0.396316296358053,0.916692078739399));
#6082=DIRECTION('center_axis',(0.0117973272426746,0.00185034410013206,-0.999928697106269));
#6083=DIRECTION('ref_axis',(0.154950030437172,-0.987922308720438,0.));
#6084=DIRECTION('',(0.154950030437172,-0.987922308720438,-2.16840434497101E-19));
#6085=DIRECTION('',(-0.987851867001046,-0.15493898205161,-0.0119415536409483));
#6086=DIRECTION('',(0.154950030437172,-0.987922308720438,2.68795455402683E-19));
#6087=DIRECTION('center_axis',(-0.137339218537405,0.906424242272047,-0.399415863572143));
#6088=DIRECTION('ref_axis',(0.0727092010276693,-0.392923662894407,-0.916692078739399));
#6089=DIRECTION('',(0.0727092010276693,-0.392923662894407,-0.916692078739399));
#6090=DIRECTION('',(-0.987851867001046,-0.15493898205161,-0.0119415536409483));
#6091=DIRECTION('',(0.0727092010276693,-0.392923662894407,-0.916692078739399));
#6092=DIRECTION('center_axis',(0.0117973272426746,0.00185034410013206,-0.999928697106269));
#6093=DIRECTION('ref_axis',(0.154950030437172,-0.987922308720438,0.));
#6094=DIRECTION('',(0.154950030437172,-0.987922308720438,-2.16840434497101E-19));
#6095=DIRECTION('',(-0.987851867001046,-0.15493898205161,-0.0119415536409483));
#6096=DIRECTION('',(0.154950030437172,-0.987922308720438,2.68795455402683E-19));
#6097=DIRECTION('center_axis',(0.154950030437164,-0.987922308720439,-1.02131844648135E-16));
#6098=DIRECTION('ref_axis',(-0.0117973272426593,-0.00185034410012966,0.999928697106269));
#6099=DIRECTION('',(-0.0117973272426593,-0.00185034410012966,0.999928697106269));
#6100=DIRECTION('',(-0.987851867001046,-0.15493898205161,-0.0119415536409483));
#6101=DIRECTION('',(-0.0117973272426593,-0.00185034410012966,0.999928697106269));
#6102=DIRECTION('center_axis',(0.0117973272426746,0.00185034410013206,-0.999928697106269));
#6103=DIRECTION('ref_axis',(0.154950030437172,-0.987922308720438,0.));
#6104=DIRECTION('',(0.154950030437172,-0.987922308720438,-2.16840434497101E-19));
#6105=DIRECTION('',(-0.987851867001046,-0.15493898205161,-0.0119415536409483));
#6106=DIRECTION('',(0.154950030437172,-0.987922308720438,2.68795455402683E-19));
#6107=DIRECTION('center_axis',(-0.154950030437164,0.987922308720439,1.02131844648135E-16));
#6108=DIRECTION('ref_axis',(0.0117973272426593,0.00185034410012966,-0.999928697106269));
#6109=DIRECTION('',(0.0117973272426593,0.00185034410012966,-0.999928697106269));
#6110=DIRECTION('',(-0.987851867001046,-0.15493898205161,-0.0119415536409483));
#6111=DIRECTION('',(0.0117973272426593,0.00185034410012966,-0.999928697106269));
#6112=DIRECTION('center_axis',(-0.0117973272426746,-0.00185034410013206,
0.999928697106269));
#6113=DIRECTION('ref_axis',(-0.154950030437172,0.987922308720438,0.));
#6114=DIRECTION('',(-0.154950030437172,0.987922308720438,2.16840434497101E-19));
#6115=DIRECTION('',(-0.987851867001046,-0.15493898205161,-0.0119415536409483));
#6116=DIRECTION('',(-0.154950030437172,0.987922308720438,-2.68795455402683E-19));
#6117=DIRECTION('center_axis',(0.137591470299014,-0.907786426757283,0.396222652931655));
#6118=DIRECTION('ref_axis',(-0.0722307148206551,0.389766231523532,0.918076798857504));
#6119=DIRECTION('',(-0.0722307148206551,0.389766231523532,0.918076798857504));
#6120=DIRECTION('',(-0.987851867001046,-0.15493898205161,-0.0119415536409483));
#6121=DIRECTION('',(-0.0722307148206551,0.389766231523532,0.918076798857504));
#6122=DIRECTION('center_axis',(-0.146579331912971,0.903514939306023,0.402709888017144));
#6123=DIRECTION('ref_axis',(-0.0516060879983905,0.399568099692209,-0.915249772133192));
#6124=DIRECTION('',(-0.0516060879983905,0.399568099692208,-0.915249772133192));
#6125=DIRECTION('',(-0.987851867001046,-0.15493898205161,-0.0119415536409483));
#6126=DIRECTION('',(-0.0516060879983905,0.399568099692209,-0.915249772133192));
#6127=DIRECTION('center_axis',(-0.0117973272426746,-0.00185034410013206,
0.999928697106269));
#6128=DIRECTION('ref_axis',(-0.154950030437172,0.987922308720438,0.));
#6129=DIRECTION('',(-0.154950030437172,0.987922308720438,2.16840434497101E-19));
#6130=DIRECTION('',(-0.987851867001046,-0.15493898205161,-0.0119415536409483));
#6131=DIRECTION('',(-0.154950030437172,0.987922308720438,-2.68795455402683E-19));
#6132=DIRECTION('center_axis',(0.154950030437164,-0.987922308720439,-1.02131844648135E-16));
#6133=DIRECTION('ref_axis',(-0.0117973272426593,-0.00185034410012966,0.999928697106269));
#6134=DIRECTION('',(-0.0117973272426593,-0.00185034410012966,0.999928697106269));
#6135=DIRECTION('',(-0.987851867001046,-0.15493898205161,-0.0119415536409483));
#6136=DIRECTION('',(-0.0117973272426593,-0.00185034410012966,0.999928697106269));
#6137=DIRECTION('center_axis',(0.0117973272426746,0.00185034410013206,-0.999928697106269));
#6138=DIRECTION('ref_axis',(0.154950030437172,-0.987922308720438,0.));
#6139=DIRECTION('',(0.154950030437172,-0.987922308720438,-2.16840434497101E-19));
#6140=DIRECTION('',(0.154950030437172,-0.987922308720438,2.68795455402683E-19));
#6141=DIRECTION('center_axis',(-0.987851867001046,-0.15493898205161,-0.0119415536409483));
#6142=DIRECTION('ref_axis',(-0.0120875220552447,0.,0.999926943236637));
#6143=DIRECTION('center_axis',(0.204110419206746,0.000391773303330586,-0.978947793952734));
#6144=DIRECTION('ref_axis',(-0.0019194149087351,0.999998157921507,-3.25494910347212E-17));
#6145=DIRECTION('',(-0.145685092829728,0.706828453081215,0.692220623531262));
#6146=DIRECTION('center_axis',(-0.204110419206723,-0.000391773303330732,
0.978947793952739));
#6147=DIRECTION('ref_axis',(-0.0019194149087351,0.999998157921507,-6.78523361309525E-17));
#6148=DIRECTION('center_axis',(-0.20411041920673,-0.000391773303330677,
0.978947793952738));
#6149=DIRECTION('ref_axis',(-0.0019194149087351,0.999998157921507,-6.78523361309525E-17));
#6150=DIRECTION('',(-0.20411041920673,-0.000391773303330677,0.978947793952738));
#6151=DIRECTION('center_axis',(-0.204110419206722,-0.000391773303330732,
0.978947793952739));
#6152=DIRECTION('ref_axis',(-0.00191941490873511,0.999998157921507,-9.35543127837241E-22));
#6153=DIRECTION('center_axis',(0.204110419206775,0.000391773303341257,-0.978947793952728));
#6154=DIRECTION('ref_axis',(-0.00191941490873596,0.999998157921507,4.09270031875189E-15));
#6155=DIRECTION('',(-0.145685092829487,0.70682845308251,0.692220623529992));
#6156=DIRECTION('center_axis',(-0.204110419206723,-0.000391773303330732,
0.978947793952739));
#6157=DIRECTION('ref_axis',(-0.00191941490873689,0.999998157921507,8.53627876127023E-15));
#6158=DIRECTION('center_axis',(-0.20411041920673,-0.000391773303339466,
0.978947793952738));
#6159=DIRECTION('ref_axis',(-0.00191941490873689,0.999998157921507,8.53627876127023E-15));
#6160=DIRECTION('',(-0.20411041920673,-0.000391773303339466,0.978947793952738));
#6161=DIRECTION('center_axis',(-0.204110419206722,-0.000391773303330732,
0.978947793952739));
#6162=DIRECTION('ref_axis',(-0.00191941490873511,0.999998157921507,-5.51455518928373E-20));
#6163=DIRECTION('center_axis',(0.204110419206722,0.000391773303330732,-0.978947793952739));
#6164=DIRECTION('ref_axis',(-0.00191941490873511,0.999998157921507,-9.35543127837242E-22));
#6165=DIRECTION('center_axis',(0.204110419206722,0.000391773303330732,-0.978947793952739));
#6166=DIRECTION('ref_axis',(-0.00191941490873511,0.999998157921507,-5.51455518928373E-20));
#6167=DIRECTION('center_axis',(-0.0120875220534581,0.,0.999926943236658));
#6168=DIRECTION('ref_axis',(0.707055122253727,0.707106781186598,0.00854716881173409));
#6169=DIRECTION('center_axis',(-0.698507953433646,0.,-0.715602291073708));
#6170=DIRECTION('ref_axis',(0.715602291073708,4.08878244453693E-17,-0.698507953433646));
#6171=DIRECTION('',(0.0120875220534581,0.,-0.999926943236658));
#6172=DIRECTION('center_axis',(0.0120875220552356,6.12323399573676E-17,
-0.999926943236637));
#6173=DIRECTION('ref_axis',(0.707055122253727,0.707106781186598,0.00854716881173409));
#6174=DIRECTION('',(-0.0120875220534581,0.,0.999926943236658));
#6175=DIRECTION('center_axis',(0.00854716881179264,-0.707106781182373,-0.707055122257951));
#6176=DIRECTION('ref_axis',(0.00854716881169182,0.707106781190722,-0.707055122249603));
#6177=DIRECTION('center_axis',(0.999926943236658,0.,0.0120875220534581));
#6178=DIRECTION('ref_axis',(0.,1.,0.));
#6179=DIRECTION('',(0.,1.,0.));
#6180=DIRECTION('',(-0.0120875220534581,0.,0.999926943236658));
#6181=DIRECTION('',(7.40147259619526E-19,-1.,-6.12278665207985E-17));
#6182=DIRECTION('center_axis',(0.698507953433646,0.,0.715602291073708));
#6183=DIRECTION('ref_axis',(0.715602291073708,0.,-0.698507953433646));
#6184=DIRECTION('',(0.584286823963415,0.577350269194201,-0.570329355727135));
#6185=DIRECTION('',(0.,-1.,0.));
#6186=DIRECTION('',(0.584286823963426,-0.577350269194213,-0.570329355727112));
#6187=DIRECTION('center_axis',(-0.698507953433646,0.,-0.715602291073708));
#6188=DIRECTION('ref_axis',(0.715602291073708,-4.08878244453693E-17,-0.698507953433646));
#6189=DIRECTION('center_axis',(-0.00854716881179264,0.707106781182373,0.707055122257951));
#6190=DIRECTION('ref_axis',(0.999926943236658,0.,0.0120875220534581));
#6191=DIRECTION('',(-0.999926943236658,0.,-0.0120875220534581));
#6192=DIRECTION('center_axis',(0.00854716881179264,-0.707106781182373,-0.707055122257951));
#6193=DIRECTION('ref_axis',(0.00854716881169186,0.707106781190722,-0.707055122249603));
#6194=DIRECTION('',(-0.570329355738589,0.577350269191902,-0.584286823954507));
#6195=DIRECTION('',(0.999926943236658,0.,0.0120875220534581));
#6196=DIRECTION('center_axis',(-0.0120875220534581,0.,0.999926943236658));
#6197=DIRECTION('ref_axis',(-0.707055122253811,0.707106781186514,-0.00854716881173308));
#6198=DIRECTION('',(0.0120875220534581,0.,-0.999926943236658));
#6199=DIRECTION('center_axis',(0.0120875220552356,6.12323399573676E-17,
-0.999926943236637));
#6200=DIRECTION('ref_axis',(-0.707055122253811,0.707106781186514,-0.00854716881173308));
#6201=DIRECTION('',(-0.0120875220534581,0.,0.999926943236658));
#6202=DIRECTION('center_axis',(0.715602291061331,-2.22215891561813E-24,
-0.698507953446326));
#6203=DIRECTION('ref_axis',(-0.698507953446326,4.08878244451352E-17,-0.715602291061331));
#6204=DIRECTION('center_axis',(-0.715602291061331,2.22215891561813E-24,
0.698507953446326));
#6205=DIRECTION('ref_axis',(0.698507953446326,0.,0.715602291061331));
#6206=DIRECTION('',(-3.14237768751824E-24,-1.,-3.798633475684E-26));
#6207=DIRECTION('center_axis',(0.715602291061331,-2.22215891561813E-24,
-0.698507953446326));
#6208=DIRECTION('ref_axis',(-0.698507953446326,-4.08878244451352E-17,-0.715602291061331));
#6209=DIRECTION('',(-0.570329355740908,-0.57735026919418,-0.584286823949992));
#6210=DIRECTION('',(3.14237768751824E-24,1.,3.798633475684E-26));
#6211=DIRECTION('center_axis',(-0.999926943236658,3.14260727623429E-24,
-0.0120875220534581));
#6212=DIRECTION('ref_axis',(-2.14526576950306E-14,-1.,1.77464746995144E-12));
#6213=DIRECTION('',(7.40144117241839E-19,-1.,-6.12278665587848E-17));
#6214=DIRECTION('',(0.0120875220534581,0.,-0.999926943236658));
#6215=DIRECTION('center_axis',(-0.0120875220534581,0.,0.999926943236658));
#6216=DIRECTION('ref_axis',(0.707055122253727,-0.707106781186598,0.00854716881173409));
#6217=DIRECTION('center_axis',(0.00854716881184338,0.707106781178175,-0.707055122262149));
#6218=DIRECTION('ref_axis',(0.00854716881164116,-0.70710678119492,-0.707055122245405));
#6219=DIRECTION('',(0.0120875220534581,0.,-0.999926943236658));
#6220=DIRECTION('center_axis',(0.0120875220552356,6.12323399573676E-17,
-0.999926943236637));
#6221=DIRECTION('ref_axis',(0.707055122253727,-0.707106781186598,0.00854716881173409));
#6222=DIRECTION('center_axis',(0.,-1.,0.));
#6223=DIRECTION('ref_axis',(0.999926943236658,0.,0.0120875220534541));
#6224=DIRECTION('',(0.999926943236658,0.,0.0120875220534581));
#6225=DIRECTION('',(-0.0120875220534581,0.,0.999926943236658));
#6226=DIRECTION('',(0.999926943236637,0.,0.0120875220552356));
#6227=DIRECTION('center_axis',(-0.00854716881184338,-0.707106781178175,
0.707055122262149));
#6228=DIRECTION('ref_axis',(0.999926943236658,0.,0.0120875220534581));
#6229=DIRECTION('',(-0.999926943236658,0.,-0.0120875220534581));
#6230=DIRECTION('center_axis',(0.00854716881184338,0.707106781178175,-0.707055122262149));
#6231=DIRECTION('ref_axis',(0.00854716881164095,-0.70710678119492,-0.707055122245405));
#6232=DIRECTION('center_axis',(-0.0120875220534581,0.,0.999926943236658));
#6233=DIRECTION('ref_axis',(-0.707055122253727,-0.707106781186598,-0.00854716881173409));
#6234=DIRECTION('center_axis',(0.0120875220552356,6.12323399573676E-17,
-0.999926943236637));
#6235=DIRECTION('ref_axis',(-0.707055122253727,-0.707106781186598,-0.00854716881173409));
#6236=DIRECTION('center_axis',(-0.0120875220534581,0.,0.999926943236658));
#6237=DIRECTION('ref_axis',(-0.70705512225374,-0.707106781186585,-0.00854716881173425));
#6238=DIRECTION('center_axis',(0.715602291073798,0.,-0.698507953433553));
#6239=DIRECTION('ref_axis',(-0.698507953433553,8.17756488888107E-17,-0.715602291073798));
#6240=DIRECTION('',(0.0120875220534581,0.,-0.999926943236658));
#6241=DIRECTION('center_axis',(0.0120875220552356,6.12323399573676E-17,
-0.999926943236637));
#6242=DIRECTION('ref_axis',(-0.70705512225374,-0.707106781186585,-0.00854716881173425));
#6243=DIRECTION('',(-0.0120875220534581,0.,0.999926943236658));
#6244=DIRECTION('center_axis',(0.0085471688116915,0.70710678119074,-0.707055122249584));
#6245=DIRECTION('ref_axis',(0.00854716881179287,-0.707106781182355,-0.70705512225797));
#6246=DIRECTION('center_axis',(-0.999926943236658,0.,-0.0120875220534581));
#6247=DIRECTION('ref_axis',(0.,-1.,0.));
#6248=DIRECTION('',(0.,-1.,0.));
#6249=DIRECTION('',(-0.0120875220534581,0.,0.999926943236658));
#6250=DIRECTION('',(-7.40147259619526E-19,1.,6.12278665207985E-17));
#6251=DIRECTION('center_axis',(-0.715602291073798,0.,0.698507953433553));
#6252=DIRECTION('ref_axis',(0.698507953433553,0.,0.715602291073798));
#6253=DIRECTION('',(-0.570329355733901,-0.577350269187341,-0.584286823963589));
#6254=DIRECTION('',(0.,1.,0.));
#6255=DIRECTION('',(-0.570329355735228,0.577350269188685,-0.584286823960965));
#6256=DIRECTION('center_axis',(0.715602291073798,0.,-0.698507953433553));
#6257=DIRECTION('ref_axis',(-0.698507953433553,-4.08878244444054E-17,-0.715602291073798));
#6258=DIRECTION('center_axis',(-0.0085471688116915,-0.70710678119074,0.707055122249584));
#6259=DIRECTION('ref_axis',(0.999926943236658,0.,0.0120875220534581));
#6260=DIRECTION('',(0.999926943236658,0.,0.0120875220534581));
#6261=DIRECTION('center_axis',(0.0085471688116915,0.70710678119074,-0.707055122249584));
#6262=DIRECTION('ref_axis',(0.00854716881179291,-0.707106781182355,-0.70705512225797));
#6263=DIRECTION('',(0.584286823960277,-0.577350269190943,-0.570329355733648));
#6264=DIRECTION('',(-0.999926943236658,0.,-0.0120875220534581));
#6265=DIRECTION('center_axis',(-0.0120875220534581,0.,0.999926943236658));
#6266=DIRECTION('ref_axis',(0.70705512225374,-0.707106781186585,0.00854716881173425));
#6267=DIRECTION('',(0.0120875220534581,0.,-0.999926943236658));
#6268=DIRECTION('center_axis',(0.0120875220552356,6.12323399573676E-17,
-0.999926943236637));
#6269=DIRECTION('ref_axis',(0.70705512225374,-0.707106781186585,0.00854716881173425));
#6270=DIRECTION('',(-0.0120875220534581,0.,0.999926943236658));
#6271=DIRECTION('center_axis',(-0.698507953439651,-1.2834580251684E-24,
-0.715602291067846));
#6272=DIRECTION('ref_axis',(0.715602291067846,0.,-0.698507953439651));
#6273=DIRECTION('center_axis',(0.698507953439651,1.2834580251684E-24,0.715602291067846));
#6274=DIRECTION('ref_axis',(0.715602291067846,0.,-0.698507953439651));
#6275=DIRECTION('',(-1.81495114179211E-24,1.,-2.19398648078722E-26));
#6276=DIRECTION('center_axis',(-0.698507953439651,-1.2834580251684E-24,
-0.715602291067846));
#6277=DIRECTION('ref_axis',(0.715602291067846,8.17756488900523E-17,-0.698507953439651));
#6278=DIRECTION('',(0.584286823960277,0.577350269190944,-0.570329355733648));
#6279=DIRECTION('',(1.81495114179211E-24,-1.,2.19398648078722E-26));
#6280=DIRECTION('center_axis',(0.999926943236658,1.81508374593578E-24,0.0120875220534581));
#6281=DIRECTION('ref_axis',(-1.23904969315046E-14,1.,1.02499020604003E-12));
#6282=DIRECTION('',(-7.40149074570668E-19,1.,6.12278664988586E-17));
#6283=DIRECTION('',(0.0120875220534581,0.,-0.999926943236658));
#6284=DIRECTION('center_axis',(-0.0120875220534581,0.,0.999926943236658));
#6285=DIRECTION('ref_axis',(-0.70705512225374,0.707106781186584,-0.00854716881173425));
#6286=DIRECTION('center_axis',(0.00854716881172086,-0.707106781188311,-0.707055122252014));
#6287=DIRECTION('ref_axis',(0.00854716881176348,0.707106781184784,-0.70705512225554));
#6288=DIRECTION('',(0.0120875220534581,0.,-0.999926943236658));
#6289=DIRECTION('center_axis',(0.0120875220552356,6.12323399573676E-17,
-0.999926943236637));
#6290=DIRECTION('ref_axis',(-0.70705512225374,0.707106781186584,-0.00854716881173425));
#6291=DIRECTION('center_axis',(0.,1.,0.));
#6292=DIRECTION('ref_axis',(-0.999926943236624,0.,-0.0120875220562537));
#6293=DIRECTION('',(-0.999926943236658,0.,-0.0120875220534581));
#6294=DIRECTION('',(-0.0120875220534581,0.,0.999926943236658));
#6295=DIRECTION('',(0.999926943236637,0.,0.0120875220552356));
#6296=DIRECTION('center_axis',(-0.00854716881172086,0.707106781188311,0.707055122252014));
#6297=DIRECTION('ref_axis',(0.999926943236658,0.,0.0120875220534581));
#6298=DIRECTION('',(0.999926943236658,0.,0.0120875220534581));
#6299=DIRECTION('center_axis',(0.00854716881172086,-0.707106781188311,-0.707055122252014));
#6300=DIRECTION('ref_axis',(0.0085471688117636,0.707106781184784,-0.707055122255541));
#6301=DIRECTION('center_axis',(-0.0120875220534581,0.,0.999926943236658));
#6302=DIRECTION('ref_axis',(0.70705512225374,0.707106781186584,0.00854716881173425));
#6303=DIRECTION('center_axis',(0.0120875220552356,6.12323399573676E-17,
-0.999926943236637));
#6304=DIRECTION('ref_axis',(0.70705512225374,0.707106781186584,0.00854716881173425));
#6305=DIRECTION('center_axis',(-0.0120875220534581,0.,0.999926943236658));
#6306=DIRECTION('ref_axis',(0.999926943236658,0.,0.0120875220534581));
#6307=DIRECTION('center_axis',(-0.0120875220534581,0.,0.999926943236658));
#6308=DIRECTION('ref_axis',(0.999926943236658,0.,0.0120875220534581));
#6309=DIRECTION('center_axis',(0.,1.,0.));
#6310=DIRECTION('ref_axis',(-0.999926943236637,0.,-0.0120875220552287));
#6311=DIRECTION('',(0.999926943236637,0.,0.0120875220552356));
#6312=DIRECTION('center_axis',(-0.0120875220552356,-6.12323399573676E-17,
0.999926943236637));
#6313=DIRECTION('ref_axis',(0.999926943236637,0.,0.0120875220552356));
#6314=DIRECTION('',(-0.999926943236637,5.36764918335866E-16,-0.0120875220552355));
#6315=DIRECTION('',(-9.06302050617759E-14,-1.,-1.15681145541286E-15));
#6316=DIRECTION('',(0.267433867851796,-0.963570793981141,0.00323284895745675));
#6317=DIRECTION('',(0.999926943236637,1.22031506514869E-16,0.0120875220552355));
#6318=DIRECTION('',(0.267433867851787,-0.963570793981144,0.00323284895745663));
#6319=DIRECTION('',(0.154927662711071,-0.987924041533968,0.00187282836276462));
#6320=DIRECTION('',(-0.999926943236637,0.,-0.0120875220552356));
#6321=DIRECTION('center_axis',(0.,-1.,0.));
#6322=DIRECTION('ref_axis',(0.999926943236637,0.,0.0120875220552287));
#6323=DIRECTION('',(0.715602291066758,-6.4059772314298E-14,-0.698507953440765));
#6324=DIRECTION('',(-0.715654382100013,0.012317627885113,0.698345961128389));
#6325=DIRECTION('',(-0.00832054066487657,0.725371266065919,0.688307558413367));
#6326=DIRECTION('center_axis',(0.00876794117680629,0.688357847609749,-0.725318272788983));
#6327=DIRECTION('ref_axis',(-0.999926943236637,0.,-0.0120875220552361));
#6328=DIRECTION('center_axis',(-0.698507953440765,6.41337359854437E-14,
-0.715602291066758));
#6329=DIRECTION('ref_axis',(-0.715602291066758,0.,0.698507953440765));
#6330=DIRECTION('',(-0.715602291066758,6.4059772314298E-14,0.698507953440765));
#6331=DIRECTION('',(-9.58944619242784E-14,-1.,-1.22044792541731E-15));
#6332=DIRECTION('',(-0.00876794117680522,-0.688357847609743,0.725318272788989));
#6333=DIRECTION('',(0.684898824712791,0.187727864953881,-0.704039664100606));
#6334=DIRECTION('center_axis',(0.00832054066487736,-0.725371266065922,-0.688307558413363));
#6335=DIRECTION('ref_axis',(-0.999926943236637,0.,-0.0120875220552357));
#6336=DIRECTION('',(0.179043325843716,-0.676127306089545,0.714699484700329));
#6337=DIRECTION('',(-0.999926943236637,-1.22031506514869E-16,-0.0120875220552355));
#6338=DIRECTION('center_axis',(-0.677567445645782,-0.190438549492625,-0.710377023465846));
#6339=DIRECTION('ref_axis',(-0.723619905758314,0.,0.690198690226466));
#6340=DIRECTION('',(-0.267433867851796,0.963570793981141,-0.00323284895745675));
#6341=DIRECTION('',(-0.68511421159313,-0.187788401808251,0.703813919455581));
#6342=DIRECTION('',(0.71557962962224,-1.28123701298512E-13,-0.698531168717401));
#6343=DIRECTION('center_axis',(-0.012070962232869,0.0523269472681569,0.99855705017809));
#6344=DIRECTION('ref_axis',(-0.000632503129186872,-0.998630006854188,0.0523231244307528));
#6345=DIRECTION('center_axis',(0.0120875220552356,6.12323399573676E-17,
-0.999926943236637));
#6346=DIRECTION('ref_axis',(6.68036279673862E-17,-1.,-6.23644889938646E-17));
#6347=DIRECTION('',(-0.012070962232869,0.0523269472681569,0.99855705017809));
#6348=DIRECTION('center_axis',(-0.000632503129186872,-0.998630006854188,
0.0523231244307528));
#6349=DIRECTION('ref_axis',(0.999926943236637,1.22374428638892E-16,0.0120875220552356));
#6350=DIRECTION('',(-0.999926943236637,-1.22031506514869E-16,-0.0120875220552355));
#6351=DIRECTION('',(-0.026591219170315,0.0523214289528641,0.998276201827614));
#6352=DIRECTION('',(0.012087522055229,0.,-0.999926943236637));
#6353=DIRECTION('center_axis',(0.987851867001044,0.154938982051618,0.0119415536409328));
#6354=DIRECTION('ref_axis',(0.154927662711071,-0.987924041533968,0.00187282836276547));
#6355=DIRECTION('',(0.012087522055229,0.,-0.999926943236637));
#6356=DIRECTION('center_axis',(-0.0120875220552356,-6.12323399573676E-17,
0.999926943236637));
#6357=DIRECTION('ref_axis',(0.999926943236637,0.,0.0120875220552356));
#6358=DIRECTION('',(-9.58944619242784E-14,-1.,-1.22044792541731E-15));
#6359=DIRECTION('center_axis',(-0.0120875220552356,-6.12323399573676E-17,
0.999926943236637));
#6360=DIRECTION('ref_axis',(2.29302440462313E-14,-1.,2.77190081250772E-16));
#6361=DIRECTION('',(0.267433867851792,-0.963570793981142,0.00323284895745669));
#6362=DIRECTION('center_axis',(-0.0120875220552356,-6.12323399573676E-17,
0.999926943236637));
#6363=DIRECTION('ref_axis',(-4.99896770291929E-15,-1.,-6.04295471495395E-17));
#6364=DIRECTION('',(0.999926943236637,-5.07530525542928E-15,0.0120875220552356));
#6365=DIRECTION('',(-0.267433867851787,0.963570793981144,-0.00323284895745663));
#6366=DIRECTION('',(0.012087522055229,0.,-0.999926943236637));
#6367=DIRECTION('',(0.012087522055229,0.,-0.999926943236637));
#6368=DIRECTION('center_axis',(-0.963500398617663,-0.267453407132067,-0.0116471832240215));
#6369=DIRECTION('ref_axis',(-0.267433867851792,0.963570793981142,-0.00323284895745679));
#6370=DIRECTION('',(0.012087522055229,0.,-0.999926943236637));
#6371=DIRECTION('',(0.012087522055229,0.,-0.999926943236637));
#6372=DIRECTION('center_axis',(-5.07493447005423E-15,-1.,-6.13478642120209E-17));
#6373=DIRECTION('ref_axis',(-0.999926943236637,5.07530525542928E-15,-0.0120875220552356));
#6374=DIRECTION('',(0.012087522055229,0.,-0.999926943236637));
#6375=DIRECTION('center_axis',(0.963500398617664,0.267453407132062,0.0116471832240216));
#6376=DIRECTION('ref_axis',(0.267433867851787,-0.963570793981144,0.00323284895745809));
#6377=DIRECTION('center_axis',(-0.999926943236637,9.59022083764815E-14,
-0.012087522055229));
#6378=DIRECTION('ref_axis',(9.58966721399761E-14,1.,1.03761026717615E-15));
#6379=CARTESIAN_POINT('',(0.,0.,0.));
#6380=CARTESIAN_POINT('Origin',(180.623573861817,-42.2843515156585,-54.89317296453));
#6381=CARTESIAN_POINT('',(183.153610025047,-42.5591304104923,-57.3627715174835));
#6382=CARTESIAN_POINT('',(178.093537698588,-42.5591304104919,-52.4235744115765));
#6383=CARTESIAN_POINT('',(183.153610025047,-42.5591304104923,-57.3627715174835));
#6384=CARTESIAN_POINT('',(178.093537698592,3.11488757853999,-52.4235744115765));
#6385=CARTESIAN_POINT('',(178.093537698588,-42.2843515156583,-52.4235744115765));
#6386=CARTESIAN_POINT('',(183.153610025051,3.11488757853954,-57.3627715174835));
#6387=CARTESIAN_POINT('',(178.093537698592,3.11488757853999,-52.4235744115765));
#6388=CARTESIAN_POINT('',(183.153610025047,-42.2843515156587,-57.3627715174835));
#6389=CARTESIAN_POINT('Ctrl Pts',(323.343367466824,13.1354656675667,-55.6681009253395));
#6390=CARTESIAN_POINT('Ctrl Pts',(324.821631148685,13.1354656675667,-55.6502310749681));
#6391=CARTESIAN_POINT('Ctrl Pts',(327.036413482694,12.6323328446542,-55.6234578886959));
#6392=CARTESIAN_POINT('Ctrl Pts',(330.200273503761,10.6703398066341,-55.585211866781));
#6393=CARTESIAN_POINT('Ctrl Pts',(332.594923890389,7.72722389195847,-55.5562643626071));
#6394=CARTESIAN_POINT('Ctrl Pts',(333.315280675948,4.77298015369947,-55.5475563978983));
#6395=CARTESIAN_POINT('Ctrl Pts',(333.341114103034,3.28976256125586,-55.5472441129641));
#6396=CARTESIAN_POINT('Ctrl Pts',(323.323249196435,14.8893439130136,-54.0038391750427));
#6397=CARTESIAN_POINT('Ctrl Pts',(325.061316222764,14.8893439130136,-53.9828287165724));
#6398=CARTESIAN_POINT('Ctrl Pts',(327.665004777862,14.2928280278454,-53.9511083975139));
#6399=CARTESIAN_POINT('Ctrl Pts',(331.370998127382,11.9737720539544,-53.9055217608648));
#6400=CARTESIAN_POINT('Ctrl Pts',(334.15639633649,8.50616703135569,-53.8709404731906));
#6401=CARTESIAN_POINT('Ctrl Pts',(334.970798525789,5.04854625451577,-53.860761452728));
#6402=CARTESIAN_POINT('Ctrl Pts',(334.988020739153,3.31880211196033,-53.860547374927));
#6403=CARTESIAN_POINT('Ctrl Pts',(323.303130926047,16.6432221584605,-52.3395774247459));
#6404=CARTESIAN_POINT('Ctrl Pts',(325.301001296842,16.6432221584605,-52.3154263581766));
#6405=CARTESIAN_POINT('Ctrl Pts',(328.293596073029,15.9533232110366,-52.2787589063319));
#6406=CARTESIAN_POINT('Ctrl Pts',(332.541722751004,13.2772043012747,-52.2258316549486));
#6407=CARTESIAN_POINT('Ctrl Pts',(335.717868782592,9.2851101707529,-52.185616583774));
#6408=CARTESIAN_POINT('Ctrl Pts',(336.626316375629,5.32411235533208,-52.1739665075577));
#6409=CARTESIAN_POINT('Ctrl Pts',(336.634927375271,3.3478416626648,-52.1738506368898));
#6410=CARTESIAN_POINT('Ctrl Pts',(323.283012655659,18.3971004039074,-50.6753156744491));
#6411=CARTESIAN_POINT('Ctrl Pts',(325.540686370921,18.3971004039074,-50.6480239997809));
#6412=CARTESIAN_POINT('Ctrl Pts',(328.922187368196,17.6138183942278,-50.6064094151499));
#6413=CARTESIAN_POINT('Ctrl Pts',(333.712447374626,14.580636548595,-50.5461415490325));
#6414=CARTESIAN_POINT('Ctrl Pts',(337.279341228693,10.0640533101501,-50.5002926943575));
#6415=CARTESIAN_POINT('Ctrl Pts',(338.281834225469,5.59967845614838,-50.4871715623874));
#6416=CARTESIAN_POINT('Ctrl Pts',(338.281834011389,3.37688121336927,-50.4871538988527));
#6417=CARTESIAN_POINT('',(338.281834011392,3.37688121336928,-50.4871538990486));
#6418=CARTESIAN_POINT('',(333.341114103034,3.28976256125586,-55.5472441129641));
#6419=CARTESIAN_POINT('',(338.281834011392,3.37688121336928,-50.4871538990486));
#6420=CARTESIAN_POINT('',(323.343367466824,13.1354656675667,-55.6681009253395));
#6421=CARTESIAN_POINT('Ctrl Pts',(333.341114103034,3.28976256125586,-55.5472441129641));
#6422=CARTESIAN_POINT('Ctrl Pts',(333.315280675948,4.77298015369947,-55.5475563978983));
#6423=CARTESIAN_POINT('Ctrl Pts',(332.594923890389,7.72722389195847,-55.5562643626071));
#6424=CARTESIAN_POINT('Ctrl Pts',(330.200273503761,10.6703398066341,-55.585211866781));
#6425=CARTESIAN_POINT('Ctrl Pts',(327.036413482694,12.6323328446542,-55.6234578886959));
#6426=CARTESIAN_POINT('Ctrl Pts',(324.821631148685,13.1354656675667,-55.6502310749681));
#6427=CARTESIAN_POINT('Ctrl Pts',(323.343367466824,13.1354656675667,-55.6681009253395));
#6428=CARTESIAN_POINT('',(323.283012655659,18.3971004039074,-50.6753156744491));
#6429=CARTESIAN_POINT('',(323.343367466824,13.1354656675667,-55.6681009253395));
#6430=CARTESIAN_POINT('Ctrl Pts',(323.283012655659,18.3971004039074,-50.6753156744491));
#6431=CARTESIAN_POINT('Ctrl Pts',(325.540686370921,18.3971004039074,-50.6480239997809));
#6432=CARTESIAN_POINT('Ctrl Pts',(328.922187368196,17.6138183942278,-50.6064094151499));
#6433=CARTESIAN_POINT('Ctrl Pts',(333.712447374626,14.580636548595,-50.5461415490325));
#6434=CARTESIAN_POINT('Ctrl Pts',(337.279341228693,10.0640533101501,-50.5002926943575));
#6435=CARTESIAN_POINT('Ctrl Pts',(338.281834225469,5.59967845614838,-50.4871715623874));
#6436=CARTESIAN_POINT('Ctrl Pts',(338.281834011389,3.37688121336927,-50.4871538988527));
#6437=CARTESIAN_POINT('Origin',(290.517651275043,15.7662830357371,-53.56815406133));
#6438=CARTESIAN_POINT('',(193.152879457418,13.1354656675668,-57.2418962969311));
#6439=CARTESIAN_POINT('',(193.092524646253,18.3971004039075,-52.2491110460407));
#6440=CARTESIAN_POINT('',(193.152879457418,13.1354656675668,-57.2418962969311));
#6441=CARTESIAN_POINT('',(290.487473869461,18.3971004039075,-51.0717614358848));
#6442=CARTESIAN_POINT('',(290.547828680625,13.1354656675667,-56.0645466867752));
#6443=CARTESIAN_POINT('Ctrl Pts',(183.155132821207,3.28976256125683,-57.3627531093065));
#6444=CARTESIAN_POINT('Ctrl Pts',(183.174507891521,4.40217575558947,-57.3625188956059));
#6445=CARTESIAN_POINT('Ctrl Pts',(183.586907159337,6.61961274099049,-57.3575336461544));
#6446=CARTESIAN_POINT('Ctrl Pts',(185.439774898863,9.88889668684931,-57.3351354301463));
#6447=CARTESIAN_POINT('Ctrl Pts',(188.718742381133,12.4671264492848,-57.2954979425994));
#6448=CARTESIAN_POINT('Ctrl Pts',(191.674615775556,13.1354656675667,-57.2597661473025));
#6449=CARTESIAN_POINT('Ctrl Pts',(193.152879457418,13.1354656675667,-57.2418962969311));
#6450=CARTESIAN_POINT('Ctrl Pts',(181.467934449099,3.31880211196146,-55.7163603835715));
#6451=CARTESIAN_POINT('Ctrl Pts',(181.480851215885,4.61611021887796,-55.7162086569914));
#6452=CARTESIAN_POINT('Ctrl Pts',(181.942557874501,7.20878567817589,-55.7108106957595));
#6453=CARTESIAN_POINT('Ctrl Pts',(184.085318024656,11.0507168652495,-55.685671089357));
#6454=CARTESIAN_POINT('Ctrl Pts',(187.919490275132,14.0968555411565,-55.6403258790209));
#6455=CARTESIAN_POINT('Ctrl Pts',(191.394694160702,14.8893439130137,-55.5986450051046));
#6456=CARTESIAN_POINT('Ctrl Pts',(193.13276118703,14.8893439130137,-55.5776345466343));
#6457=CARTESIAN_POINT('Ctrl Pts',(179.780736076992,3.34784166266608,-54.0699676578364));
#6458=CARTESIAN_POINT('Ctrl Pts',(179.787194540248,4.83004468216645,-54.069898418377));
#6459=CARTESIAN_POINT('Ctrl Pts',(180.298208589665,7.79795861536128,-54.0640877453647));
#6460=CARTESIAN_POINT('Ctrl Pts',(182.730861150449,12.2125370436498,-54.0362067485677));
#6461=CARTESIAN_POINT('Ctrl Pts',(187.120238169131,15.7265846330282,-53.9851538154424));
#6462=CARTESIAN_POINT('Ctrl Pts',(191.114772545847,16.6432221584606,-53.9375238629067));
#6463=CARTESIAN_POINT('Ctrl Pts',(193.112642916641,16.6432221584606,-53.9133727963375));
#6464=CARTESIAN_POINT('Ctrl Pts',(178.093537704884,3.37688121337071,-52.4235749321014));
#6465=CARTESIAN_POINT('Ctrl Pts',(178.093537864611,5.04397914545494,-52.4235881797625));
#6466=CARTESIAN_POINT('Ctrl Pts',(178.653859304828,8.38713155254668,-52.4173647949698));
#6467=CARTESIAN_POINT('Ctrl Pts',(181.376404276242,13.37435722205,-52.3867424077785));
#6468=CARTESIAN_POINT('Ctrl Pts',(186.32098606313,17.3563137248999,-52.3299817518638));
#6469=CARTESIAN_POINT('Ctrl Pts',(190.834850930992,18.3971004039075,-52.2764027207089));
#6470=CARTESIAN_POINT('Ctrl Pts',(193.092524646253,18.3971004039075,-52.2491110460407));
#6471=CARTESIAN_POINT('',(183.155132821207,3.28976256125684,-57.3627531093065));
#6472=CARTESIAN_POINT('',(178.093537704887,3.37688121337071,-52.4235749322973));
#6473=CARTESIAN_POINT('',(183.155132821207,3.28976256125684,-57.3627531093065));
#6474=CARTESIAN_POINT('Ctrl Pts',(178.093537704884,3.37688121337071,-52.4235749321014));
#6475=CARTESIAN_POINT('Ctrl Pts',(178.093537864611,5.04397914545494,-52.4235881797625));
#6476=CARTESIAN_POINT('Ctrl Pts',(178.653859304828,8.38713155254668,-52.4173647949698));
#6477=CARTESIAN_POINT('Ctrl Pts',(181.376404276242,13.37435722205,-52.3867424077785));
#6478=CARTESIAN_POINT('Ctrl Pts',(186.32098606313,17.3563137248999,-52.3299817518638));
#6479=CARTESIAN_POINT('Ctrl Pts',(190.834850930992,18.3971004039075,-52.2764027207089));
#6480=CARTESIAN_POINT('Ctrl Pts',(193.092524646253,18.3971004039075,-52.2491110460407));
#6481=CARTESIAN_POINT('Ctrl Pts',(193.152879457418,13.1354656675667,-57.2418962969311));
#6482=CARTESIAN_POINT('Ctrl Pts',(191.674615775556,13.1354656675667,-57.2597661473025));
#6483=CARTESIAN_POINT('Ctrl Pts',(188.718742381133,12.4671264492848,-57.2954979425994));
#6484=CARTESIAN_POINT('Ctrl Pts',(185.439774898863,9.88889668684931,-57.3351354301463));
#6485=CARTESIAN_POINT('Ctrl Pts',(183.586907159337,6.61961274099049,-57.3575336461544));
#6486=CARTESIAN_POINT('Ctrl Pts',(183.174507891521,4.40217575558947,-57.3625188956059));
#6487=CARTESIAN_POINT('Ctrl Pts',(183.155132821207,3.28976256125683,-57.3627531093065));
#6488=CARTESIAN_POINT('Origin',(335.812235452144,-134.515234616147,-53.0171895415575));
#6489=CARTESIAN_POINT('',(338.281834005097,-182.092034142548,-50.4871533783278));
#6490=CARTESIAN_POINT('',(333.34263689919,-182.092034142548,-55.5472257047872));
#6491=CARTESIAN_POINT('',(338.281834005097,-182.092034142548,-50.4871533783278));
#6492=CARTESIAN_POINT('',(333.34263689919,3.11488757853855,-55.5472257047872));
#6493=CARTESIAN_POINT('',(333.34263689919,-134.515234616147,-55.5472257047872));
#6494=CARTESIAN_POINT('',(338.281834005097,3.11488757853855,-50.4871533783278));
#6495=CARTESIAN_POINT('',(333.34263689919,3.11488757853855,-55.5472257047872));
#6496=CARTESIAN_POINT('',(338.281834005097,-134.515234616147,-50.4871533783278));
#6497=CARTESIAN_POINT('Ctrl Pts',(213.726752935402,-185.016052955979,-51.993362177462));
#6498=CARTESIAN_POINT('Ctrl Pts',(214.26508645255,-186.78188002322,-51.9875355069134));
#6499=CARTESIAN_POINT('Ctrl Pts',(216.674967271187,-190.514041875528,-51.9615360033952));
#6500=CARTESIAN_POINT('Ctrl Pts',(220.879746874755,-192.106111798868,-51.9132078444992));
#6501=CARTESIAN_POINT('Ctrl Pts',(223.290318331223,-192.106111798868,-51.884067879982));
#6502=CARTESIAN_POINT('Ctrl Pts',(215.329207676354,-184.576826903386,-53.6406006553923));
#6503=CARTESIAN_POINT('Ctrl Pts',(215.771162267948,-186.053332273608,-53.6357120779692));
#6504=CARTESIAN_POINT('Ctrl Pts',(217.770671730942,-189.184335363403,-53.6136292722487));
#6505=CARTESIAN_POINT('Ctrl Pts',(221.291383950274,-190.526656710981,-53.5727367568382));
#6506=CARTESIAN_POINT('Ctrl Pts',(223.310436601611,-190.526656710981,-53.5483296302788));
#6507=CARTESIAN_POINT('Ctrl Pts',(216.931662417306,-184.137600850793,-55.2878391333226));
#6508=CARTESIAN_POINT('Ctrl Pts',(217.277238083346,-185.324784523995,-55.2838886490249));
#6509=CARTESIAN_POINT('Ctrl Pts',(218.866376190698,-187.854628851279,-55.2657225411022));
#6510=CARTESIAN_POINT('Ctrl Pts',(221.703021025793,-188.947201623095,-55.2322656691771));
#6511=CARTESIAN_POINT('Ctrl Pts',(223.330554871999,-188.947201623095,-55.2125913805756));
#6512=CARTESIAN_POINT('Ctrl Pts',(218.534117158258,-183.6983747982,-56.935077611253));
#6513=CARTESIAN_POINT('Ctrl Pts',(218.783313898744,-184.596236774383,-56.9320652200807));
#6514=CARTESIAN_POINT('Ctrl Pts',(219.962080650453,-186.524922339154,-56.9178158099557));
#6515=CARTESIAN_POINT('Ctrl Pts',(222.114658101312,-187.367746535208,-56.8917945815161));
#6516=CARTESIAN_POINT('Ctrl Pts',(223.350673142387,-187.367746535208,-56.8768531308724));
#6517=CARTESIAN_POINT('',(223.350673142387,-187.367746535208,-56.8768531308724));
#6518=CARTESIAN_POINT('',(223.290318331223,-192.106111798868,-51.884067879982));
#6519=CARTESIAN_POINT('',(223.350673142387,-187.367746535208,-56.8768531308724));
#6520=CARTESIAN_POINT('',(213.726752935402,-185.016052955979,-51.993362177462));
#6521=CARTESIAN_POINT('Ctrl Pts',(223.290318331223,-192.106111798868,-51.884067879982));
#6522=CARTESIAN_POINT('Ctrl Pts',(220.879746874755,-192.106111798868,-51.9132078444992));
#6523=CARTESIAN_POINT('Ctrl Pts',(216.674967271187,-190.514041875528,-51.9615360033952));
#6524=CARTESIAN_POINT('Ctrl Pts',(214.26508645255,-186.78188002322,-51.9875355069134));
#6525=CARTESIAN_POINT('Ctrl Pts',(213.726752935402,-185.016052955979,-51.993362177462));
#6526=CARTESIAN_POINT('',(218.534117158258,-183.6983747982,-56.935077611253));
#6527=CARTESIAN_POINT('',(213.726752935402,-185.016052955979,-51.993362177462));
#6528=CARTESIAN_POINT('Ctrl Pts',(218.534117158258,-183.6983747982,-56.935077611253));
#6529=CARTESIAN_POINT('Ctrl Pts',(218.783313898744,-184.596236774383,-56.9320652200807));
#6530=CARTESIAN_POINT('Ctrl Pts',(219.962080650453,-186.524922339154,-56.9178158099557));
#6531=CARTESIAN_POINT('Ctrl Pts',(222.114658101312,-187.367746535208,-56.8917945815161));
#6532=CARTESIAN_POINT('Ctrl Pts',(223.350673142387,-187.367746535208,-56.8768531308724));
#6533=CARTESIAN_POINT('Origin',(240.771285848634,-189.736929167038,-54.1695082835826));
#6534=CARTESIAN_POINT('',(328.343002182234,-187.367746535208,-55.6076633150727));
#6535=CARTESIAN_POINT('',(240.801463254216,-187.367746535208,-56.6659009090279));
#6536=CARTESIAN_POINT('',(328.28264737107,-192.106111798868,-50.6148780641822));
#6537=CARTESIAN_POINT('',(328.343002182234,-187.367746535208,-55.6076633150727));
#6538=CARTESIAN_POINT('',(240.741108443051,-192.106111798868,-51.6731156581374));
#6539=CARTESIAN_POINT('Ctrl Pts',(328.28264737107,-192.106111798868,-50.6148780641822));
#6540=CARTESIAN_POINT('Ctrl Pts',(330.46769123877,-192.106111798868,-50.5884643685406));
#6541=CARTESIAN_POINT('Ctrl Pts',(334.100679801472,-190.866927937639,-50.5426187214434));
#6542=CARTESIAN_POINT('Ctrl Pts',(337.4782118108,-186.804132957241,-50.4979113562149));
#6543=CARTESIAN_POINT('Ctrl Pts',(338.239273775803,-183.851565215769,-50.4876958348056));
#6544=CARTESIAN_POINT('Ctrl Pts',(338.278411048271,-182.354027808416,-50.4871959283469));
#6545=CARTESIAN_POINT('Ctrl Pts',(328.302765641458,-190.526656710981,-52.2791398144791));
#6546=CARTESIAN_POINT('Ctrl Pts',(330.132920313908,-190.526656710981,-52.257016163229));
#6547=CARTESIAN_POINT('Ctrl Pts',(333.175178639099,-189.481984981547,-52.2189543723645));
#6548=CARTESIAN_POINT('Ctrl Pts',(335.985252815913,-186.070873868213,-52.1823994639268));
#6549=CARTESIAN_POINT('Ctrl Pts',(336.607061483598,-183.602744520005,-52.1742057914661));
#6550=CARTESIAN_POINT('Ctrl Pts',(336.633152998577,-182.354027808416,-52.1738725204937));
#6551=CARTESIAN_POINT('Ctrl Pts',(328.322883911846,-188.947201623095,-53.9434015647759));
#6552=CARTESIAN_POINT('Ctrl Pts',(329.798149389046,-188.947201623095,-53.9255679579173));
#6553=CARTESIAN_POINT('Ctrl Pts',(332.249677476726,-188.097042025456,-53.8952900232857));
#6554=CARTESIAN_POINT('Ctrl Pts',(334.492293821026,-185.337614779185,-53.8668875716386));
#6555=CARTESIAN_POINT('Ctrl Pts',(334.974849191394,-183.35392382424,-53.8607157481266));
#6556=CARTESIAN_POINT('Ctrl Pts',(334.987894948884,-182.354027808416,-53.8605491126404));
#6557=CARTESIAN_POINT('Ctrl Pts',(328.343002182234,-187.367746535208,-55.6076633150727));
#6558=CARTESIAN_POINT('Ctrl Pts',(329.463378464184,-187.367746535208,-55.5941197526056));
#6559=CARTESIAN_POINT('Ctrl Pts',(331.324176314353,-186.712099069364,-55.5716256742068));
#6560=CARTESIAN_POINT('Ctrl Pts',(332.999334826139,-184.604355690156,-55.5513756793505));
#6561=CARTESIAN_POINT('Ctrl Pts',(333.34263689919,-183.105103128476,-55.5472257047872));
#6562=CARTESIAN_POINT('Ctrl Pts',(333.34263689919,-182.354027808416,-55.5472257047872));
#6563=CARTESIAN_POINT('',(333.34263689919,-182.354027808416,-55.5472257047872));
#6564=CARTESIAN_POINT('',(338.278411048271,-182.354027808416,-50.4871959283469));
#6565=CARTESIAN_POINT('',(333.34263689919,-182.354027808416,-55.5472257047872));
#6566=CARTESIAN_POINT('Ctrl Pts',(338.278411048271,-182.354027808416,-50.4871959283469));
#6567=CARTESIAN_POINT('Ctrl Pts',(338.239273775803,-183.851565215769,-50.4876958348056));
#6568=CARTESIAN_POINT('Ctrl Pts',(337.4782118108,-186.804132957241,-50.4979113562149));
#6569=CARTESIAN_POINT('Ctrl Pts',(334.100679801472,-190.866927937639,-50.5426187214434));
#6570=CARTESIAN_POINT('Ctrl Pts',(330.46769123877,-192.106111798868,-50.5884643685406));
#6571=CARTESIAN_POINT('Ctrl Pts',(328.28264737107,-192.106111798868,-50.6148780641822));
#6572=CARTESIAN_POINT('Ctrl Pts',(328.343002182234,-187.367746535208,-55.6076633150727));
#6573=CARTESIAN_POINT('Ctrl Pts',(329.463378464184,-187.367746535208,-55.5941197526056));
#6574=CARTESIAN_POINT('Ctrl Pts',(331.324176314353,-186.712099069364,-55.5716256742068));
#6575=CARTESIAN_POINT('Ctrl Pts',(332.999334826139,-184.604355690156,-55.5513756793505));
#6576=CARTESIAN_POINT('Ctrl Pts',(333.34263689919,-183.105103128476,-55.5472257047872));
#6577=CARTESIAN_POINT('Ctrl Pts',(333.34263689919,-182.354027808416,-55.5472257047872));
#6578=CARTESIAN_POINT('Origin',(188.701456293586,-85.5358719723428,-54.7957697282985));
#6579=CARTESIAN_POINT('',(185.785955940477,-65.7059456436143,-57.3309506534444));
#6580=CARTESIAN_POINT('',(218.466610255638,-183.455145770109,-56.9358936620453));
#6581=CARTESIAN_POINT('',(191.106669676934,-84.8766079115136,-57.2666317098716));
#6582=CARTESIAN_POINT('',(213.656183488943,-184.773673891767,-51.994169698899));
#6583=CARTESIAN_POINT('',(218.466610255638,-183.455145770109,-56.9358936620453));
#6584=CARTESIAN_POINT('',(180.881394963877,-66.6853058950728,-52.3903646227702));
#6585=CARTESIAN_POINT('',(186.296242910239,-86.1951360331719,-52.3249077467253));
#6586=CARTESIAN_POINT('Ctrl Pts',(180.881395395469,-66.6853058267171,-52.3903646177702));
#6587=CARTESIAN_POINT('Ctrl Pts',(181.699045078284,-66.5230180733907,-53.2137566138886));
#6588=CARTESIAN_POINT('Ctrl Pts',(182.516574140761,-66.3602743564979,-54.0371557582242));
#6589=CARTESIAN_POINT('Ctrl Pts',(183.334003011226,-66.1970530632115,-54.8605873305161));
#6590=CARTESIAN_POINT('Ctrl Pts',(184.151443173151,-66.0338295152865,-55.6840302771854));
#6591=CARTESIAN_POINT('Ctrl Pts',(184.968745445517,-65.8701359064328,-56.5074676806066));
#6592=CARTESIAN_POINT('Ctrl Pts',(185.785955933892,-65.7059456448408,-57.3309506468318));
#6593=CARTESIAN_POINT('Ctrl Pts',(178.093862096057,-42.8211240763591,-52.4235705006542));
#6594=CARTESIAN_POINT('Ctrl Pts',(178.113864680291,-50.898468660257,-52.4233299993515));
#6595=CARTESIAN_POINT('Ctrl Pts',(179.062910625094,-58.9707811112424,-52.4119809562475));
#6596=CARTESIAN_POINT('Ctrl Pts',(180.914717353382,-66.8277284443133,-52.3898284308848));
#6597=CARTESIAN_POINT('Ctrl Pts',(179.780444739054,-42.8211240763594,-54.0699708395973));
#6598=CARTESIAN_POINT('Ctrl Pts',(179.793779795209,-50.7712217412254,-54.0698105053955));
#6599=CARTESIAN_POINT('Ctrl Pts',(180.721529973362,-58.7178461341569,-54.0586777578726));
#6600=CARTESIAN_POINT('Ctrl Pts',(182.53846354908,-66.4538008440803,-54.036869171738));
#6601=CARTESIAN_POINT('Ctrl Pts',(181.467027382051,-42.8211240763597,-55.7163711785404));
#6602=CARTESIAN_POINT('Ctrl Pts',(181.473694910128,-50.6439748221939,-55.7162910114395));
#6603=CARTESIAN_POINT('Ctrl Pts',(182.380149321629,-58.4649111570713,-55.7053745594977));
#6604=CARTESIAN_POINT('Ctrl Pts',(184.162209744778,-66.0798732438473,-55.6839099125912));
#6605=CARTESIAN_POINT('Ctrl Pts',(183.153610025047,-42.8211240763601,-57.3627715174835));
#6606=CARTESIAN_POINT('Ctrl Pts',(183.153610025046,-50.5167279031623,-57.3627715174836));
#6607=CARTESIAN_POINT('Ctrl Pts',(184.038768669897,-58.2119761799858,-57.3520713611228));
#6608=CARTESIAN_POINT('Ctrl Pts',(185.785955940476,-65.7059456436143,-57.3309506534444));
#6609=CARTESIAN_POINT('',(180.880488186548,-66.6820375360841,-52.3902379019695));
#6610=CARTESIAN_POINT('',(178.093862096057,-42.8211240763591,-52.4235705006542));
#6611=CARTESIAN_POINT('Ctrl Pts',(180.880488630635,-66.6820374320686,-52.3902378968288));
#6612=CARTESIAN_POINT('Ctrl Pts',(179.051216013038,-58.8710081078051,-52.412120804802));
#6613=CARTESIAN_POINT('Ctrl Pts',(178.113741065523,-50.8485511563522,-52.4233314856351));
#6614=CARTESIAN_POINT('Ctrl Pts',(178.093862096057,-42.8211240763591,-52.4235705006542));
#6615=CARTESIAN_POINT('',(183.153610025047,-42.8211240763601,-57.3627715174835));
#6616=CARTESIAN_POINT('',(178.093862096057,-42.8211240763591,-52.4235705006542));
#6617=CARTESIAN_POINT('Ctrl Pts',(183.153610025047,-42.8211240763601,-57.3627715174835));
#6618=CARTESIAN_POINT('Ctrl Pts',(183.153610025046,-50.5167279031623,-57.3627715174836));
#6619=CARTESIAN_POINT('Ctrl Pts',(184.038768669897,-58.2119761799858,-57.3520713611228));
#6620=CARTESIAN_POINT('Ctrl Pts',(185.785955940476,-65.7059456436143,-57.3309506534444));
#6621=CARTESIAN_POINT('Ctrl Pts',(180.881395395469,-66.6853058267161,-52.3903646177702));
#6622=CARTESIAN_POINT('Ctrl Pts',(180.881093142777,-66.6842163720846,-52.3903223953823));
#6623=CARTESIAN_POINT('Ctrl Pts',(180.880790890369,-66.683126918034,-52.3902801550381));
#6624=CARTESIAN_POINT('Ctrl Pts',(180.880488638245,-66.682037464564,-52.3902378967377));
#6625=CARTESIAN_POINT('Ctrl Pts',(218.534117158258,-183.6983747982,-56.935077611253));
#6626=CARTESIAN_POINT('Ctrl Pts',(218.511614857385,-183.617298455503,-56.9353496281837));
#6627=CARTESIAN_POINT('Ctrl Pts',(218.489112556511,-183.536222112806,-56.9356216451145));
#6628=CARTESIAN_POINT('Ctrl Pts',(218.466610255638,-183.455145770109,-56.9358936620453));
#6629=CARTESIAN_POINT('Ctrl Pts',(216.931662417306,-184.137600850793,-55.2878391333226));
#6630=CARTESIAN_POINT('Ctrl Pts',(216.908479443679,-184.056713418028,-55.2881090300253));
#6631=CARTESIAN_POINT('Ctrl Pts',(216.885636967613,-183.975731486692,-55.2883803240658));
#6632=CARTESIAN_POINT('Ctrl Pts',(216.86313466674,-183.894655143995,-55.2886523409965));
#6633=CARTESIAN_POINT('Ctrl Pts',(215.329207676354,-184.576826903386,-53.6406006553923));
#6634=CARTESIAN_POINT('Ctrl Pts',(215.305344029972,-184.496128380553,-53.6408684318668));
#6635=CARTESIAN_POINT('Ctrl Pts',(215.282161378715,-184.415240860578,-53.641139003017));
#6636=CARTESIAN_POINT('Ctrl Pts',(215.259659077841,-184.334164517881,-53.6414110199478));
#6637=CARTESIAN_POINT('Ctrl Pts',(213.726752935402,-185.016052955979,-51.993362177462));
#6638=CARTESIAN_POINT('Ctrl Pts',(213.702208616266,-184.935543343077,-51.9936278337083));
#6639=CARTESIAN_POINT('Ctrl Pts',(213.678685789816,-184.854750234464,-51.9938976819683));
#6640=CARTESIAN_POINT('Ctrl Pts',(213.656183488943,-184.773673891767,-51.994169698899));
#6641=CARTESIAN_POINT('Ctrl Pts',(218.466610255638,-183.455145770109,-56.9358936620453));
#6642=CARTESIAN_POINT('Ctrl Pts',(218.489112556511,-183.536222112806,-56.9356216451145));
#6643=CARTESIAN_POINT('Ctrl Pts',(218.511614857385,-183.617298455503,-56.9353496281837));
#6644=CARTESIAN_POINT('Ctrl Pts',(218.534117158258,-183.6983747982,-56.935077611253));
#6645=CARTESIAN_POINT('Ctrl Pts',(213.726752935402,-185.016052955979,-51.993362177462));
#6646=CARTESIAN_POINT('Ctrl Pts',(213.702208616266,-184.935543343077,-51.9936278337083));
#6647=CARTESIAN_POINT('Ctrl Pts',(213.678685789816,-184.854750234464,-51.9938976819683));
#6648=CARTESIAN_POINT('Ctrl Pts',(213.656183488943,-184.773673891767,-51.994169698899));
#6649=CARTESIAN_POINT('Ctrl Pts',(333.34263689919,-182.092034142548,-55.5472257047872));
#6650=CARTESIAN_POINT('Ctrl Pts',(333.34263689919,-182.179365364504,-55.5472257047872));
#6651=CARTESIAN_POINT('Ctrl Pts',(333.34263689919,-182.26669658646,-55.5472257047872));
#6652=CARTESIAN_POINT('Ctrl Pts',(333.34263689919,-182.354027808416,-55.5472257047872));
#6653=CARTESIAN_POINT('Ctrl Pts',(334.989035934492,-182.092034142548,-53.8605349293007));
#6654=CARTESIAN_POINT('Ctrl Pts',(334.989035934492,-182.179365364504,-53.8605349293007));
#6655=CARTESIAN_POINT('Ctrl Pts',(334.988655732512,-182.26669658646,-53.860539395033));
#6656=CARTESIAN_POINT('Ctrl Pts',(334.987894948883,-182.354027808416,-53.8605491126404));
#6657=CARTESIAN_POINT('Ctrl Pts',(336.635434969795,-182.092034142548,-52.1738441538143));
#6658=CARTESIAN_POINT('Ctrl Pts',(336.635434969795,-182.179365364504,-52.1738441538143));
#6659=CARTESIAN_POINT('Ctrl Pts',(336.634674565834,-182.26669658646,-52.1738530852788));
#6660=CARTESIAN_POINT('Ctrl Pts',(336.633152998577,-182.354027808416,-52.1738725204937));
#6661=CARTESIAN_POINT('Ctrl Pts',(338.281834005097,-182.092034142548,-50.4871533783278));
#6662=CARTESIAN_POINT('Ctrl Pts',(338.281834005097,-182.179365364504,-50.4871533783278));
#6663=CARTESIAN_POINT('Ctrl Pts',(338.280693399157,-182.26669658646,-50.4871667755246));
#6664=CARTESIAN_POINT('Ctrl Pts',(338.278411048271,-182.354027808416,-50.4871959283469));
#6665=CARTESIAN_POINT('Ctrl Pts',(333.34263689919,-182.354027808416,-55.5472257047872));
#6666=CARTESIAN_POINT('Ctrl Pts',(333.34263689919,-182.26669658646,-55.5472257047872));
#6667=CARTESIAN_POINT('Ctrl Pts',(333.34263689919,-182.179365364504,-55.5472257047872));
#6668=CARTESIAN_POINT('Ctrl Pts',(333.34263689919,-182.092034142548,-55.5472257047872));
#6669=CARTESIAN_POINT('Ctrl Pts',(338.281834005097,-182.092034142548,-50.4871533783278));
#6670=CARTESIAN_POINT('Ctrl Pts',(338.281834005097,-182.179365364504,-50.4871533783278));
#6671=CARTESIAN_POINT('Ctrl Pts',(338.280693399157,-182.26669658646,-50.4871667755246));
#6672=CARTESIAN_POINT('Ctrl Pts',(338.278411048271,-182.354027808416,-50.4871959283469));
#6673=CARTESIAN_POINT('Ctrl Pts',(333.341114103034,3.28976256125587,-55.5472441129641));
#6674=CARTESIAN_POINT('Ctrl Pts',(333.342129274423,3.23147683488712,-55.547231841161));
#6675=CARTESIAN_POINT('Ctrl Pts',(333.34263689919,3.17318220675961,-55.5472257047872));
#6676=CARTESIAN_POINT('Ctrl Pts',(333.34263689919,3.11488757853855,-55.5472257047872));
#6677=CARTESIAN_POINT('Ctrl Pts',(334.988020739153,3.31880211196035,-53.860547374927));
#6678=CARTESIAN_POINT('Ctrl Pts',(334.988697517281,3.25082867751999,-53.8605389623513));
#6679=CARTESIAN_POINT('Ctrl Pts',(334.989035934492,3.1828581284187,-53.8605349293007));
#6680=CARTESIAN_POINT('Ctrl Pts',(334.989035934492,3.11488757853855,-53.8605349293007));
#6681=CARTESIAN_POINT('Ctrl Pts',(336.634927375271,3.34784166266483,-52.1738506368898));
#6682=CARTESIAN_POINT('Ctrl Pts',(336.63526576014,3.27018052015287,-52.1738460835415));
#6683=CARTESIAN_POINT('Ctrl Pts',(336.635434969795,3.19253405007778,-52.1738441538143));
#6684=CARTESIAN_POINT('Ctrl Pts',(336.635434969795,3.11488757853855,-52.1738441538143));
#6685=CARTESIAN_POINT('Ctrl Pts',(338.281834011389,3.37688121336932,-50.4871538988527));
#6686=CARTESIAN_POINT('Ctrl Pts',(338.281834002998,3.28953236278574,-50.4871532047318));
#6687=CARTESIAN_POINT('Ctrl Pts',(338.281834005097,3.20220997173686,-50.4871533783278));
#6688=CARTESIAN_POINT('Ctrl Pts',(338.281834005097,3.11488757853854,-50.4871533783278));
#6689=CARTESIAN_POINT('Ctrl Pts',(333.34263689919,3.11488757853855,-55.5472257047872));
#6690=CARTESIAN_POINT('Ctrl Pts',(333.34263689919,3.17318220675961,-55.5472257047872));
#6691=CARTESIAN_POINT('Ctrl Pts',(333.342129274423,3.23147683488712,-55.547231841161));
#6692=CARTESIAN_POINT('Ctrl Pts',(333.341114103034,3.28976256125587,-55.5472441129641));
#6693=CARTESIAN_POINT('Ctrl Pts',(338.281834011389,3.37688121336932,-50.4871538988527));
#6694=CARTESIAN_POINT('Ctrl Pts',(338.281834002998,3.28953236278574,-50.4871532047318));
#6695=CARTESIAN_POINT('Ctrl Pts',(338.281834005097,3.20220997173686,-50.4871533783278));
#6696=CARTESIAN_POINT('Ctrl Pts',(338.281834005097,3.11488757853854,-50.4871533783278));
#6697=CARTESIAN_POINT('Ctrl Pts',(183.153610025051,3.11488757853954,-57.3627715174835));
#6698=CARTESIAN_POINT('Ctrl Pts',(183.153610025051,3.1731822067606,-57.3627715174835));
#6699=CARTESIAN_POINT('Ctrl Pts',(183.154117649819,3.23147683488809,-57.3627653811096));
#6700=CARTESIAN_POINT('Ctrl Pts',(183.155132821207,3.28976256125683,-57.3627531093065));
#6701=CARTESIAN_POINT('Ctrl Pts',(181.466919249565,3.11488757853969,-55.7163724821812));
#6702=CARTESIAN_POINT('Ctrl Pts',(181.466919249565,3.18285812841983,-55.7163724821812));
#6703=CARTESIAN_POINT('Ctrl Pts',(181.467257665377,3.25082867752111,-55.7163683333999));
#6704=CARTESIAN_POINT('Ctrl Pts',(181.467934449099,3.31880211196146,-55.7163603835715));
#6705=CARTESIAN_POINT('Ctrl Pts',(179.780228474078,3.11488757853984,-54.0699734468788));
#6706=CARTESIAN_POINT('Ctrl Pts',(179.780228474078,3.19253405007906,-54.0699734468788));
#6707=CARTESIAN_POINT('Ctrl Pts',(179.780397680935,3.27018052015413,-54.0699712856902));
#6708=CARTESIAN_POINT('Ctrl Pts',(179.780736076992,3.34784166266608,-54.0699676578364));
#6709=CARTESIAN_POINT('Ctrl Pts',(178.093537698592,3.11488757853999,-52.4235744115765));
#6710=CARTESIAN_POINT('Ctrl Pts',(178.093537698592,3.20220997173829,-52.4235744115765));
#6711=CARTESIAN_POINT('Ctrl Pts',(178.093537696493,3.28953236278715,-52.4235742379805));
#6712=CARTESIAN_POINT('Ctrl Pts',(178.093537704884,3.37688121337071,-52.4235749321014));
#6713=CARTESIAN_POINT('Ctrl Pts',(183.155132821207,3.28976256125683,-57.3627531093065));
#6714=CARTESIAN_POINT('Ctrl Pts',(183.154117649819,3.23147683488809,-57.3627653811096));
#6715=CARTESIAN_POINT('Ctrl Pts',(183.153610025051,3.1731822067606,-57.3627715174835));
#6716=CARTESIAN_POINT('Ctrl Pts',(183.153610025051,3.11488757853954,-57.3627715174835));
#6717=CARTESIAN_POINT('Ctrl Pts',(178.093537698592,3.11488757853999,-52.4235744115765));
#6718=CARTESIAN_POINT('Ctrl Pts',(178.093537698592,3.20220997173829,-52.4235744115765));
#6719=CARTESIAN_POINT('Ctrl Pts',(178.093537696493,3.28953236278715,-52.4235742379805));
#6720=CARTESIAN_POINT('Ctrl Pts',(178.093537704884,3.37688121337071,-52.4235749321014));
#6721=CARTESIAN_POINT('Ctrl Pts',(183.153610025047,-42.8211240763596,-57.3627715174835));
#6722=CARTESIAN_POINT('Ctrl Pts',(183.153610025047,-42.7337928544038,-57.3627715174835));
#6723=CARTESIAN_POINT('Ctrl Pts',(183.153610025047,-42.6464616324481,-57.3627715174835));
#6724=CARTESIAN_POINT('Ctrl Pts',(183.153610025047,-42.5591304104923,-57.3627715174835));
#6725=CARTESIAN_POINT('Ctrl Pts',(181.467027382051,-42.8211240763594,-55.7163711785404));
#6726=CARTESIAN_POINT('Ctrl Pts',(181.466955293585,-42.7337928544037,-55.7163720452969));
#6727=CARTESIAN_POINT('Ctrl Pts',(181.466919249561,-42.6464616324479,-55.7163724821812));
#6728=CARTESIAN_POINT('Ctrl Pts',(181.466919249561,-42.5591304104922,-55.7163724821812));
#6729=CARTESIAN_POINT('Ctrl Pts',(179.780444739054,-42.8211240763593,-54.0699708395973));
#6730=CARTESIAN_POINT('Ctrl Pts',(179.780300562123,-42.7337928544035,-54.0699725731103));
#6731=CARTESIAN_POINT('Ctrl Pts',(179.780228474074,-42.6464616324478,-54.0699734468789));
#6732=CARTESIAN_POINT('Ctrl Pts',(179.780228474074,-42.559130410492,-54.0699734468789));
#6733=CARTESIAN_POINT('Ctrl Pts',(178.093862096057,-42.8211240763591,-52.4235705006541));
#6734=CARTESIAN_POINT('Ctrl Pts',(178.093645830662,-42.7337928544034,-52.4235731009236));
#6735=CARTESIAN_POINT('Ctrl Pts',(178.093537698588,-42.6464616324476,-52.4235744115765));
#6736=CARTESIAN_POINT('Ctrl Pts',(178.093537698588,-42.5591304104919,-52.4235744115765));
#6737=CARTESIAN_POINT('Ctrl Pts',(183.153610025047,-42.5591304104923,-57.3627715174835));
#6738=CARTESIAN_POINT('Ctrl Pts',(183.153610025047,-42.6464616324481,-57.3627715174835));
#6739=CARTESIAN_POINT('Ctrl Pts',(183.153610025047,-42.7337928544038,-57.3627715174835));
#6740=CARTESIAN_POINT('Ctrl Pts',(183.153610025047,-42.8211240763596,-57.3627715174835));
#6741=CARTESIAN_POINT('Ctrl Pts',(178.093862096057,-42.8211240763591,-52.4235705006541));
#6742=CARTESIAN_POINT('Ctrl Pts',(178.093645830662,-42.7337928544034,-52.4235731009236));
#6743=CARTESIAN_POINT('Ctrl Pts',(178.093537698588,-42.6464616324476,-52.4235744115765));
#6744=CARTESIAN_POINT('Ctrl Pts',(178.093537698588,-42.5591304104919,-52.4235744115765));
#6745=CARTESIAN_POINT('Origin',(338.324090406108,-182.275213281442,-53.9827675912148));
#6746=CARTESIAN_POINT('',(338.245571438931,3.53407744392619,-47.4873725486179));
#6747=CARTESIAN_POINT('',(338.441239362014,2.68586792295389,-63.6737858865595));
#6748=CARTESIAN_POINT('',(338.245571438931,-181.934837943028,-47.4873725486179));
#6749=CARTESIAN_POINT('',(338.245571438931,-134.522619515552,-47.4873725486179));
#6750=CARTESIAN_POINT('',(338.324090406108,-182.275213281442,-53.9827675912148));
#6751=CARTESIAN_POINT('Origin',(323.442335213464,2.68586792295389,-63.855098717388));
#6752=CARTESIAN_POINT('',(323.24793229664,18.5491718014589,-47.7733316283079));
#6753=CARTESIAN_POINT('',(323.451822760402,17.6653180257667,-64.6399455838493));
#6754=CARTESIAN_POINT('Origin',(323.246667290382,3.53407744392618,-47.6686853794464));
#6755=CARTESIAN_POINT('Origin',(322.951859288784,17.6653180257667,-64.6459893448769));
#6756=CARTESIAN_POINT('',(193.057444287234,18.549171801459,-49.3471269998996));
#6757=CARTESIAN_POINT('',(193.261334750996,17.6653180257668,-66.2137409554409));
#6758=CARTESIAN_POINT('',(200.187031949092,18.549171801459,-49.2609416553698));
#6759=CARTESIAN_POINT('',(290.471620236826,18.5491718014589,-48.1695449692845));
#6760=CARTESIAN_POINT('',(203.05449903789,18.3973157616234,-52.1245763833313));
#6761=CARTESIAN_POINT('',(232.913091701784,16.8160569375152,-81.9432631310858));
#6762=CARTESIAN_POINT('',(222.336231488893,18.3973157616234,-51.891490988602));
#6763=CARTESIAN_POINT('',(262.918749271232,18.3973157616234,-51.4009130698157));
#6764=CARTESIAN_POINT('',(225.274165253227,18.549171801459,-48.9576782228086));
#6765=CARTESIAN_POINT('',(244.297974346494,19.5324752191746,-29.9605535600952));
#6766=CARTESIAN_POINT('',(290.471620236826,18.5491718014589,-48.1695449692845));
#6767=CARTESIAN_POINT('Origin',(193.251847204058,2.68586792295397,-65.4288940889796));
#6768=CARTESIAN_POINT('',(178.057275132426,3.53407744392762,-49.4237935818666));
#6769=CARTESIAN_POINT('',(178.252943055509,2.68586792295533,-65.6102069198082));
#6770=CARTESIAN_POINT('Origin',(193.056179280976,3.53407744392626,-49.242480751038));
#6771=CARTESIAN_POINT('Origin',(178.252626803944,2.18655291952913,-65.5840453575929));
#6772=CARTESIAN_POINT('',(178.057275132422,-42.4019342109715,-49.4237935818666));
#6773=CARTESIAN_POINT('',(178.223928189091,-43.1243659061551,-63.2099840661079));
#6774=CARTESIAN_POINT('',(178.057275132422,-42.2917364150628,-49.4237935818666));
#6775=CARTESIAN_POINT('Origin',(283.716220700561,-43.1243659061741,-61.9347504892795));
#6776=CARTESIAN_POINT('',(180.84393249928,-66.5235706729508,-49.3662089515984));
#6777=CARTESIAN_POINT('',(180.995637507673,-67.181203413522,-61.915838612965));
#6778=CARTESIAN_POINT('Origin',(283.549567643892,-42.4019342109906,-48.1485600050392));
#6779=CARTESIAN_POINT('Origin',(258.252253366044,-86.7552559508529,-56.4549486871833));
#6780=CARTESIAN_POINT('',(233.155161477935,-170.16774653521,-56.7583325031427));
#6781=CARTESIAN_POINT('',(233.155161477935,-174.56774653521,-56.7583325031427));
#6782=CARTESIAN_POINT('',(233.155161477935,-130.561501243031,-56.7583325031427));
#6783=CARTESIAN_POINT('',(228.755482927694,-170.16774653521,-56.8115176001858));
#6784=CARTESIAN_POINT('',(245.603714727666,-170.16774653521,-56.6078493473685));
#6785=CARTESIAN_POINT('',(228.755482927694,-174.56774653521,-56.8115176001858));
#6786=CARTESIAN_POINT('',(228.755482927694,-128.561501243031,-56.8115176001858));
#6787=CARTESIAN_POINT('',(243.603860841193,-174.56774653521,-56.632024391479));
#6788=CARTESIAN_POINT('',(316.14389347552,-4.06453433243495,-55.7551310841372));
#6789=CARTESIAN_POINT('',(316.14389347552,0.335465667565051,-55.7551310841372));
#6790=CARTESIAN_POINT('',(316.14389347552,-43.3098951416439,-55.7551310841372));
#6791=CARTESIAN_POINT('',(320.543572025761,-4.06453433243495,-55.7019459870942));
#6792=CARTESIAN_POINT('',(287.298066115106,-4.06453433243495,-56.1038311334547));
#6793=CARTESIAN_POINT('',(320.543572025761,0.335465667565051,-55.7019459870942));
#6794=CARTESIAN_POINT('',(320.543572025761,-45.3098951416439,-55.7019459870942));
#6795=CARTESIAN_POINT('',(289.297920001579,0.335465667565051,-56.0796560893443));
#6796=CARTESIAN_POINT('',(195.95267489848,0.335465667565726,-57.2080512351765));
#6797=CARTESIAN_POINT('',(200.352353448721,0.335465667565726,-57.1548661381335));
#6798=CARTESIAN_POINT('',(229.202310713059,0.335465667565726,-56.8061161648639));
#6799=CARTESIAN_POINT('',(195.95267489848,-4.06453433243427,-57.2080512351765));
#6800=CARTESIAN_POINT('',(195.95267489848,-43.3098951416436,-57.2080512351765));
#6801=CARTESIAN_POINT('',(200.352353448721,-4.06453433243427,-57.1548661381334));
#6802=CARTESIAN_POINT('',(227.202456826586,-4.06453433243427,-56.8302912089744));
#6803=CARTESIAN_POINT('',(200.352353448721,-45.3098951416436,-57.1548661381335));
#6804=CARTESIAN_POINT('',(316.143893475519,-174.56774653521,-55.7551310841372));
#6805=CARTESIAN_POINT('',(316.143893475519,-170.16774653521,-55.7551310841372));
#6806=CARTESIAN_POINT('',(316.143893475519,-128.561501243032,-55.7551310841372));
#6807=CARTESIAN_POINT('',(320.54357202576,-174.56774653521,-55.7019459870942));
#6808=CARTESIAN_POINT('',(287.298066115105,-174.56774653521,-56.1038311334547));
#6809=CARTESIAN_POINT('',(320.54357202576,-170.16774653521,-55.7019459870942));
#6810=CARTESIAN_POINT('',(320.54357202576,-130.561501243031,-55.7019459870942));
#6811=CARTESIAN_POINT('',(289.297920001579,-170.16774653521,-56.0796560893443));
#6812=CARTESIAN_POINT('Origin',(228.854266869812,-128.561501243031,-56.7103161536566));
#6813=CARTESIAN_POINT('',(228.95305081193,-170.36774653521,-56.6091147071274));
#6814=CARTESIAN_POINT('',(228.755482927694,-170.16774653521,-56.8115176001858));
#6815=CARTESIAN_POINT('',(228.95305081193,-174.36774653521,-56.6091147071274));
#6816=CARTESIAN_POINT('',(228.95305081193,-128.561501243031,-56.6091147071274));
#6817=CARTESIAN_POINT('',(228.755482927694,-174.56774653521,-56.8115176001858));
#6818=CARTESIAN_POINT('Origin',(233.053960031406,-130.561501243031,-56.6595485610246));
#6819=CARTESIAN_POINT('',(232.952758584877,-174.36774653521,-56.5607646189064));
#6820=CARTESIAN_POINT('',(233.155161477935,-174.56774653521,-56.7583325031427));
#6821=CARTESIAN_POINT('',(232.952758584877,-170.36774653521,-56.5607646189065));
#6822=CARTESIAN_POINT('',(232.952758584877,-130.561501243031,-56.5607646189064));
#6823=CARTESIAN_POINT('',(232.952758584877,-170.36774653521,-56.5607646189065));
#6824=CARTESIAN_POINT('Origin',(243.602652088987,-174.46774653521,-56.5320316971554));
#6825=CARTESIAN_POINT('',(243.601443336782,-174.36774653521,-56.4320390028317));
#6826=CARTESIAN_POINT('Origin',(245.602505975461,-170.26774653521,-56.5078566530449));
#6827=CARTESIAN_POINT('',(245.601297223255,-170.36774653521,-56.4078639587212));
#6828=CARTESIAN_POINT('Origin',(232.955176089288,-170.36774653521,-56.7607500075573));
#6829=CARTESIAN_POINT('',(232.918913523127,-170.36774653521,-53.7609691778474));
#6830=CARTESIAN_POINT('',(232.955176089288,-170.36774653521,-56.7607500075573));
#6831=CARTESIAN_POINT('',(228.919205750181,-170.36774653521,-53.8093192660683));
#6832=CARTESIAN_POINT('',(228.919205750181,-170.36774653521,-53.8093192660683));
#6833=CARTESIAN_POINT('',(228.955468316341,-170.36774653521,-56.8091000957783));
#6834=CARTESIAN_POINT('Origin',(232.955176089288,-174.36774653521,-56.7607500075573));
#6835=CARTESIAN_POINT('',(232.918913523127,-174.36774653521,-53.7609691778474));
#6836=CARTESIAN_POINT('',(232.955176089288,-174.36774653521,-56.7607500075573));
#6837=CARTESIAN_POINT('',(232.918913523127,-170.36774653521,-53.7609691778474));
#6838=CARTESIAN_POINT('Origin',(316.242677417637,-128.561501243032,-55.653929637608));
#6839=CARTESIAN_POINT('',(316.341461359756,-170.36774653521,-55.5527281910789));
#6840=CARTESIAN_POINT('',(316.143893475519,-170.16774653521,-55.7551310841372));
#6841=CARTESIAN_POINT('',(316.341461359756,-174.36774653521,-55.5527281910788));
#6842=CARTESIAN_POINT('',(316.341461359756,-128.561501243032,-55.5527281910789));
#6843=CARTESIAN_POINT('',(316.143893475519,-174.56774653521,-55.7551310841372));
#6844=CARTESIAN_POINT('Origin',(289.296711249373,-170.26774653521,-55.9796633950206));
#6845=CARTESIAN_POINT('',(320.341169132702,-170.36774653521,-55.5043781028579));
#6846=CARTESIAN_POINT('',(320.54357202576,-170.16774653521,-55.7019459870942));
#6847=CARTESIAN_POINT('',(289.295502497168,-170.36774653521,-55.8796707006969));
#6848=CARTESIAN_POINT('Origin',(287.2968573629,-174.46774653521,-56.0038384391311));
#6849=CARTESIAN_POINT('',(320.341169132702,-174.36774653521,-55.5043781028579));
#6850=CARTESIAN_POINT('',(287.295648610694,-174.36774653521,-55.9038457448074));
#6851=CARTESIAN_POINT('',(320.341169132702,-174.36774653521,-55.5043781028579));
#6852=CARTESIAN_POINT('Origin',(320.442370579231,-130.561501243031,-55.603162044976));
#6853=CARTESIAN_POINT('',(320.341169132702,-130.561501243031,-55.5043781028579));
#6854=CARTESIAN_POINT('Origin',(316.343878864167,-174.36774653521,-55.7527135797534));
#6855=CARTESIAN_POINT('',(316.307616298006,-174.36774653521,-52.7529327500434));
#6856=CARTESIAN_POINT('',(316.343878864167,-174.36774653521,-55.7527135797534));
#6857=CARTESIAN_POINT('',(320.307324070952,-174.36774653521,-52.7045826617681));
#6858=CARTESIAN_POINT('',(316.307616298006,-174.36774653521,-52.7529327500434));
#6859=CARTESIAN_POINT('',(320.343586637113,-174.36774653521,-55.704363491478));
#6860=CARTESIAN_POINT('Origin',(316.343878864167,-170.36774653521,-55.7527135797534));
#6861=CARTESIAN_POINT('',(316.307616298006,-170.36774653521,-52.7529327500434));
#6862=CARTESIAN_POINT('',(316.343878864167,-170.36774653521,-55.7527135797534));
#6863=CARTESIAN_POINT('',(316.307616298006,-170.36774653521,-52.7529327500434));
#6864=CARTESIAN_POINT('Origin',(316.242677417638,-43.3098951416439,-55.653929637608));
#6865=CARTESIAN_POINT('',(316.341461359756,0.135465667565047,-55.5527281910788));
#6866=CARTESIAN_POINT('',(316.14389347552,0.335465667565051,-55.7551310841372));
#6867=CARTESIAN_POINT('',(316.341461359756,-3.86453433243495,-55.5527281910788));
#6868=CARTESIAN_POINT('',(316.341461359756,-43.3098951416439,-55.5527281910788));
#6869=CARTESIAN_POINT('',(316.14389347552,-4.06453433243495,-55.7551310841372));
#6870=CARTESIAN_POINT('Origin',(289.296711249374,0.235465667565049,-55.9796633950206));
#6871=CARTESIAN_POINT('',(320.341169132703,0.135465667565047,-55.5043781028579));
#6872=CARTESIAN_POINT('',(320.543572025761,0.335465667565051,-55.7019459870942));
#6873=CARTESIAN_POINT('',(289.295502497168,0.135465667565047,-55.8796707006969));
#6874=CARTESIAN_POINT('Origin',(287.2968573629,-3.96453433243495,-56.0038384391311));
#6875=CARTESIAN_POINT('',(320.341169132703,-3.86453433243495,-55.5043781028579));
#6876=CARTESIAN_POINT('',(287.295648610695,-3.86453433243495,-55.9038457448074));
#6877=CARTESIAN_POINT('',(320.341169132703,-3.86453433243495,-55.5043781028579));
#6878=CARTESIAN_POINT('Origin',(320.442370579232,-45.3098951416439,-55.603162044976));
#6879=CARTESIAN_POINT('',(320.341169132703,-45.3098951416439,-55.5043781028579));
#6880=CARTESIAN_POINT('Origin',(316.343878864167,-3.86453433243495,-55.7527135797328));
#6881=CARTESIAN_POINT('',(316.307616298007,-3.86453433243495,-52.7529327500228));
#6882=CARTESIAN_POINT('',(316.343878864167,-3.86453433243495,-55.7527135797328));
#6883=CARTESIAN_POINT('',(320.307324070953,-3.86453433243495,-52.7045826617886));
#6884=CARTESIAN_POINT('',(316.307616298007,-3.86453433243495,-52.7529327500228));
#6885=CARTESIAN_POINT('',(320.343586637114,-3.86453433243495,-55.7043634914986));
#6886=CARTESIAN_POINT('Origin',(316.343878864167,0.135465667565047,-55.7527135797328));
#6887=CARTESIAN_POINT('',(316.307616298007,0.135465667565047,-52.7529327500228));
#6888=CARTESIAN_POINT('',(316.343878864167,0.135465667565047,-55.7527135797328));
#6889=CARTESIAN_POINT('',(316.307616298007,0.135465667565047,-52.7529327500228));
#6890=CARTESIAN_POINT('Origin',(229.201101960853,0.235465667565728,-56.7061234705402));
#6891=CARTESIAN_POINT('',(200.149950555663,0.135465667565729,-56.9572982538972));
#6892=CARTESIAN_POINT('',(200.352353448721,0.335465667565726,-57.1548661381335));
#6893=CARTESIAN_POINT('',(196.150242782716,0.135465667565729,-57.0056483421181));
#6894=CARTESIAN_POINT('',(229.199893208648,0.135465667565729,-56.6061307762166));
#6895=CARTESIAN_POINT('',(195.95267489848,0.335465667565726,-57.2080512351765));
#6896=CARTESIAN_POINT('Origin',(200.251152002192,-45.3098951416436,-57.0560821960153));
#6897=CARTESIAN_POINT('',(200.149950555663,-3.86453433243427,-56.9572982538972));
#6898=CARTESIAN_POINT('',(200.352353448721,-4.06453433243427,-57.1548661381334));
#6899=CARTESIAN_POINT('',(200.149950555663,-45.3098951416436,-56.9572982538972));
#6900=CARTESIAN_POINT('Origin',(196.051458840598,-43.3098951416436,-57.1068497886473));
#6901=CARTESIAN_POINT('',(196.150242782716,-3.86453433243427,-57.0056483421181));
#6902=CARTESIAN_POINT('',(196.150242782716,-43.3098951416436,-57.0056483421181));
#6903=CARTESIAN_POINT('',(196.150242782716,-3.86453433243427,-57.0056483421181));
#6904=CARTESIAN_POINT('Origin',(227.20124807438,-3.96453433243427,-56.7302985146507));
#6905=CARTESIAN_POINT('',(227.200039322175,-3.86453433243427,-56.630305820327));
#6906=CARTESIAN_POINT('Origin',(196.152660287127,0.135465667565729,-57.2056337307676));
#6907=CARTESIAN_POINT('',(196.116397720967,0.135465667565729,-54.2058529010576));
#6908=CARTESIAN_POINT('',(196.152660287127,0.135465667565729,-57.2056337307676));
#6909=CARTESIAN_POINT('',(196.116397720967,-3.86453433243427,-54.2058529010576));
#6910=CARTESIAN_POINT('',(196.116397720967,-3.86453433243427,-54.2058529010577));
#6911=CARTESIAN_POINT('',(196.152660287127,-3.86453433243427,-57.2056337307676));
#6912=CARTESIAN_POINT('Origin',(200.152368060074,0.135465667565729,-57.1572836425426));
#6913=CARTESIAN_POINT('',(200.116105493913,0.135465667565729,-54.1575028128326));
#6914=CARTESIAN_POINT('',(200.152368060074,0.135465667565729,-57.1572836425426));
#6915=CARTESIAN_POINT('',(196.116397720967,0.135465667565729,-54.2058529010577));
#6916=CARTESIAN_POINT('Origin',(320.343586637113,-170.36774653521,-55.7043634915325));
#6917=CARTESIAN_POINT('',(320.307324070953,-170.36774653521,-52.7045826618225));
#6918=CARTESIAN_POINT('',(320.343586637113,-170.36774653521,-55.7043634915325));
#6919=CARTESIAN_POINT('',(320.307324070953,-170.36774653521,-52.7045826618225));
#6920=CARTESIAN_POINT('Origin',(320.343586637113,-174.36774653521,-55.704363491478));
#6921=CARTESIAN_POINT('',(320.307324070952,-174.36774653521,-52.7045826617681));
#6922=CARTESIAN_POINT('Origin',(318.307470184479,-172.36774653521,-52.728757705875));
#6923=CARTESIAN_POINT('Origin',(228.955468316341,-174.36774653521,-56.8091000957712));
#6924=CARTESIAN_POINT('',(228.919205750181,-174.36774653521,-53.8093192660612));
#6925=CARTESIAN_POINT('',(228.955468316341,-174.36774653521,-56.8091000957712));
#6926=CARTESIAN_POINT('',(232.918913523127,-174.36774653521,-53.7609691778474));
#6927=CARTESIAN_POINT('Origin',(228.955468316341,-170.36774653521,-56.8091000957783));
#6928=CARTESIAN_POINT('',(228.919205750181,-174.36774653521,-53.8093192660612));
#6929=CARTESIAN_POINT('Origin',(230.919059636654,-172.36774653521,-53.7851442219614));
#6930=CARTESIAN_POINT('Origin',(320.343586637114,0.135465667565047,-55.7043634915119));
#6931=CARTESIAN_POINT('',(320.307324070953,0.135465667565047,-52.7045826618019));
#6932=CARTESIAN_POINT('',(320.343586637114,0.135465667565047,-55.7043634915119));
#6933=CARTESIAN_POINT('',(320.307324070953,0.135465667565047,-52.7045826618019));
#6934=CARTESIAN_POINT('Origin',(320.343586637114,-3.86453433243495,-55.7043634914986));
#6935=CARTESIAN_POINT('',(320.307324070953,-3.86453433243495,-52.7045826617886));
#6936=CARTESIAN_POINT('Origin',(318.30747018448,-1.86453433243495,-52.7287577058955));
#6937=CARTESIAN_POINT('Origin',(200.152368060074,-3.86453433243427,-57.1572836425467));
#6938=CARTESIAN_POINT('',(200.116105493913,-3.86453433243427,-54.1575028128367));
#6939=CARTESIAN_POINT('',(200.152368060074,-3.86453433243427,-57.1572836425467));
#6940=CARTESIAN_POINT('',(200.116105493913,0.135465667565729,-54.1575028128326));
#6941=CARTESIAN_POINT('Origin',(196.152660287127,-3.86453433243427,-57.2056337307676));
#6942=CARTESIAN_POINT('',(200.116105493913,-3.86453433243427,-54.1575028128367));
#6943=CARTESIAN_POINT('Origin',(198.11625160744,-1.86453433243427,-54.1816778569436));
#6944=CARTESIAN_POINT('Origin',(180.995637507673,-67.181203413522,-61.915838612965));
#6945=CARTESIAN_POINT('',(213.619576227612,-184.614983457953,-48.9658743414771));
#6946=CARTESIAN_POINT('',(213.696740150327,-184.949484754289,-55.3491748240679));
#6947=CARTESIAN_POINT('',(180.843910623372,-66.5234553234544,-49.3620798678367));
#6948=CARTESIAN_POINT('',(186.303807157937,-86.1955966312293,-49.2960784262042));
#6949=CARTESIAN_POINT('Ctrl Pts',(180.843932499278,-66.5235706729457,-49.3662089515984));
#6950=CARTESIAN_POINT('Ctrl Pts',(180.843915809297,-66.5234983228091,-49.3648282912937));
#6951=CARTESIAN_POINT('Ctrl Pts',(180.843908628521,-66.5234600772808,-49.3634519071244));
#6952=CARTESIAN_POINT('Ctrl Pts',(180.843910774904,-66.5234552878914,-49.3620798464004));
#6953=CARTESIAN_POINT('Origin',(223.332491933122,-182.275213281011,-55.3728326275987));
#6954=CARTESIAN_POINT('',(223.252707959687,-191.943072938325,-48.7727913361178));
#6955=CARTESIAN_POINT('',(223.326166901829,-192.261513350756,-54.8496013832282));
#6956=CARTESIAN_POINT('Origin',(223.253972965945,-181.934837942596,-48.8774375849793));
#6957=CARTESIAN_POINT('Origin',(223.326166901829,-192.261513350756,-54.8496013832282));
#6958=CARTESIAN_POINT('',(328.245036999534,-191.943072938325,-47.5036015203181));
#6959=CARTESIAN_POINT('',(328.318495941676,-192.261513350756,-53.5804115674285));
#6960=CARTESIAN_POINT('',(240.7227247979,-191.943072938325,-48.5616066938142));
#6961=CARTESIAN_POINT('Origin',(328.324820972969,-182.275213281442,-54.1036428117765));
#6962=CARTESIAN_POINT('Origin',(328.246302005792,-181.934837943028,-47.6082477691796));
#6963=CARTESIAN_POINT('Ctrl Pts',(187.280749660705,11.3402408558127,-51.3100934359281));
#6964=CARTESIAN_POINT('Ctrl Pts',(189.083213880342,12.6940079782925,-51.2888659041238));
#6965=CARTESIAN_POINT('Ctrl Pts',(191.321272745081,13.4430704895035,-51.2622290351811));
#6966=CARTESIAN_POINT('Ctrl Pts',(193.580301236882,13.4430704895034,-51.2349209834252));
#6967=CARTESIAN_POINT('Ctrl Pts',(187.702611419409,10.7823378790915,-51.9711221391252));
#6968=CARTESIAN_POINT('Ctrl Pts',(189.388917815331,12.0443888527039,-51.9511116414832));
#6969=CARTESIAN_POINT('Ctrl Pts',(191.478969167537,12.7415191913248,-51.9261247161691));
#6970=CARTESIAN_POINT('Ctrl Pts',(193.588348545037,12.7415191913246,-51.9006256835439));
#6971=CARTESIAN_POINT('Ctrl Pts',(188.124473178112,10.2244349023702,-52.6321508423224));
#6972=CARTESIAN_POINT('Ctrl Pts',(189.69462175032,11.3947697271153,-52.6133573788426));
#6973=CARTESIAN_POINT('Ctrl Pts',(191.636665589993,12.039967893146,-52.590020397157));
#6974=CARTESIAN_POINT('Ctrl Pts',(193.596395853193,12.0399678931459,-52.5663303836626));
#6975=CARTESIAN_POINT('Ctrl Pts',(188.546334936816,9.66653192564886,-53.2931795455196));
#6976=CARTESIAN_POINT('Ctrl Pts',(190.000325685309,10.7451506015267,-53.275603116202));
#6977=CARTESIAN_POINT('Ctrl Pts',(191.794362012449,11.3384165949672,-53.253916078145));
#6978=CARTESIAN_POINT('Ctrl Pts',(193.604443161348,11.3384165949671,-53.2320350837813));
#6979=CARTESIAN_POINT('',(187.280749660705,11.3402408558127,-51.3100934359283));
#6980=CARTESIAN_POINT('',(188.546334936816,9.66653192564886,-53.2931795455196));
#6981=CARTESIAN_POINT('',(187.280749660705,11.3402408558127,-51.3100934359283));
#6982=CARTESIAN_POINT('',(193.604443161348,11.3384165949671,-53.2320350837813));
#6983=CARTESIAN_POINT('Ctrl Pts',(188.546334936816,9.66653192564886,-53.2931795455196));
#6984=CARTESIAN_POINT('Ctrl Pts',(190.000325685309,10.7451506015267,-53.275603116202));
#6985=CARTESIAN_POINT('Ctrl Pts',(191.794362012449,11.3384165949672,-53.253916078145));
#6986=CARTESIAN_POINT('Ctrl Pts',(193.604443161348,11.3384165949671,-53.2320350837813));
#6987=CARTESIAN_POINT('',(193.580301236882,13.4430704895034,-51.2349209834252));
#6988=CARTESIAN_POINT('',(193.604443161348,11.3384165949671,-53.2320350837813));
#6989=CARTESIAN_POINT('Ctrl Pts',(193.580301236882,13.4430704895034,-51.2349209834252));
#6990=CARTESIAN_POINT('Ctrl Pts',(191.321272745081,13.4430704895035,-51.2622290351811));
#6991=CARTESIAN_POINT('Ctrl Pts',(189.083213880342,12.6940079782925,-51.2888659041238));
#6992=CARTESIAN_POINT('Ctrl Pts',(187.280749660705,11.3402408558127,-51.3100934359281));
#6993=CARTESIAN_POINT('Origin',(225.89379857878,12.3907435422352,-51.8430053031496));
#6994=CARTESIAN_POINT('',(222.332622707079,12.6995766649633,-51.5929584893957));
#6995=CARTESIAN_POINT('',(223.085752991876,13.4430704895034,-50.8782471271495));
#6996=CARTESIAN_POINT('',(223.787179994622,14.1355225863511,-50.2126015426223));
#6997=CARTESIAN_POINT('',(203.050890256076,12.6995766649631,-51.8260438841251));
#6998=CARTESIAN_POINT('',(214.470573146166,12.6995766649632,-51.6879981301513));
#6999=CARTESIAN_POINT('',(202.316705715422,13.4430704895034,-51.1293117861412));
#7000=CARTESIAN_POINT('',(203.850985024304,11.8893368869714,-52.5853239773246));
#7001=CARTESIAN_POINT('',(225.881727616547,13.4430704895034,-50.8444482529715));
#7002=CARTESIAN_POINT('',(322.795004227517,11.338416594967,-51.6703272342449));
#7003=CARTESIAN_POINT('',(225.905869541013,11.3384165949671,-52.8415623533277));
#7004=CARTESIAN_POINT('',(322.770862303052,13.4430704895033,-49.6732131338888));
#7005=CARTESIAN_POINT('',(322.795004227517,11.338416594967,-51.6703272342449));
#7006=CARTESIAN_POINT('',(225.881727616547,13.4430704895034,-50.8444482529715));
#7007=CARTESIAN_POINT('Ctrl Pts',(322.770862303052,13.4430704895033,-49.6732131338888));
#7008=CARTESIAN_POINT('Ctrl Pts',(325.135301263792,13.4430704895033,-49.6446308376725));
#7009=CARTESIAN_POINT('Ctrl Pts',(329.059619053334,12.0515243234492,-49.596399472811));
#7010=CARTESIAN_POINT('Ctrl Pts',(332.560153902745,7.61978501719427,-49.5525281220146));
#7011=CARTESIAN_POINT('Ctrl Pts',(333.270062137325,4.49193490333466,-49.543558490784));
#7012=CARTESIAN_POINT('Ctrl Pts',(333.270062088213,2.92880939493232,-49.5435544341856));
#7013=CARTESIAN_POINT('Ctrl Pts',(322.778909611207,12.7415191913245,-50.3389178340075));
#7014=CARTESIAN_POINT('Ctrl Pts',(324.986716551776,12.7415191913245,-50.3122289691176));
#7015=CARTESIAN_POINT('Ctrl Pts',(328.651685332243,11.4466339657438,-50.2673969272672));
#7016=CARTESIAN_POINT('Ctrl Pts',(331.933936683976,7.31201859285698,-50.226682764884));
#7017=CARTESIAN_POINT('Ctrl Pts',(332.607161633867,4.38626084127217,-50.2182859003425));
#7018=CARTESIAN_POINT('Ctrl Pts',(332.611361669637,2.92217240417217,-50.2182324238135));
#7019=CARTESIAN_POINT('Ctrl Pts',(322.786956919362,12.0399678931458,-51.0046225341262));
#7020=CARTESIAN_POINT('Ctrl Pts',(324.838131839761,12.0399678931458,-50.9798271005626));
#7021=CARTESIAN_POINT('Ctrl Pts',(328.243751611153,10.8417436080384,-50.9383943817234));
#7022=CARTESIAN_POINT('Ctrl Pts',(331.307719465207,7.00425216851969,-50.9008374077533));
#7023=CARTESIAN_POINT('Ctrl Pts',(331.944261130408,4.28058677920969,-50.893013309901));
#7024=CARTESIAN_POINT('Ctrl Pts',(331.95266125106,2.91553541341203,-50.8929104134415));
#7025=CARTESIAN_POINT('Ctrl Pts',(322.795004227517,11.338416594967,-51.6703272342449));
#7026=CARTESIAN_POINT('Ctrl Pts',(324.689547127746,11.338416594967,-51.6474252320077));
#7027=CARTESIAN_POINT('Ctrl Pts',(327.835817890062,10.236853250333,-51.6093918361796));
#7028=CARTESIAN_POINT('Ctrl Pts',(330.681502246438,6.69648574418241,-51.5749920506227));
#7029=CARTESIAN_POINT('Ctrl Pts',(331.28136062695,4.1749127171472,-51.5677407194595));
#7030=CARTESIAN_POINT('Ctrl Pts',(331.293960832483,2.90889842265188,-51.5675884030695));
#7031=CARTESIAN_POINT('',(331.293960832483,2.90889842265188,-51.5675884030695));
#7032=CARTESIAN_POINT('',(333.270062088214,2.92880939493232,-49.5435544342116));
#7033=CARTESIAN_POINT('',(331.293960832483,2.90889842265188,-51.5675884030695));
#7034=CARTESIAN_POINT('Ctrl Pts',(333.270062088213,2.92880939493232,-49.5435544341856));
#7035=CARTESIAN_POINT('Ctrl Pts',(333.270062137325,4.49193490333466,-49.543558490784));
#7036=CARTESIAN_POINT('Ctrl Pts',(332.560153902745,7.61978501719427,-49.5525281220146));
#7037=CARTESIAN_POINT('Ctrl Pts',(329.059619053334,12.0515243234492,-49.596399472811));
#7038=CARTESIAN_POINT('Ctrl Pts',(325.135301263792,13.4430704895033,-49.6446308376725));
#7039=CARTESIAN_POINT('Ctrl Pts',(322.770862303052,13.4430704895033,-49.6732131338888));
#7040=CARTESIAN_POINT('Ctrl Pts',(322.795004227517,11.338416594967,-51.6703272342449));
#7041=CARTESIAN_POINT('Ctrl Pts',(324.689547127746,11.338416594967,-51.6474252320077));
#7042=CARTESIAN_POINT('Ctrl Pts',(327.835817890062,10.236853250333,-51.6093918361796));
#7043=CARTESIAN_POINT('Ctrl Pts',(330.681502246438,6.69648574418241,-51.5749920506227));
#7044=CARTESIAN_POINT('Ctrl Pts',(331.28136062695,4.1749127171472,-51.5677407194595));
#7045=CARTESIAN_POINT('Ctrl Pts',(331.293960832483,2.90889842265188,-51.5675884030695));
#7046=CARTESIAN_POINT('Ctrl Pts',(333.269540568749,-66.871470400443,-49.5435607385309));
#7047=CARTESIAN_POINT('Ctrl Pts',(333.246058080242,-69.2307804123969,-49.5438507290161));
#7048=CARTESIAN_POINT('Ctrl Pts',(331.831726011292,-73.1179942845915,-49.5617495654865));
#7049=CARTESIAN_POINT('Ctrl Pts',(327.430245998358,-76.5761424293998,-49.6165071247647));
#7050=CARTESIAN_POINT('Ctrl Pts',(324.325867353606,-77.2812211682264,-49.6544156027574));
#7051=CARTESIAN_POINT('Ctrl Pts',(322.770862303052,-77.2812211682263,-49.6732131338888));
#7052=CARTESIAN_POINT('Ctrl Pts',(332.611154794176,-66.871470400443,-50.2182349246124));
#7053=CARTESIAN_POINT('Ctrl Pts',(332.595499801838,-69.0814246716893,-50.2184282516026));
#7054=CARTESIAN_POINT('Ctrl Pts',(331.280569451868,-72.7306595900954,-50.2348582073699));
#7055=CARTESIAN_POINT('Ctrl Pts',(327.154637668,-75.9852479160198,-50.285767932863));
#7056=CARTESIAN_POINT('Ctrl Pts',(324.239277543028,-76.6494391330718,-50.3212643147139));
#7057=CARTESIAN_POINT('Ctrl Pts',(322.778909611207,-76.6494391330718,-50.3389178340075));
#7058=CARTESIAN_POINT('Ctrl Pts',(331.952769019602,-66.871470400443,-50.8929091106939));
#7059=CARTESIAN_POINT('Ctrl Pts',(331.944941523433,-68.9320689309818,-50.893005774189));
#7060=CARTESIAN_POINT('Ctrl Pts',(330.729412892444,-72.3433248955994,-50.9079668492534));
#7061=CARTESIAN_POINT('Ctrl Pts',(326.879029337642,-75.3943534026399,-50.9550287409614));
#7062=CARTESIAN_POINT('Ctrl Pts',(324.15268773245,-76.0176570979172,-50.9881130266703));
#7063=CARTESIAN_POINT('Ctrl Pts',(322.786956919362,-76.0176570979172,-51.0046225341262));
#7064=CARTESIAN_POINT('Ctrl Pts',(331.294383245029,-66.871470400443,-51.5675832967754));
#7065=CARTESIAN_POINT('Ctrl Pts',(331.294383245029,-68.7827131902743,-51.5675832967754));
#7066=CARTESIAN_POINT('Ctrl Pts',(330.17825633302,-71.9559902011033,-51.5810754911368));
#7067=CARTESIAN_POINT('Ctrl Pts',(326.603421007284,-74.8034588892599,-51.6242895490597));
#7068=CARTESIAN_POINT('Ctrl Pts',(324.066097921872,-75.3858750627626,-51.6549617386268));
#7069=CARTESIAN_POINT('Ctrl Pts',(322.795004227517,-75.3858750627626,-51.6703272342449));
#7070=CARTESIAN_POINT('',(322.795004227517,-75.3858750627626,-51.6703272342449));
#7071=CARTESIAN_POINT('',(322.770862303052,-77.2812211682263,-49.6732131338888));
#7072=CARTESIAN_POINT('',(322.795004227517,-75.3858750627626,-51.6703272342449));
#7073=CARTESIAN_POINT('',(333.269540568749,-66.871470400443,-49.5435607385309));
#7074=CARTESIAN_POINT('Ctrl Pts',(322.770862303052,-77.2812211682263,-49.6732131338888));
#7075=CARTESIAN_POINT('Ctrl Pts',(324.325867353606,-77.2812211682264,-49.6544156027574));
#7076=CARTESIAN_POINT('Ctrl Pts',(327.430245998358,-76.5761424293998,-49.6165071247647));
#7077=CARTESIAN_POINT('Ctrl Pts',(331.831726011292,-73.1179942845915,-49.5617495654865));
#7078=CARTESIAN_POINT('Ctrl Pts',(333.246058080242,-69.2307804123969,-49.5438507290161));
#7079=CARTESIAN_POINT('Ctrl Pts',(333.269540568749,-66.871470400443,-49.5435607385309));
#7080=CARTESIAN_POINT('',(331.294383245029,-66.871470400443,-51.5675832967754));
#7081=CARTESIAN_POINT('',(333.269540568749,-66.871470400443,-49.5435607385309));
#7082=CARTESIAN_POINT('Ctrl Pts',(331.294383245029,-66.871470400443,-51.5675832967754));
#7083=CARTESIAN_POINT('Ctrl Pts',(331.294383245029,-68.7827131902743,-51.5675832967754));
#7084=CARTESIAN_POINT('Ctrl Pts',(330.17825633302,-71.9559902011033,-51.5810754911368));
#7085=CARTESIAN_POINT('Ctrl Pts',(326.603421007284,-74.8034588892599,-51.6242895490597));
#7086=CARTESIAN_POINT('Ctrl Pts',(324.066097921872,-75.3858750627626,-51.6549617386268));
#7087=CARTESIAN_POINT('Ctrl Pts',(322.795004227517,-75.3858750627626,-51.6703272342449));
#7088=CARTESIAN_POINT('Origin',(290.489079111865,-76.3335481154945,-51.0621513783814));
#7089=CARTESIAN_POINT('',(265.218335433212,-77.2812211682263,-50.3689313986871));
#7090=CARTESIAN_POINT('',(290.477008149632,-77.2812211682263,-50.0635943282033));
#7091=CARTESIAN_POINT('',(265.067752514129,-75.3858750627626,-52.3681576437498));
#7092=CARTESIAN_POINT('',(290.501150074098,-75.3858750627626,-52.0607084285595));
#7093=CARTESIAN_POINT('',(265.067752514129,-75.3858750627626,-52.3681576437498));
#7094=CARTESIAN_POINT('Origin',(265.074422651567,-76.3457051694868,-51.3693327027161));
#7095=CARTESIAN_POINT('',(205.208015522952,-85.9560139324035,-53.0917663993648));
#7096=CARTESIAN_POINT('',(264.921587298922,-75.4116851765437,-52.3699245480966));
#7097=CARTESIAN_POINT('',(205.513686228243,-87.8240539182897,-51.0905827086037));
#7098=CARTESIAN_POINT('',(205.208015522952,-85.9560139324035,-53.0917663993648));
#7099=CARTESIAN_POINT('',(265.218810509221,-77.2812168361266,-50.3688429740778));
#7100=CARTESIAN_POINT('',(265.227258004213,-77.2797251624299,-50.3687408573355));
#7101=CARTESIAN_POINT('',(293.020222623001,-77.0277026884343,-45.1942415306239));
#7102=CARTESIAN_POINT('Ctrl Pts',(205.495764881518,-87.8272069231393,-51.090799937597));
#7103=CARTESIAN_POINT('Ctrl Pts',(203.515840132988,-88.1742674998569,-51.1148640947206));
#7104=CARTESIAN_POINT('Ctrl Pts',(199.41608955775,-88.0285460039753,-51.1643683730263));
#7105=CARTESIAN_POINT('Ctrl Pts',(192.933814392698,-84.8978086271873,-51.2415782795974));
#7106=CARTESIAN_POINT('Ctrl Pts',(189.942281869901,-80.5351713840071,-51.2766787836215));
#7107=CARTESIAN_POINT('Ctrl Pts',(189.086731175434,-77.6235972673292,-51.2867140144205));
#7108=CARTESIAN_POINT('Ctrl Pts',(205.393875304934,-87.2045306710437,-51.7578609637262));
#7109=CARTESIAN_POINT('Ctrl Pts',(203.50114375597,-87.5370472035567,-51.7808277526206));
#7110=CARTESIAN_POINT('Ctrl Pts',(199.581113099353,-87.3974252021652,-51.8281778930105));
#7111=CARTESIAN_POINT('Ctrl Pts',(193.387032650466,-84.3981129700814,-51.9022874724806));
#7112=CARTESIAN_POINT('Ctrl Pts',(190.537276419244,-80.2241362193638,-51.9360282450003));
#7113=CARTESIAN_POINT('Ctrl Pts',(189.726294499571,-77.4427507513313,-51.9456270479441));
#7114=CARTESIAN_POINT('Ctrl Pts',(205.291985728351,-86.581854418948,-52.4249219898554));
#7115=CARTESIAN_POINT('Ctrl Pts',(203.486447378951,-86.8998269072566,-52.4467914105206));
#7116=CARTESIAN_POINT('Ctrl Pts',(199.746136640956,-86.766304400355,-52.4919874129946));
#7117=CARTESIAN_POINT('Ctrl Pts',(193.840250908234,-83.8984173129754,-52.5629966653639));
#7118=CARTESIAN_POINT('Ctrl Pts',(191.132270968588,-79.9131010547204,-52.5953777063791));
#7119=CARTESIAN_POINT('Ctrl Pts',(190.365857823708,-77.2619042353335,-52.6045400814677));
#7120=CARTESIAN_POINT('Ctrl Pts',(205.190096151767,-85.9591781668523,-53.0919830159846));
#7121=CARTESIAN_POINT('Ctrl Pts',(203.471751001933,-86.2626066109565,-53.1127550684206));
#7122=CARTESIAN_POINT('Ctrl Pts',(199.911160182558,-86.1351835985449,-53.1557969329788));
#7123=CARTESIAN_POINT('Ctrl Pts',(194.293469166002,-83.3987216558694,-53.2237058582472));
#7124=CARTESIAN_POINT('Ctrl Pts',(191.727265517932,-79.6020658900771,-53.2547271677579));
#7125=CARTESIAN_POINT('Ctrl Pts',(191.005421147845,-77.0810577193357,-53.2634531149913));
#7126=CARTESIAN_POINT('',(191.005421147845,-77.0810577193357,-53.2634531149913));
#7127=CARTESIAN_POINT('',(189.086731175434,-77.6235972673292,-51.2867140144205));
#7128=CARTESIAN_POINT('',(191.005421147845,-77.0810577193357,-53.2634531149913));
#7129=CARTESIAN_POINT('',(205.495764881518,-87.8272069231394,-51.090799937597));
#7130=CARTESIAN_POINT('Ctrl Pts',(189.086731175434,-77.6235972673292,-51.2867140144205));
#7131=CARTESIAN_POINT('Ctrl Pts',(189.942281869901,-80.5351713840071,-51.2766787836215));
#7132=CARTESIAN_POINT('Ctrl Pts',(192.933814392698,-84.8978086271873,-51.2415782795974));
#7133=CARTESIAN_POINT('Ctrl Pts',(199.41608955775,-88.0285460039753,-51.1643683730263));
#7134=CARTESIAN_POINT('Ctrl Pts',(203.515840132988,-88.1742674998569,-51.1148640947206));
#7135=CARTESIAN_POINT('Ctrl Pts',(205.495764881518,-87.8272069231393,-51.090799937597));
#7136=CARTESIAN_POINT('',(205.190096151767,-85.9591781668523,-53.0919830159846));
#7137=CARTESIAN_POINT('',(205.495764881518,-87.8272069231394,-51.090799937597));
#7138=CARTESIAN_POINT('Ctrl Pts',(205.190096151767,-85.9591781668523,-53.0919830159846));
#7139=CARTESIAN_POINT('Ctrl Pts',(203.471751001933,-86.2626066109565,-53.1127550684206));
#7140=CARTESIAN_POINT('Ctrl Pts',(199.911160182558,-86.1351835985449,-53.1557969329788));
#7141=CARTESIAN_POINT('Ctrl Pts',(194.293469166002,-83.3987216558694,-53.2237058582472));
#7142=CARTESIAN_POINT('Ctrl Pts',(191.727265517932,-79.6020658900771,-53.2547271677579));
#7143=CARTESIAN_POINT('Ctrl Pts',(191.005421147845,-77.0810577193357,-53.2634531149913));
#7144=CARTESIAN_POINT('Ctrl Pts',(205.513686228243,-87.8240539182897,-51.0905827086037));
#7145=CARTESIAN_POINT('Ctrl Pts',(205.507713104514,-87.825108663106,-51.0906549141436));
#7146=CARTESIAN_POINT('Ctrl Pts',(205.501739322273,-87.8261596647243,-51.0907273237862));
#7147=CARTESIAN_POINT('Ctrl Pts',(205.495764881518,-87.8272069231394,-51.090799937597));
#7148=CARTESIAN_POINT('Ctrl Pts',(205.411795993146,-87.2013739229943,-51.7576439388574));
#7149=CARTESIAN_POINT('Ctrl Pts',(205.405822869417,-87.2024286678106,-51.7577161443973));
#7150=CARTESIAN_POINT('Ctrl Pts',(205.39984930668,-87.2034809171616,-51.7577884860057));
#7151=CARTESIAN_POINT('Ctrl Pts',(205.393875304934,-87.2045306710437,-51.7578609637262));
#7152=CARTESIAN_POINT('Ctrl Pts',(205.309905758049,-86.5786939276989,-52.4247051691111));
#7153=CARTESIAN_POINT('Ctrl Pts',(205.30393263432,-86.5797486725152,-52.424777374651));
#7154=CARTESIAN_POINT('Ctrl Pts',(205.297959291088,-86.5808021695988,-52.4248496482252));
#7155=CARTESIAN_POINT('Ctrl Pts',(205.291985728351,-86.581854418948,-52.4249219898554));
#7156=CARTESIAN_POINT('Ctrl Pts',(205.208015522952,-85.9560139324035,-53.0917663993648));
#7157=CARTESIAN_POINT('Ctrl Pts',(205.202042399223,-85.9570686772198,-53.0918386049047));
#7158=CARTESIAN_POINT('Ctrl Pts',(205.196069275495,-85.958123422036,-53.0919108104446));
#7159=CARTESIAN_POINT('Ctrl Pts',(205.190096151767,-85.9591781668523,-53.0919830159846));
#7160=CARTESIAN_POINT('Ctrl Pts',(205.495764881518,-87.8272069231394,-51.090799937597));
#7161=CARTESIAN_POINT('Ctrl Pts',(205.501739322273,-87.8261596647243,-51.0907273237862));
#7162=CARTESIAN_POINT('Ctrl Pts',(205.507713104514,-87.825108663106,-51.0906549141436));
#7163=CARTESIAN_POINT('Ctrl Pts',(205.513686228243,-87.8240539182897,-51.0905827086037));
#7164=CARTESIAN_POINT('Ctrl Pts',(205.208015522952,-85.9560139324035,-53.0917663993648));
#7165=CARTESIAN_POINT('Ctrl Pts',(205.202042399223,-85.9570686772198,-53.0918386049047));
#7166=CARTESIAN_POINT('Ctrl Pts',(205.196069275495,-85.958123422036,-53.0919108104446));
#7167=CARTESIAN_POINT('Ctrl Pts',(205.190096151767,-85.9591781668523,-53.0919830159846));
#7168=CARTESIAN_POINT('Origin',(187.3191651265,-67.8293504870358,-52.3080450375733));
#7169=CARTESIAN_POINT('',(189.058665691582,-77.5268478944933,-51.2870482160492));
#7170=CARTESIAN_POINT('',(190.97769123176,-76.9842122663273,-53.2637883254529));
#7171=CARTESIAN_POINT('',(189.058665691582,-77.5268478944933,-51.2870482160492));
#7172=CARTESIAN_POINT('',(188.920708317848,-69.8002943084676,-53.2886539683955));
#7173=CARTESIAN_POINT('',(188.278677896589,-67.5580326729528,-53.2964150922752));
#7174=CARTESIAN_POINT('',(187.00168277767,-70.3429299366336,-51.3119138589917));
#7175=CARTESIAN_POINT('',(188.920708317848,-69.8002943084676,-53.2886539683955));
#7176=CARTESIAN_POINT('',(186.359652356411,-68.1006683011188,-51.3196749828714));
#7177=CARTESIAN_POINT('Ctrl Pts',(189.086731175434,-77.6235972673289,-51.2867140144205));
#7178=CARTESIAN_POINT('Ctrl Pts',(189.077264155581,-77.5913795037954,-51.2868250583713));
#7179=CARTESIAN_POINT('Ctrl Pts',(189.067908996944,-77.5591297121628,-51.2869364792286));
#7180=CARTESIAN_POINT('Ctrl Pts',(189.058665691582,-77.5268478944933,-51.2870482160492));
#7181=CARTESIAN_POINT('Ctrl Pts',(189.726294499571,-77.4427507513312,-51.9456270479441));
#7182=CARTESIAN_POINT('Ctrl Pts',(189.716902051215,-77.410511636419,-51.9457383228515));
#7183=CARTESIAN_POINT('Ctrl Pts',(189.707584177003,-77.3782511694408,-51.9458498490299));
#7184=CARTESIAN_POINT('Ctrl Pts',(189.698340871641,-77.3459693517713,-51.9459615858504));
#7185=CARTESIAN_POINT('Ctrl Pts',(190.365857823708,-77.2619042353334,-52.6045400814677));
#7186=CARTESIAN_POINT('Ctrl Pts',(190.356539946849,-77.2296437690426,-52.6046515873316));
#7187=CARTESIAN_POINT('Ctrl Pts',(190.347259357062,-77.1973726267188,-52.6047632188311));
#7188=CARTESIAN_POINT('Ctrl Pts',(190.338016051701,-77.1650908090493,-52.6048749556517));
#7189=CARTESIAN_POINT('Ctrl Pts',(191.005421147844,-77.0810577193357,-53.2634531149913));
#7190=CARTESIAN_POINT('Ctrl Pts',(190.996177842483,-77.0487759016662,-53.2635648518118));
#7191=CARTESIAN_POINT('Ctrl Pts',(190.986934537122,-77.0164940839967,-53.2636765886324));
#7192=CARTESIAN_POINT('Ctrl Pts',(190.97769123176,-76.9842122663273,-53.2637883254529));
#7193=CARTESIAN_POINT('Ctrl Pts',(189.058665691582,-77.5268478944933,-51.2870482160492));
#7194=CARTESIAN_POINT('Ctrl Pts',(189.067908996944,-77.5591297121628,-51.2869364792286));
#7195=CARTESIAN_POINT('Ctrl Pts',(189.077264155581,-77.5913795037954,-51.2868250583713));
#7196=CARTESIAN_POINT('Ctrl Pts',(189.086731175434,-77.6235972673289,-51.2867140144205));
#7197=CARTESIAN_POINT('Ctrl Pts',(191.005421147844,-77.0810577193357,-53.2634531149913));
#7198=CARTESIAN_POINT('Ctrl Pts',(190.996177842483,-77.0487759016662,-53.2635648518118));
#7199=CARTESIAN_POINT('Ctrl Pts',(190.986934537122,-77.0164940839967,-53.2636765886324));
#7200=CARTESIAN_POINT('Ctrl Pts',(190.97769123176,-76.9842122663273,-53.2637883254529));
#7201=CARTESIAN_POINT('Ctrl Pts',(186.973952852809,-70.2460844455801,-51.3122483435731));
#7202=CARTESIAN_POINT('Ctrl Pts',(184.405540863576,-61.2760226612571,-51.3431619808005));
#7203=CARTESIAN_POINT('Ctrl Pts',(183.090795687045,-51.9455149853732,-51.3589824555453));
#7204=CARTESIAN_POINT('Ctrl Pts',(183.081089699031,-42.6113137859503,-51.3590995209842));
#7205=CARTESIAN_POINT('Ctrl Pts',(187.613824769257,-70.065833189378,-51.9711595771406));
#7206=CARTESIAN_POINT('Ctrl Pts',(185.06510171849,-61.1534553311374,-52.001879995704));
#7207=CARTESIAN_POINT('Ctrl Pts',(183.762218505973,-51.8837677578078,-52.0175813107805));
#7208=CARTESIAN_POINT('Ctrl Pts',(183.755747847298,-42.6113137859504,-52.0176593544064));
#7209=CARTESIAN_POINT('Ctrl Pts',(188.253696685705,-69.885581933176,-52.6300708107081));
#7210=CARTESIAN_POINT('Ctrl Pts',(185.724662573403,-61.0308880010177,-52.6605980106076));
#7211=CARTESIAN_POINT('Ctrl Pts',(184.433641324902,-51.8220205302423,-52.6761801660157));
#7212=CARTESIAN_POINT('Ctrl Pts',(184.430405995565,-42.6113137859505,-52.6762191878287));
#7213=CARTESIAN_POINT('Ctrl Pts',(188.893568602152,-69.705330676974,-53.2889820442757));
#7214=CARTESIAN_POINT('Ctrl Pts',(186.384223428316,-60.908320670898,-53.3193160255111));
#7215=CARTESIAN_POINT('Ctrl Pts',(185.105064143831,-51.7602733026769,-53.3347790212509));
#7216=CARTESIAN_POINT('Ctrl Pts',(185.105064143832,-42.6113137859506,-53.3347790212509));
#7217=CARTESIAN_POINT('',(186.973952852809,-70.2460844455801,-51.3122483435727));
#7218=CARTESIAN_POINT('',(188.893568602152,-69.705330676974,-53.2889820442757));
#7219=CARTESIAN_POINT('',(186.973952852809,-70.2460844455801,-51.3122483435727));
#7220=CARTESIAN_POINT('',(185.105064143832,-42.6113137859506,-53.3347790212509));
#7221=CARTESIAN_POINT('Ctrl Pts',(188.893568602152,-69.705330676974,-53.2889820442757));
#7222=CARTESIAN_POINT('Ctrl Pts',(186.384223428316,-60.908320670898,-53.3193160255111));
#7223=CARTESIAN_POINT('Ctrl Pts',(185.105064143831,-51.7602733026769,-53.3347790212509));
#7224=CARTESIAN_POINT('Ctrl Pts',(185.105064143832,-42.6113137859506,-53.3347790212509));
#7225=CARTESIAN_POINT('',(183.081089699031,-42.6113137859503,-51.3590995209842));
#7226=CARTESIAN_POINT('',(185.105064143832,-42.6113137859506,-53.3347790212509));
#7227=CARTESIAN_POINT('Ctrl Pts',(183.081089699031,-42.6113137859503,-51.3590995209842));
#7228=CARTESIAN_POINT('Ctrl Pts',(183.090795687045,-51.9455149853732,-51.3589824555453));
#7229=CARTESIAN_POINT('Ctrl Pts',(184.405540863576,-61.2760226612571,-51.3431619808005));
#7230=CARTESIAN_POINT('Ctrl Pts',(186.973952852809,-70.2460844455801,-51.3122483435731));
#7231=CARTESIAN_POINT('Ctrl Pts',(187.00168277767,-70.3429299366339,-51.3119138589917));
#7232=CARTESIAN_POINT('Ctrl Pts',(186.992439475392,-70.3106481297317,-51.312025595775));
#7233=CARTESIAN_POINT('Ctrl Pts',(186.983196170183,-70.2783663101281,-51.3121370901755));
#7234=CARTESIAN_POINT('Ctrl Pts',(186.973952852809,-70.2460844455801,-51.3122483435731));
#7235=CARTESIAN_POINT('Ctrl Pts',(187.641357957729,-70.1620513939118,-51.970827228793));
#7236=CARTESIAN_POINT('Ctrl Pts',(187.63217495713,-70.1299801878439,-51.9709382366251));
#7237=CARTESIAN_POINT('Ctrl Pts',(187.622997229188,-70.0979074584008,-51.9710490191071));
#7238=CARTESIAN_POINT('Ctrl Pts',(187.613824769257,-70.065833189378,-51.9711595771406));
#7239=CARTESIAN_POINT('Ctrl Pts',(188.281033137789,-69.9811728511897,-52.6297405985942));
#7240=CARTESIAN_POINT('Ctrl Pts',(188.271910438869,-69.9493122459561,-52.6298508774752));
#7241=CARTESIAN_POINT('Ctrl Pts',(188.262798288192,-69.9174486066734,-52.6299609480388));
#7242=CARTESIAN_POINT('Ctrl Pts',(188.253696685705,-69.885581933176,-52.6300708107081));
#7243=CARTESIAN_POINT('Ctrl Pts',(188.920708317848,-69.8002943084676,-53.2886539683955));
#7244=CARTESIAN_POINT('Ctrl Pts',(188.911645920608,-69.7686443040682,-53.2887635183253));
#7245=CARTESIAN_POINT('Ctrl Pts',(188.902599347197,-69.736989754946,-53.2888728769704));
#7246=CARTESIAN_POINT('Ctrl Pts',(188.893568602152,-69.705330676974,-53.2889820442757));
#7247=CARTESIAN_POINT('Ctrl Pts',(186.973952852809,-70.2460844455801,-51.3122483435731));
#7248=CARTESIAN_POINT('Ctrl Pts',(186.983196170183,-70.2783663101281,-51.3121370901755));
#7249=CARTESIAN_POINT('Ctrl Pts',(186.992439475392,-70.3106481297317,-51.312025595775));
#7250=CARTESIAN_POINT('Ctrl Pts',(187.00168277767,-70.3429299366339,-51.3119138589917));
#7251=CARTESIAN_POINT('Ctrl Pts',(188.920708317848,-69.8002943084676,-53.2886539683955));
#7252=CARTESIAN_POINT('Ctrl Pts',(188.911645920608,-69.7686443040682,-53.2887635183253));
#7253=CARTESIAN_POINT('Ctrl Pts',(188.902599347197,-69.736989754946,-53.2888728769704));
#7254=CARTESIAN_POINT('Ctrl Pts',(188.893568602152,-69.705330676974,-53.2889820442757));
#7255=CARTESIAN_POINT('Origin',(184.093049678541,-39.9198768153259,-52.3469396000695));
#7256=CARTESIAN_POINT('',(183.081035213249,-42.5065163196034,-51.3591001788881));
#7257=CARTESIAN_POINT('',(185.105064143832,-42.5065163196035,-53.3347790212509));
#7258=CARTESIAN_POINT('',(183.081035213249,-42.5065163196034,-51.3591001788881));
#7259=CARTESIAN_POINT('',(185.105064143836,2.82401193264903,-53.3347790212508));
#7260=CARTESIAN_POINT('',(185.105064143833,-39.919876815326,-53.3347790212509));
#7261=CARTESIAN_POINT('',(183.081035213253,2.82401193264922,-51.359100178888));
#7262=CARTESIAN_POINT('',(185.105064143836,2.82401193264903,-53.3347790212508));
#7263=CARTESIAN_POINT('',(183.081035213249,-39.9198768153258,-51.3591001788881));
#7264=CARTESIAN_POINT('Ctrl Pts',(183.081089699031,-42.6113137859504,-51.3590995209842));
#7265=CARTESIAN_POINT('Ctrl Pts',(183.08105337516,-42.5763812971681,-51.3590999590921));
#7266=CARTESIAN_POINT('Ctrl Pts',(183.081035213249,-42.5414488083857,-51.3591001788881));
#7267=CARTESIAN_POINT('Ctrl Pts',(183.081035213249,-42.5065163196033,-51.3591001788881));
#7268=CARTESIAN_POINT('Ctrl Pts',(183.755747847298,-42.6113137859505,-52.0176593544064));
#7269=CARTESIAN_POINT('Ctrl Pts',(183.755723631384,-42.5763812971681,-52.0176596464784));
#7270=CARTESIAN_POINT('Ctrl Pts',(183.755711523443,-42.5414488083858,-52.017659793009));
#7271=CARTESIAN_POINT('Ctrl Pts',(183.755711523443,-42.5065163196034,-52.017659793009));
#7272=CARTESIAN_POINT('Ctrl Pts',(184.430405995565,-42.6113137859506,-52.6762191878287));
#7273=CARTESIAN_POINT('Ctrl Pts',(184.430393887608,-42.5763812971682,-52.6762193338646));
#7274=CARTESIAN_POINT('Ctrl Pts',(184.430387833638,-42.5414488083858,-52.6762194071299));
#7275=CARTESIAN_POINT('Ctrl Pts',(184.430387833638,-42.5065163196035,-52.6762194071299));
#7276=CARTESIAN_POINT('Ctrl Pts',(185.105064143832,-42.6113137859506,-53.3347790212509));
#7277=CARTESIAN_POINT('Ctrl Pts',(185.105064143832,-42.5763812971683,-53.3347790212509));
#7278=CARTESIAN_POINT('Ctrl Pts',(185.105064143832,-42.5414488083859,-53.3347790212509));
#7279=CARTESIAN_POINT('Ctrl Pts',(185.105064143832,-42.5065163196035,-53.3347790212509));
#7280=CARTESIAN_POINT('Ctrl Pts',(183.081035213249,-42.5065163196033,-51.3591001788881));
#7281=CARTESIAN_POINT('Ctrl Pts',(183.081035213249,-42.5414488083857,-51.3591001788881));
#7282=CARTESIAN_POINT('Ctrl Pts',(183.08105337516,-42.5763812971681,-51.3590999590921));
#7283=CARTESIAN_POINT('Ctrl Pts',(183.081089699031,-42.6113137859504,-51.3590995209842));
#7284=CARTESIAN_POINT('Ctrl Pts',(185.105064143832,-42.6113137859506,-53.3347790212509));
#7285=CARTESIAN_POINT('Ctrl Pts',(185.105064143832,-42.5763812971683,-53.3347790212509));
#7286=CARTESIAN_POINT('Ctrl Pts',(185.105064143832,-42.5414488083859,-53.3347790212509));
#7287=CARTESIAN_POINT('Ctrl Pts',(185.105064143832,-42.5065163196035,-53.3347790212509));
#7288=CARTESIAN_POINT('Ctrl Pts',(183.081035214075,2.92880939531781,-51.3591002468819));
#7289=CARTESIAN_POINT('Ctrl Pts',(183.081035272069,4.77805866938479,-51.3591050460255));
#7290=CARTESIAN_POINT('Ctrl Pts',(183.955510790307,8.01976258841463,-51.3490289303852));
#7291=CARTESIAN_POINT('Ctrl Pts',(186.164034457988,10.501515565102,-51.3232449355383));
#7292=CARTESIAN_POINT('Ctrl Pts',(187.280749660711,11.3402408558168,-51.310093435928));
#7293=CARTESIAN_POINT('Ctrl Pts',(183.755852328178,2.92217240453325,-52.0176581362402));
#7294=CARTESIAN_POINT('Ctrl Pts',(183.760821240826,4.65425627426918,-52.0176012699072));
#7295=CARTESIAN_POINT('Ctrl Pts',(184.588404218806,7.68553552680291,-52.0079270440417));
#7296=CARTESIAN_POINT('Ctrl Pts',(186.657861699414,10.0004352518537,-51.9835196262362));
#7297=CARTESIAN_POINT('Ctrl Pts',(187.702611419414,10.7823378790952,-51.9711221391252));
#7298=CARTESIAN_POINT('Ctrl Pts',(184.430669442282,2.91553541374868,-52.6762160255985));
#7299=CARTESIAN_POINT('Ctrl Pts',(184.440607209583,4.53045387915356,-52.6760974937888));
#7300=CARTESIAN_POINT('Ctrl Pts',(185.221297647306,7.35130846519118,-52.6668251576982));
#7301=CARTESIAN_POINT('Ctrl Pts',(187.151688940841,9.49935493860546,-52.643794316934));
#7302=CARTESIAN_POINT('Ctrl Pts',(188.124473178118,10.2244349023736,-52.6321508423224));
#7303=CARTESIAN_POINT('Ctrl Pts',(185.105486556385,2.90889842296412,-53.3347739149568));
#7304=CARTESIAN_POINT('Ctrl Pts',(185.12039317834,4.40665148403794,-53.3345937176705));
#7305=CARTESIAN_POINT('Ctrl Pts',(185.854191075805,7.01708140357945,-53.3257232713547));
#7306=CARTESIAN_POINT('Ctrl Pts',(187.645516182267,8.99827462535722,-53.3040690076318));
#7307=CARTESIAN_POINT('Ctrl Pts',(188.546334936821,9.66653192565207,-53.2931795455195));
#7308=CARTESIAN_POINT('',(183.081035214075,2.92880939531781,-51.3591002468879));
#7309=CARTESIAN_POINT('',(185.105486556385,2.90889842296412,-53.3347739149568));
#7310=CARTESIAN_POINT('',(183.081035214075,2.92880939531781,-51.3591002468879));
#7311=CARTESIAN_POINT('Ctrl Pts',(185.105486556385,2.90889842296412,-53.3347739149568));
#7312=CARTESIAN_POINT('Ctrl Pts',(185.12039317834,4.40665148403794,-53.3345937176705));
#7313=CARTESIAN_POINT('Ctrl Pts',(185.854191075805,7.01708140357945,-53.3257232713547));
#7314=CARTESIAN_POINT('Ctrl Pts',(187.645516182267,8.99827462535722,-53.3040690076318));
#7315=CARTESIAN_POINT('Ctrl Pts',(188.546334936821,9.66653192565207,-53.2931795455195));
#7316=CARTESIAN_POINT('Ctrl Pts',(187.280749660711,11.3402408558168,-51.310093435928));
#7317=CARTESIAN_POINT('Ctrl Pts',(186.164034457988,10.501515565102,-51.3232449355383));
#7318=CARTESIAN_POINT('Ctrl Pts',(183.955510790307,8.01976258841463,-51.3490289303852));
#7319=CARTESIAN_POINT('Ctrl Pts',(183.081035272069,4.77805866938479,-51.3591050460255));
#7320=CARTESIAN_POINT('Ctrl Pts',(183.081035214075,2.92880939531781,-51.3591002468819));
#7321=CARTESIAN_POINT('Ctrl Pts',(183.081035213253,2.82401193264942,-51.359100178888));
#7322=CARTESIAN_POINT('Ctrl Pts',(183.081035213253,2.85894326827222,-51.359100178888));
#7323=CARTESIAN_POINT('Ctrl Pts',(183.081035212979,2.89387460380333,-51.3591001562197));
#7324=CARTESIAN_POINT('Ctrl Pts',(183.081035214075,2.92880939531782,-51.3591002468819));
#7325=CARTESIAN_POINT('Ctrl Pts',(183.755711523447,2.82401193264929,-52.017659793009));
#7326=CARTESIAN_POINT('Ctrl Pts',(183.755711523447,2.85673147844327,-52.017659793009));
#7327=CARTESIAN_POINT('Ctrl Pts',(183.755758458774,2.88945102417453,-52.0176592105213));
#7328=CARTESIAN_POINT('Ctrl Pts',(183.755852328178,2.92217240453325,-52.0176581362402));
#7329=CARTESIAN_POINT('Ctrl Pts',(184.430387833642,2.82401193264916,-52.6762194071299));
#7330=CARTESIAN_POINT('Ctrl Pts',(184.430387833642,2.85451968861431,-52.6762194071299));
#7331=CARTESIAN_POINT('Ctrl Pts',(184.430481704569,2.88502744454573,-52.6762182648229));
#7332=CARTESIAN_POINT('Ctrl Pts',(184.430669442282,2.91553541374869,-52.6762160255985));
#7333=CARTESIAN_POINT('Ctrl Pts',(185.105064143836,2.82401193264904,-53.3347790212508));
#7334=CARTESIAN_POINT('Ctrl Pts',(185.105064143836,2.85230789878536,-53.3347790212508));
#7335=CARTESIAN_POINT('Ctrl Pts',(185.105204950364,2.88060386491693,-53.3347773191245));
#7336=CARTESIAN_POINT('Ctrl Pts',(185.105486556385,2.90889842296412,-53.3347739149568));
#7337=CARTESIAN_POINT('Ctrl Pts',(183.081035214075,2.92880939531782,-51.3591002468819));
#7338=CARTESIAN_POINT('Ctrl Pts',(183.081035212979,2.89387460380333,-51.3591001562197));
#7339=CARTESIAN_POINT('Ctrl Pts',(183.081035213253,2.85894326827222,-51.359100178888));
#7340=CARTESIAN_POINT('Ctrl Pts',(183.081035213253,2.82401193264942,-51.359100178888));
#7341=CARTESIAN_POINT('Ctrl Pts',(185.105064143836,2.82401193264904,-53.3347790212508));
#7342=CARTESIAN_POINT('Ctrl Pts',(185.105064143836,2.85230789878536,-53.3347790212508));
#7343=CARTESIAN_POINT('Ctrl Pts',(185.105204950364,2.88060386491693,-53.3347773191245));
#7344=CARTESIAN_POINT('Ctrl Pts',(185.105486556385,2.90889842296412,-53.3347739149568));
#7345=CARTESIAN_POINT('Origin',(332.28222266621,-17.2022139560304,-50.5555688314836));
#7346=CARTESIAN_POINT('',(331.294383245029,-66.7666729340961,-51.5675832967754));
#7347=CARTESIAN_POINT('',(333.270062087391,-66.7666729340961,-49.5435543661917));
#7348=CARTESIAN_POINT('',(331.294383245029,-66.7666729340961,-51.5675832967754));
#7349=CARTESIAN_POINT('',(333.270062087392,2.8240119326474,-49.5435543661917));
#7350=CARTESIAN_POINT('',(333.270062087392,-17.2022139560304,-49.5435543661917));
#7351=CARTESIAN_POINT('',(331.294383245029,2.8240119326474,-51.5675832967754));
#7352=CARTESIAN_POINT('',(333.270062087392,2.8240119326474,-49.5435543661917));
#7353=CARTESIAN_POINT('',(331.294383245029,-17.2022139560304,-51.5675832967754));
#7354=CARTESIAN_POINT('Ctrl Pts',(333.270062088214,2.92880939493232,-49.5435544341856));
#7355=CARTESIAN_POINT('Ctrl Pts',(333.270062087118,2.89387460354569,-49.5435543435233));
#7356=CARTESIAN_POINT('Ctrl Pts',(333.270062087392,2.8589432681424,-49.5435543661917));
#7357=CARTESIAN_POINT('Ctrl Pts',(333.270062087392,2.82401193264743,-49.5435543661917));
#7358=CARTESIAN_POINT('Ctrl Pts',(332.611361669637,2.92217240417218,-50.2182324238135));
#7359=CARTESIAN_POINT('Ctrl Pts',(332.611455537579,2.88945102393321,-50.2182312286495));
#7360=CARTESIAN_POINT('Ctrl Pts',(332.611502473271,2.85673147832167,-50.2182306763863));
#7361=CARTESIAN_POINT('Ctrl Pts',(332.611502473271,2.82401193264742,-50.2182306763863));
#7362=CARTESIAN_POINT('Ctrl Pts',(331.95266125106,2.91553541341204,-50.8929104134415));
#7363=CARTESIAN_POINT('Ctrl Pts',(331.952848988041,2.88502744432072,-50.8929081137756));
#7364=CARTESIAN_POINT('Ctrl Pts',(331.95294285915,2.85451968850093,-50.8929069865809));
#7365=CARTESIAN_POINT('Ctrl Pts',(331.95294285915,2.82401193264742,-50.8929069865809));
#7366=CARTESIAN_POINT('Ctrl Pts',(331.293960832483,2.90889842265189,-51.5675884030695));
#7367=CARTESIAN_POINT('Ctrl Pts',(331.294242438502,2.88060386470823,-51.5675849989018));
#7368=CARTESIAN_POINT('Ctrl Pts',(331.294383245029,2.85230789868019,-51.5675832967754));
#7369=CARTESIAN_POINT('Ctrl Pts',(331.294383245029,2.82401193264741,-51.5675832967754));
#7370=CARTESIAN_POINT('Ctrl Pts',(333.270062087392,2.82401193264743,-49.5435543661917));
#7371=CARTESIAN_POINT('Ctrl Pts',(333.270062087392,2.8589432681424,-49.5435543661917));
#7372=CARTESIAN_POINT('Ctrl Pts',(333.270062087118,2.89387460354569,-49.5435543435233));
#7373=CARTESIAN_POINT('Ctrl Pts',(333.270062088214,2.92880939493232,-49.5435544341856));
#7374=CARTESIAN_POINT('Ctrl Pts',(331.293960832483,2.90889842265189,-51.5675884030695));
#7375=CARTESIAN_POINT('Ctrl Pts',(331.294242438502,2.88060386470823,-51.5675849989018));
#7376=CARTESIAN_POINT('Ctrl Pts',(331.294383245029,2.85230789868019,-51.5675832967754));
#7377=CARTESIAN_POINT('Ctrl Pts',(331.294383245029,2.82401193264741,-51.5675832967754));
#7378=CARTESIAN_POINT('Ctrl Pts',(333.270062087391,-66.7666729340961,-49.5435543661917));
#7379=CARTESIAN_POINT('Ctrl Pts',(333.270062087391,-66.8016054228784,-49.5435543661917));
#7380=CARTESIAN_POINT('Ctrl Pts',(333.269888255896,-66.8365379116607,-49.5435564448648));
#7381=CARTESIAN_POINT('Ctrl Pts',(333.269540568749,-66.871470400443,-49.5435607385309));
#7382=CARTESIAN_POINT('Ctrl Pts',(332.611502473271,-66.7666729340961,-50.2182306763863));
#7383=CARTESIAN_POINT('Ctrl Pts',(332.611502473271,-66.8016054228784,-50.2182306763863));
#7384=CARTESIAN_POINT('Ctrl Pts',(332.611386585607,-66.8365379116607,-50.2182320621684));
#7385=CARTESIAN_POINT('Ctrl Pts',(332.611154794176,-66.871470400443,-50.2182349246124));
#7386=CARTESIAN_POINT('Ctrl Pts',(331.95294285915,-66.7666729340961,-50.8929069865809));
#7387=CARTESIAN_POINT('Ctrl Pts',(331.95294285915,-66.8016054228784,-50.8929069865809));
#7388=CARTESIAN_POINT('Ctrl Pts',(331.952884915318,-66.8365379116607,-50.8929076794719));
#7389=CARTESIAN_POINT('Ctrl Pts',(331.952769019602,-66.871470400443,-50.8929091106939));
#7390=CARTESIAN_POINT('Ctrl Pts',(331.294383245029,-66.7666729340961,-51.5675832967754));
#7391=CARTESIAN_POINT('Ctrl Pts',(331.294383245029,-66.8016054228784,-51.5675832967754));
#7392=CARTESIAN_POINT('Ctrl Pts',(331.294383245029,-66.8365379116607,-51.5675832967754));
#7393=CARTESIAN_POINT('Ctrl Pts',(331.294383245029,-66.871470400443,-51.5675832967754));
#7394=CARTESIAN_POINT('Ctrl Pts',(333.269540568749,-66.871470400443,-49.5435607385309));
#7395=CARTESIAN_POINT('Ctrl Pts',(333.269888255896,-66.8365379116607,-49.5435564448648));
#7396=CARTESIAN_POINT('Ctrl Pts',(333.270062087391,-66.8016054228784,-49.5435543661917));
#7397=CARTESIAN_POINT('Ctrl Pts',(333.270062087391,-66.7666729340961,-49.5435543661917));
#7398=CARTESIAN_POINT('Ctrl Pts',(331.294383245029,-66.7666729340961,-51.5675832967754));
#7399=CARTESIAN_POINT('Ctrl Pts',(331.294383245029,-66.8016054228784,-51.5675832967754));
#7400=CARTESIAN_POINT('Ctrl Pts',(331.294383245029,-66.8365379116607,-51.5675832967754));
#7401=CARTESIAN_POINT('Ctrl Pts',(331.294383245029,-66.871470400443,-51.5675832967754));
#7402=CARTESIAN_POINT('Origin',(183.06899737066,-42.4543329441458,-50.3632829148271));
#7403=CARTESIAN_POINT('',(183.068997370665,2.98099277445367,-50.363282914827));
#7404=CARTESIAN_POINT('',(183.068997370665,2.98099277445367,-50.363282914827));
#7405=CARTESIAN_POINT('',(183.038778565526,2.98099277445367,-47.8634655567355));
#7406=CARTESIAN_POINT('',(183.068997370665,2.98099277445367,-50.363282914827));
#7407=CARTESIAN_POINT('',(183.038778565522,-42.4543329441458,-47.8634655567355));
#7408=CARTESIAN_POINT('',(183.03877856552,-64.6121793469005,-47.8634655567355));
#7409=CARTESIAN_POINT('',(183.06899737066,-42.4543329441458,-50.3632829148271));
#7410=CARTESIAN_POINT('',(183.06899737066,-42.4543329441458,-50.3632829148271));
#7411=CARTESIAN_POINT('',(183.06899737066,-42.4543329441458,-50.3632829148271));
#7412=CARTESIAN_POINT('Origin',(193.568230274649,2.98099277445189,-50.2363639332471));
#7413=CARTESIAN_POINT('',(187.268690532258,11.3925165043076,-50.312515322195));
#7414=CARTESIAN_POINT('',(187.268690532258,11.3925165043076,-50.312515322195));
#7415=CARTESIAN_POINT('Origin',(193.568230274649,2.98099277445189,-50.2363639332471));
#7416=CARTESIAN_POINT('Ctrl Pts',(187.268690532258,11.3925165043079,-50.312515322195));
#7417=CARTESIAN_POINT('Ctrl Pts',(187.304903418957,11.2355356625034,-53.3081864727293));
#7418=CARTESIAN_POINT('Ctrl Pts',(188.083105349948,12.0042102609721,-50.302670345882));
#7419=CARTESIAN_POINT('Ctrl Pts',(188.119318236646,11.8472294191676,-53.2983414964163));
#7420=CARTESIAN_POINT('Ctrl Pts',(188.982176606893,12.4941425388515,-50.2918020082289));
#7421=CARTESIAN_POINT('Ctrl Pts',(189.018389493592,12.337161697047,-53.2874731587631));
#7422=CARTESIAN_POINT('Ctrl Pts',(191.100078884961,13.2757664590025,-50.2661999473282));
#7423=CARTESIAN_POINT('Ctrl Pts',(191.136291771659,13.118785617198,-53.2618710978625));
#7424=CARTESIAN_POINT('Ctrl Pts',(192.329239739007,13.4953974367716,-50.2513413528747));
#7425=CARTESIAN_POINT('Ctrl Pts',(192.365452625706,13.3384165949671,-53.2470125034089));
#7426=CARTESIAN_POINT('Ctrl Pts',(193.568230274649,13.4953974367716,-50.2363639332471));
#7427=CARTESIAN_POINT('Ctrl Pts',(193.604443161348,13.3384165949671,-53.2320350837813));
#7428=CARTESIAN_POINT('',(193.568230274649,13.4953974367716,-50.2363639332471));
#7429=CARTESIAN_POINT('',(193.568230274649,13.4953974367716,-50.2363639332471));
#7430=CARTESIAN_POINT('Ctrl Pts',(187.268690532258,11.3925165043079,-50.312515322195));
#7431=CARTESIAN_POINT('Ctrl Pts',(188.083105349948,12.0042102609721,-50.302670345882));
#7432=CARTESIAN_POINT('Ctrl Pts',(188.982176606893,12.4941425388515,-50.2918020082289));
#7433=CARTESIAN_POINT('Ctrl Pts',(191.100078884961,13.2757664590025,-50.2661999473282));
#7434=CARTESIAN_POINT('Ctrl Pts',(192.329239739007,13.4953974367716,-50.2513413528747));
#7435=CARTESIAN_POINT('Ctrl Pts',(193.568230274649,13.4953974367716,-50.2363639332471));
#7436=CARTESIAN_POINT('Origin',(193.568230274649,13.4953974367716,-50.2363639332471));
#7437=CARTESIAN_POINT('',(322.758791340819,13.4953974367715,-48.6746560837107));
#7438=CARTESIAN_POINT('',(322.758791340819,13.4953974367715,-48.6746560837107));
#7439=CARTESIAN_POINT('',(224.098113812888,13.4953974367716,-49.8673063304809));
#7440=CARTESIAN_POINT('',(225.887162219538,13.4953974367716,-49.8456795884278));
#7441=CARTESIAN_POINT('',(215.49047663034,13.0504855361863,-58.4628697009184));
#7442=CARTESIAN_POINT('Origin',(193.568230274649,13.4953974367716,-50.2363639332471));
#7443=CARTESIAN_POINT('',(201.32862648386,13.4953974367716,-50.1425531193964));
#7444=CARTESIAN_POINT('',(197.024031137401,13.7233612745995,-45.843710851217));
#7445=CARTESIAN_POINT('',(225.887162219538,13.4953974367716,-49.8456795884278));
#7446=CARTESIAN_POINT('Origin',(322.758791340819,2.98099277445183,-48.6746560837107));
#7447=CARTESIAN_POINT('',(333.258024244803,2.98099277445187,-48.5477371021307));
#7448=CARTESIAN_POINT('',(333.258024244803,2.98099277445187,-48.5477371021307));
#7449=CARTESIAN_POINT('Origin',(322.758791340819,2.98099277445183,-48.6746560837107));
#7450=CARTESIAN_POINT('Origin',(333.258024244803,2.98099277445186,-48.5477371021307));
#7451=CARTESIAN_POINT('',(333.258024244803,-66.7144895586385,-48.5477371021307));
#7452=CARTESIAN_POINT('',(333.258024244803,-66.7144895586385,-48.5477371021307));
#7453=CARTESIAN_POINT('',(333.227805439665,-66.7144895586385,-46.0479197440391));
#7454=CARTESIAN_POINT('',(333.258024244803,-66.7144895586385,-48.5477371021307));
#7455=CARTESIAN_POINT('',(333.227805439665,2.98099277445186,-46.0479197440391));
#7456=CARTESIAN_POINT('',(333.227805439665,-41.8945164876051,-46.0479197440391));
#7457=CARTESIAN_POINT('',(333.258024244803,2.98099277445187,-48.5477371021307));
#7458=CARTESIAN_POINT('Origin',(258.207295920678,-37.3854206865127,-52.4510896228741));
#7459=CARTESIAN_POINT('Origin',(234.813796170836,-97.2041824038536,-50.2329500136328));
#7460=CARTESIAN_POINT('',(266.710032990432,-89.9669941136983,-48.3492589141976));
#7461=CARTESIAN_POINT('',(211.197944637257,-99.7694174508286,-49.0203115314311));
#7462=CARTESIAN_POINT('',(234.521449699376,-95.6509114261581,-48.7383675516727));
#7463=CARTESIAN_POINT('',(211.782637580177,-102.87595940622,-52.0094764553513));
#7464=CARTESIAN_POINT('',(211.197944637257,-99.7694174508286,-49.0203115314311));
#7465=CARTESIAN_POINT('',(267.009048754499,-93.1239814536523,-51.3418772196108));
#7466=CARTESIAN_POINT('',(235.106142642296,-98.7574533815492,-51.727532475593));
#7467=CARTESIAN_POINT('',(266.710748602477,-89.9670006118479,-48.3493742861362));
#7468=CARTESIAN_POINT('',(267.009048754499,-93.1239814536523,-51.3418772196108));
#7469=CARTESIAN_POINT('',(251.17808701459,-89.8259555316597,-45.8451776472388));
#7470=CARTESIAN_POINT('Origin',(266.124139733618,-91.5454910327501,-49.854519905125));
#7471=CARTESIAN_POINT('',(318.923804207192,-93.1239814536523,-50.7143106200997));
#7472=CARTESIAN_POINT('',(266.142246176967,-93.1239814536523,-51.3523554803921));
#7473=CARTESIAN_POINT('',(318.887591320494,-89.9670006118479,-47.7186394695654));
#7474=CARTESIAN_POINT('',(318.923804207192,-93.1239814536523,-50.7143106200997));
#7475=CARTESIAN_POINT('',(266.106033290269,-89.9670006118479,-48.3566843298578));
#7476=CARTESIAN_POINT('Ctrl Pts',(318.887591320493,-89.9670006118478,-47.7186394695654));
#7477=CARTESIAN_POINT('Ctrl Pts',(320.021657271851,-89.9670006118478,-47.7049304208276));
#7478=CARTESIAN_POINT('Ctrl Pts',(321.902180919977,-90.6414485291189,-47.6810164416675));
#7479=CARTESIAN_POINT('Ctrl Pts',(323.557539606043,-92.7611902488992,-47.658688314472));
#7480=CARTESIAN_POINT('Ctrl Pts',(323.88717659905,-94.2388658272043,-47.6541121002298));
#7481=CARTESIAN_POINT('Ctrl Pts',(323.887176369438,-94.9736446772331,-47.6540931916703));
#7482=CARTESIAN_POINT('Ctrl Pts',(318.899662282726,-91.019327559116,-48.7171965197435));
#7483=CARTESIAN_POINT('Ctrl Pts',(319.802004382922,-91.0193275591159,-48.7062886428119));
#7484=CARTESIAN_POINT('Ctrl Pts',(321.298763871647,-91.5527082737906,-48.6874075760842));
#7485=CARTESIAN_POINT('Ctrl Pts',(322.626041653727,-93.2371123150666,-48.6698179173446));
#7486=CARTESIAN_POINT('Ctrl Pts',(322.895927924991,-94.4169282068829,-48.6661611369386));
#7487=CARTESIAN_POINT('Ctrl Pts',(322.899007289698,-95.0050081998266,-48.6661113047736));
#7488=CARTESIAN_POINT('Ctrl Pts',(318.911733244959,-92.0716545063841,-49.7157535699216));
#7489=CARTESIAN_POINT('Ctrl Pts',(319.582351493993,-92.0716545063841,-49.7076468647961));
#7490=CARTESIAN_POINT('Ctrl Pts',(320.695346823316,-92.4639680184623,-49.6937987105009));
#7491=CARTESIAN_POINT('Ctrl Pts',(321.694543701411,-93.713034381234,-49.6809475202171));
#7492=CARTESIAN_POINT('Ctrl Pts',(321.904679250932,-94.5949905865615,-49.6782101736475));
#7493=CARTESIAN_POINT('Ctrl Pts',(321.910838209957,-95.0363717224202,-49.6781294178769));
#7494=CARTESIAN_POINT('Ctrl Pts',(318.923804207192,-93.1239814536523,-50.7143106200997));
#7495=CARTESIAN_POINT('Ctrl Pts',(319.362698605064,-93.1239814536523,-50.7090050867804));
#7496=CARTESIAN_POINT('Ctrl Pts',(320.091929774987,-93.375227763134,-50.7001898449176));
#7497=CARTESIAN_POINT('Ctrl Pts',(320.763045749095,-94.1889564474015,-50.6920771230897));
#7498=CARTESIAN_POINT('Ctrl Pts',(320.913430576872,-94.7730529662401,-50.6902592103564));
#7499=CARTESIAN_POINT('Ctrl Pts',(320.922669130217,-95.0677352450138,-50.6901475309801));
#7500=CARTESIAN_POINT('',(320.922669130217,-95.0677352450138,-50.6901475309801));
#7501=CARTESIAN_POINT('',(323.887176369442,-94.9736446772331,-47.6540931920393));
#7502=CARTESIAN_POINT('',(320.922669130217,-95.0677352450138,-50.6901475309801));
#7503=CARTESIAN_POINT('Ctrl Pts',(323.887176369438,-94.9736446772331,-47.6540931916703));
#7504=CARTESIAN_POINT('Ctrl Pts',(323.88717659905,-94.2388658272043,-47.6541121002298));
#7505=CARTESIAN_POINT('Ctrl Pts',(323.557539606043,-92.7611902488992,-47.658688314472));
#7506=CARTESIAN_POINT('Ctrl Pts',(321.902180919977,-90.6414485291189,-47.6810164416675));
#7507=CARTESIAN_POINT('Ctrl Pts',(320.021657271851,-89.9670006118478,-47.7049304208276));
#7508=CARTESIAN_POINT('Ctrl Pts',(318.887591320493,-89.9670006118478,-47.7186394695654));
#7509=CARTESIAN_POINT('Ctrl Pts',(318.923804207192,-93.1239814536523,-50.7143106200997));
#7510=CARTESIAN_POINT('Ctrl Pts',(319.362698605064,-93.1239814536523,-50.7090050867804));
#7511=CARTESIAN_POINT('Ctrl Pts',(320.091929774987,-93.375227763134,-50.7001898449176));
#7512=CARTESIAN_POINT('Ctrl Pts',(320.763045749095,-94.1889564474015,-50.6920771230897));
#7513=CARTESIAN_POINT('Ctrl Pts',(320.913430576872,-94.7730529662401,-50.6902592103564));
#7514=CARTESIAN_POINT('Ctrl Pts',(320.922669130217,-95.0677352450138,-50.6901475309801));
#7515=CARTESIAN_POINT('Origin',(322.405417225438,-114.937684843148,-49.1721138780514));
#7516=CARTESIAN_POINT('',(320.923658093666,-174.697690258112,-50.6901355759892));
#7517=CARTESIAN_POINT('',(323.88717635721,-174.697690258112,-47.6540921801136));
#7518=CARTESIAN_POINT('',(320.923658093666,-174.697690258112,-50.6901355759892));
#7519=CARTESIAN_POINT('',(323.88717635721,-95.1308408166617,-47.6540921801136));
#7520=CARTESIAN_POINT('',(323.88717635721,-114.937684843148,-47.6540921801136));
#7521=CARTESIAN_POINT('',(320.923658093666,-95.1308408166617,-50.6901355759892));
#7522=CARTESIAN_POINT('',(323.88717635721,-95.1308408166617,-47.6540921801136));
#7523=CARTESIAN_POINT('',(320.923658093666,-114.937684843148,-50.6901355759892));
#7524=CARTESIAN_POINT('Ctrl Pts',(323.887176369438,-94.9736446772331,-47.6540931916703));
#7525=CARTESIAN_POINT('Ctrl Pts',(323.887176353127,-95.0260776759664,-47.6540918423758));
#7526=CARTESIAN_POINT('Ctrl Pts',(323.88717635721,-95.0784592395488,-47.6540921801136));
#7527=CARTESIAN_POINT('Ctrl Pts',(323.88717635721,-95.1308408166617,-47.6540921801136));
#7528=CARTESIAN_POINT('Ctrl Pts',(322.899007289698,-95.0050081998267,-48.6661113047736));
#7529=CARTESIAN_POINT('Ctrl Pts',(322.899227029776,-95.0469729318329,-48.6661077488054));
#7530=CARTESIAN_POINT('Ctrl Pts',(322.899336936028,-95.0889068696735,-48.6661066454055));
#7531=CARTESIAN_POINT('Ctrl Pts',(322.899336936028,-95.1308408166617,-48.6661066454055));
#7532=CARTESIAN_POINT('Ctrl Pts',(321.910838209957,-95.0363717224202,-49.6781294178769));
#7533=CARTESIAN_POINT('Ctrl Pts',(321.911277706425,-95.0678681876994,-49.6781236552349));
#7534=CARTESIAN_POINT('Ctrl Pts',(321.911497514847,-95.0993544997982,-49.6781211106973));
#7535=CARTESIAN_POINT('Ctrl Pts',(321.911497514847,-95.1308408166617,-49.6781211106973));
#7536=CARTESIAN_POINT('Ctrl Pts',(320.922669130217,-95.0677352450138,-50.6901475309801));
#7537=CARTESIAN_POINT('Ctrl Pts',(320.923328383074,-95.0887634435659,-50.6901395616645));
#7538=CARTESIAN_POINT('Ctrl Pts',(320.923658093666,-95.109802129923,-50.6901355759892));
#7539=CARTESIAN_POINT('Ctrl Pts',(320.923658093666,-95.1308408166617,-50.6901355759892));
#7540=CARTESIAN_POINT('Ctrl Pts',(323.88717635721,-95.1308408166617,-47.6540921801136));
#7541=CARTESIAN_POINT('Ctrl Pts',(323.88717635721,-95.0784592395488,-47.6540921801136));
#7542=CARTESIAN_POINT('Ctrl Pts',(323.887176353127,-95.0260776759664,-47.6540918423758));
#7543=CARTESIAN_POINT('Ctrl Pts',(323.887176369438,-94.9736446772331,-47.6540931916703));
#7544=CARTESIAN_POINT('Ctrl Pts',(320.922669130217,-95.0677352450138,-50.6901475309801));
#7545=CARTESIAN_POINT('Ctrl Pts',(320.923328383074,-95.0887634435659,-50.6901395616645));
#7546=CARTESIAN_POINT('Ctrl Pts',(320.923658093666,-95.109802129923,-50.6901355759892));
#7547=CARTESIAN_POINT('Ctrl Pts',(320.923658093666,-95.1308408166617,-50.6901355759892));
#7548=CARTESIAN_POINT('Ctrl Pts',(323.884711645147,-174.854886457632,-47.6541229872515));
#7549=CARTESIAN_POINT('Ctrl Pts',(323.837747000805,-176.352198788655,-47.6547293087231));
#7550=CARTESIAN_POINT('Ctrl Pts',(322.515042675037,-178.854116929434,-47.6731050848488));
#7551=CARTESIAN_POINT('Ctrl Pts',(319.974234559653,-179.704764978837,-47.7055036857881));
#7552=CARTESIAN_POINT('Ctrl Pts',(318.887591320494,-179.704764978837,-47.7186394695654));
#7553=CARTESIAN_POINT('Ctrl Pts',(322.897693794653,-174.854886457632,-48.6661271834974));
#7554=CARTESIAN_POINT('Ctrl Pts',(322.866384031759,-176.053654885071,-48.6665313978118));
#7555=CARTESIAN_POINT('Ctrl Pts',(321.816208807249,-178.06829150173,-48.6808172683066));
#7556=CARTESIAN_POINT('Ctrl Pts',(319.773372004736,-178.757091926105,-48.7066347626011));
#7557=CARTESIAN_POINT('Ctrl Pts',(318.899662282726,-178.757091926105,-48.7171965197435));
#7558=CARTESIAN_POINT('Ctrl Pts',(321.910675944159,-174.854886457632,-49.6781313797433));
#7559=CARTESIAN_POINT('Ctrl Pts',(321.895021062712,-175.755110981486,-49.6783334869005));
#7560=CARTESIAN_POINT('Ctrl Pts',(321.117374939461,-177.282466074027,-49.6885294517643));
#7561=CARTESIAN_POINT('Ctrl Pts',(319.572509449819,-177.809418873373,-49.7077658394141));
#7562=CARTESIAN_POINT('Ctrl Pts',(318.911733244959,-177.809418873373,-49.7157535699216));
#7563=CARTESIAN_POINT('Ctrl Pts',(320.923658093666,-174.854886457632,-50.6901355759892));
#7564=CARTESIAN_POINT('Ctrl Pts',(320.923658093666,-175.456567077901,-50.6901355759892));
#7565=CARTESIAN_POINT('Ctrl Pts',(320.418541071672,-176.496640646324,-50.696241635222));
#7566=CARTESIAN_POINT('Ctrl Pts',(319.371646894902,-176.861745820642,-50.708896916227));
#7567=CARTESIAN_POINT('Ctrl Pts',(318.923804207192,-176.861745820642,-50.7143106200997));
#7568=CARTESIAN_POINT('',(318.923804207192,-176.861745820642,-50.7143106200997));
#7569=CARTESIAN_POINT('',(318.887591320494,-179.704764978837,-47.7186394695654));
#7570=CARTESIAN_POINT('',(318.923804207192,-176.861745820642,-50.7143106200997));
#7571=CARTESIAN_POINT('',(323.884711645147,-174.854886457632,-47.6541229872515));
#7572=CARTESIAN_POINT('Ctrl Pts',(318.887591320494,-179.704764978837,-47.7186394695654));
#7573=CARTESIAN_POINT('Ctrl Pts',(319.974234559653,-179.704764978837,-47.7055036857881));
#7574=CARTESIAN_POINT('Ctrl Pts',(322.515042675037,-178.854116929434,-47.6731050848488));
#7575=CARTESIAN_POINT('Ctrl Pts',(323.837747000805,-176.352198788655,-47.6547293087231));
#7576=CARTESIAN_POINT('Ctrl Pts',(323.884711645147,-174.854886457632,-47.6541229872515));
#7577=CARTESIAN_POINT('',(320.923658093666,-174.854886457632,-50.6901355759892));
#7578=CARTESIAN_POINT('',(323.884711645147,-174.854886457632,-47.6541229872515));
#7579=CARTESIAN_POINT('Ctrl Pts',(320.923658093666,-174.854886457632,-50.6901355759892));
#7580=CARTESIAN_POINT('Ctrl Pts',(320.923658093666,-175.456567077901,-50.6901355759892));
#7581=CARTESIAN_POINT('Ctrl Pts',(320.418541071672,-176.496640646324,-50.696241635222));
#7582=CARTESIAN_POINT('Ctrl Pts',(319.371646894902,-176.861745820642,-50.708896916227));
#7583=CARTESIAN_POINT('Ctrl Pts',(318.923804207192,-176.861745820642,-50.7143106200997));
#7584=CARTESIAN_POINT('Origin',(292.212918149141,-178.283255399739,-49.5391481805957));
#7585=CARTESIAN_POINT('',(231.529816528647,-176.861745820642,-51.7707645547642));
#7586=CARTESIAN_POINT('',(231.493603641948,-179.704764978837,-48.7750934042299));
#7587=CARTESIAN_POINT('',(231.529816528647,-176.861745820642,-51.7707645547642));
#7588=CARTESIAN_POINT('',(292.194811705792,-179.704764978837,-48.0413126053286));
#7589=CARTESIAN_POINT('',(292.231024592491,-176.861745820642,-51.0369837558629));
#7590=CARTESIAN_POINT('Ctrl Pts',(231.493603641949,-179.704764978837,-48.7750934042299));
#7591=CARTESIAN_POINT('Ctrl Pts',(230.594503440477,-179.704764978837,-48.7859620917762));
#7592=CARTESIAN_POINT('Ctrl Pts',(228.494652980225,-179.127886059754,-48.8102646323077));
#7593=CARTESIAN_POINT('Ctrl Pts',(227.083538509754,-177.35757684377,-48.8251699920381));
#7594=CARTESIAN_POINT('Ctrl Pts',(226.719237861674,-176.183838105858,-48.8290251125462));
#7595=CARTESIAN_POINT('Ctrl Pts',(231.505674604181,-178.757091926105,-49.773650454408));
#7596=CARTESIAN_POINT('Ctrl Pts',(230.782757865019,-178.757091926105,-49.7823893648733));
#7597=CARTESIAN_POINT('Ctrl Pts',(229.094371102614,-178.290253627134,-49.8020783997291));
#7598=CARTESIAN_POINT('Ctrl Pts',(227.967810906059,-176.862643489814,-49.8142615400182));
#7599=CARTESIAN_POINT('Ctrl Pts',(227.680588153273,-175.92033648691,-49.8173678094759));
#7600=CARTESIAN_POINT('Ctrl Pts',(231.517745566414,-177.809418873373,-50.7722075045861));
#7601=CARTESIAN_POINT('Ctrl Pts',(230.97101228956,-177.809418873373,-50.7788166379703));
#7602=CARTESIAN_POINT('Ctrl Pts',(229.694089225002,-177.452621194513,-50.7938921671506));
#7603=CARTESIAN_POINT('Ctrl Pts',(228.852083302364,-176.367710135858,-50.8033530879982));
#7604=CARTESIAN_POINT('Ctrl Pts',(228.641938444872,-175.656834867961,-50.8057105064057));
#7605=CARTESIAN_POINT('Ctrl Pts',(231.529816528647,-176.861745820642,-51.7707645547642));
#7606=CARTESIAN_POINT('Ctrl Pts',(231.159266714102,-176.861745820642,-51.7752439110673));
#7607=CARTESIAN_POINT('Ctrl Pts',(230.29380734739,-176.614988761893,-51.785705934572));
#7608=CARTESIAN_POINT('Ctrl Pts',(229.736355698668,-175.872776781901,-51.7924446359783));
#7609=CARTESIAN_POINT('Ctrl Pts',(229.603288736471,-175.393333249013,-51.7940532033354));
#7610=CARTESIAN_POINT('',(229.603288736471,-175.393333249013,-51.7940532033354));
#7611=CARTESIAN_POINT('',(226.719237861674,-176.183838105858,-48.8290251125462));
#7612=CARTESIAN_POINT('',(229.603288736471,-175.393333249013,-51.7940532033354));
#7613=CARTESIAN_POINT('Ctrl Pts',(226.719237861674,-176.183838105858,-48.8290251125462));
#7614=CARTESIAN_POINT('Ctrl Pts',(227.083538509754,-177.35757684377,-48.8251699920381));
#7615=CARTESIAN_POINT('Ctrl Pts',(228.494652980225,-179.127886059754,-48.8102646323077));
#7616=CARTESIAN_POINT('Ctrl Pts',(230.594503440477,-179.704764978837,-48.7859620917762));
#7617=CARTESIAN_POINT('Ctrl Pts',(231.493603641949,-179.704764978837,-48.7750934042299));
#7618=CARTESIAN_POINT('Ctrl Pts',(231.529816528647,-176.861745820642,-51.7707645547642));
#7619=CARTESIAN_POINT('Ctrl Pts',(231.159266714102,-176.861745820642,-51.7752439110673));
#7620=CARTESIAN_POINT('Ctrl Pts',(230.29380734739,-176.614988761893,-51.785705934572));
#7621=CARTESIAN_POINT('Ctrl Pts',(229.736355698668,-175.872776781901,-51.7924446359783));
#7622=CARTESIAN_POINT('Ctrl Pts',(229.603288736471,-175.393333249013,-51.7940532033354));
#7623=CARTESIAN_POINT('Ctrl Pts',(323.88717635721,-174.697690258112,-47.6540921801136));
#7624=CARTESIAN_POINT('Ctrl Pts',(323.88717635721,-174.750088991285,-47.6540921801136));
#7625=CARTESIAN_POINT('Ctrl Pts',(323.886355181914,-174.802487724459,-47.6541017689149));
#7626=CARTESIAN_POINT('Ctrl Pts',(323.884711645147,-174.854886457632,-47.6541229872515));
#7627=CARTESIAN_POINT('Ctrl Pts',(322.899336936028,-174.697690258112,-48.6661066454055));
#7628=CARTESIAN_POINT('Ctrl Pts',(322.899336936028,-174.750088991285,-48.6661066454055));
#7629=CARTESIAN_POINT('Ctrl Pts',(322.898789485831,-174.802487724459,-48.6661130379397));
#7630=CARTESIAN_POINT('Ctrl Pts',(322.897693794653,-174.854886457632,-48.6661271834974));
#7631=CARTESIAN_POINT('Ctrl Pts',(321.911497514847,-174.697690258112,-49.6781211106974));
#7632=CARTESIAN_POINT('Ctrl Pts',(321.911497514847,-174.750088991285,-49.6781211106974));
#7633=CARTESIAN_POINT('Ctrl Pts',(321.911223789748,-174.802487724459,-49.6781243069644));
#7634=CARTESIAN_POINT('Ctrl Pts',(321.910675944159,-174.854886457632,-49.6781313797433));
#7635=CARTESIAN_POINT('Ctrl Pts',(320.923658093666,-174.697690258112,-50.6901355759892));
#7636=CARTESIAN_POINT('Ctrl Pts',(320.923658093666,-174.750088991285,-50.6901355759892));
#7637=CARTESIAN_POINT('Ctrl Pts',(320.923658093666,-174.802487724459,-50.6901355759892));
#7638=CARTESIAN_POINT('Ctrl Pts',(320.923658093666,-174.854886457632,-50.6901355759892));
#7639=CARTESIAN_POINT('Ctrl Pts',(323.884711645147,-174.854886457632,-47.6541229872515));
#7640=CARTESIAN_POINT('Ctrl Pts',(323.886355181914,-174.802487724459,-47.6541017689149));
#7641=CARTESIAN_POINT('Ctrl Pts',(323.88717635721,-174.750088991285,-47.6540921801136));
#7642=CARTESIAN_POINT('Ctrl Pts',(323.88717635721,-174.697690258112,-47.6540921801136));
#7643=CARTESIAN_POINT('Ctrl Pts',(320.923658093666,-174.697690258112,-50.6901355759892));
#7644=CARTESIAN_POINT('Ctrl Pts',(320.923658093666,-174.750088991285,-50.6901355759892));
#7645=CARTESIAN_POINT('Ctrl Pts',(320.923658093666,-174.802487724459,-50.6901355759892));
#7646=CARTESIAN_POINT('Ctrl Pts',(320.923658093666,-174.854886457632,-50.6901355759892));
#7647=CARTESIAN_POINT('Origin',(224.207973260122,-161.549063251578,-50.3593116576495));
#7648=CARTESIAN_POINT('',(226.676528534882,-176.038512705153,-48.8295084559231));
#7649=CARTESIAN_POINT('',(229.5627845949,-175.247395832158,-51.7945428338108));
#7650=CARTESIAN_POINT('',(226.676528534882,-176.038512705153,-48.8295084559231));
#7651=CARTESIAN_POINT('',(210.17580868826,-105.395645501097,-52.0289004540759));
#7652=CARTESIAN_POINT('',(225.651101290131,-161.15350481508,-51.8418288465934));
#7653=CARTESIAN_POINT('',(207.289552628243,-106.186762374092,-49.0638660761881));
#7654=CARTESIAN_POINT('',(210.17580868826,-105.395645501097,-52.0289004540759));
#7655=CARTESIAN_POINT('',(222.764845230114,-161.944621688075,-48.8767944687056));
#7656=CARTESIAN_POINT('Ctrl Pts',(226.719237861674,-176.183838105858,-48.8290251125462));
#7657=CARTESIAN_POINT('Ctrl Pts',(226.704266023179,-176.135600401887,-48.8291835482831));
#7658=CARTESIAN_POINT('Ctrl Pts',(226.690029915406,-176.087158510771,-48.8293452457646));
#7659=CARTESIAN_POINT('Ctrl Pts',(226.676528534882,-176.038512705153,-48.8295084559231));
#7660=CARTESIAN_POINT('Ctrl Pts',(227.680588153273,-175.92033648691,-49.8173678094759));
#7661=CARTESIAN_POINT('Ctrl Pts',(227.666106467435,-175.871962749056,-49.8175278366867));
#7662=CARTESIAN_POINT('Ctrl Pts',(227.652115268745,-175.82345288644,-49.8176900383939));
#7663=CARTESIAN_POINT('Ctrl Pts',(227.638613888221,-175.774807080821,-49.8178532485523));
#7664=CARTESIAN_POINT('Ctrl Pts',(228.641938444872,-175.656834867961,-50.8057105064057));
#7665=CARTESIAN_POINT('Ctrl Pts',(228.627946911691,-175.608325096225,-50.8058721250903));
#7666=CARTESIAN_POINT('Ctrl Pts',(228.614200622084,-175.559747262108,-50.8060348310231));
#7667=CARTESIAN_POINT('Ctrl Pts',(228.600699241561,-175.51110145649,-50.8061980411816));
#7668=CARTESIAN_POINT('Ctrl Pts',(229.603288736471,-175.393333249013,-51.7940532033354));
#7669=CARTESIAN_POINT('Ctrl Pts',(229.589787355947,-175.344687443395,-51.7942164134939));
#7670=CARTESIAN_POINT('Ctrl Pts',(229.576285975424,-175.296041637776,-51.7943796236524));
#7671=CARTESIAN_POINT('Ctrl Pts',(229.5627845949,-175.247395832158,-51.7945428338108));
#7672=CARTESIAN_POINT('Ctrl Pts',(226.676528534882,-176.038512705153,-48.8295084559231));
#7673=CARTESIAN_POINT('Ctrl Pts',(226.690029915406,-176.087158510771,-48.8293452457646));
#7674=CARTESIAN_POINT('Ctrl Pts',(226.704266023179,-176.135600401887,-48.8291835482831));
#7675=CARTESIAN_POINT('Ctrl Pts',(226.719237861674,-176.183838105858,-48.8290251125462));
#7676=CARTESIAN_POINT('Ctrl Pts',(229.603288736471,-175.393333249013,-51.7940532033354));
#7677=CARTESIAN_POINT('Ctrl Pts',(229.589787355947,-175.344687443395,-51.7942164134939));
#7678=CARTESIAN_POINT('Ctrl Pts',(229.576285975424,-175.296041637776,-51.7943796236524));
#7679=CARTESIAN_POINT('Ctrl Pts',(229.5627845949,-175.247395832158,-51.7945428338108));
#7680=CARTESIAN_POINT('Ctrl Pts',(207.249048104021,-106.040823300398,-49.0643242704236));
#7681=CARTESIAN_POINT('Ctrl Pts',(207.04188300981,-105.294399608102,-49.0665160977744));
#7682=CARTESIAN_POINT('Ctrl Pts',(206.978745707953,-103.694866824247,-49.067202407642));
#7683=CARTESIAN_POINT('Ctrl Pts',(208.163024493705,-101.100032771208,-49.0548653345702));
#7684=CARTESIAN_POINT('Ctrl Pts',(209.985246957069,-99.9903058882988,-49.0346283121315));
#7685=CARTESIAN_POINT('Ctrl Pts',(211.171078470993,-99.7742370762105,-49.0206324617314));
#7686=CARTESIAN_POINT('Ctrl Pts',(208.219470854868,-105.805993964188,-50.052578757502));
#7687=CARTESIAN_POINT('Ctrl Pts',(208.05650460696,-105.206925491128,-50.054340447373));
#7688=CARTESIAN_POINT('Ctrl Pts',(208.013162808535,-103.92607276618,-50.0548131009808));
#7689=CARTESIAN_POINT('Ctrl Pts',(208.969284577919,-101.859362685637,-50.0445744261195));
#7690=CARTESIAN_POINT('Ctrl Pts',(210.422192196531,-100.980829304549,-50.0282049174841));
#7691=CARTESIAN_POINT('Ctrl Pts',(211.365971821795,-100.809726636771,-50.0170221012479));
#7692=CARTESIAN_POINT('Ctrl Pts',(209.189893605715,-105.571164627979,-51.0408332445804));
#7693=CARTESIAN_POINT('Ctrl Pts',(209.07112620411,-105.119451374154,-51.0421647969716));
#7694=CARTESIAN_POINT('Ctrl Pts',(209.047579909117,-104.157278708112,-51.0424237943196));
#7695=CARTESIAN_POINT('Ctrl Pts',(209.775544662134,-102.618692600066,-51.0342835176688));
#7696=CARTESIAN_POINT('Ctrl Pts',(210.859137435993,-101.971352720799,-51.0217815228367));
#7697=CARTESIAN_POINT('Ctrl Pts',(211.560865172598,-101.845216197332,-51.0134117407644));
#7698=CARTESIAN_POINT('Ctrl Pts',(210.160316356562,-105.336335291769,-52.0290877316588));
#7699=CARTESIAN_POINT('Ctrl Pts',(210.085747801259,-105.031977257181,-52.0299891465702));
#7700=CARTESIAN_POINT('Ctrl Pts',(210.081997009698,-104.388484650044,-52.0300344876583));
#7701=CARTESIAN_POINT('Ctrl Pts',(210.581804746348,-103.378022514495,-52.0239926092181));
#7702=CARTESIAN_POINT('Ctrl Pts',(211.296082675455,-102.96187613705,-52.0153581281892));
#7703=CARTESIAN_POINT('Ctrl Pts',(211.7557585234,-102.880705757893,-52.0098013802809));
#7704=CARTESIAN_POINT('',(207.24904810402,-106.040823300389,-49.0643242699242));
#7705=CARTESIAN_POINT('',(210.160316356561,-105.336335291766,-52.0290877316589));
#7706=CARTESIAN_POINT('',(207.24904810402,-106.040823300389,-49.0643242699242));
#7707=CARTESIAN_POINT('',(211.7557585234,-102.880705757893,-52.0098013802809));
#7708=CARTESIAN_POINT('Ctrl Pts',(210.160316356562,-105.336335291769,-52.0290877316588));
#7709=CARTESIAN_POINT('Ctrl Pts',(210.085747801259,-105.031977257181,-52.0299891465702));
#7710=CARTESIAN_POINT('Ctrl Pts',(210.081997009698,-104.388484650044,-52.0300344876583));
#7711=CARTESIAN_POINT('Ctrl Pts',(210.581804746348,-103.378022514495,-52.0239926092181));
#7712=CARTESIAN_POINT('Ctrl Pts',(211.296082675455,-102.96187613705,-52.0153581281892));
#7713=CARTESIAN_POINT('Ctrl Pts',(211.7557585234,-102.880705757893,-52.0098013802809));
#7714=CARTESIAN_POINT('',(211.171078470993,-99.7742370762105,-49.0206324617314));
#7715=CARTESIAN_POINT('',(211.7557585234,-102.880705757893,-52.0098013802809));
#7716=CARTESIAN_POINT('Ctrl Pts',(211.171078470993,-99.7742370762105,-49.0206324617314));
#7717=CARTESIAN_POINT('Ctrl Pts',(209.985246957069,-99.9903058882988,-49.0346283121315));
#7718=CARTESIAN_POINT('Ctrl Pts',(208.163024493705,-101.100032771208,-49.0548653345702));
#7719=CARTESIAN_POINT('Ctrl Pts',(206.978745707953,-103.694866824247,-49.067202407642));
#7720=CARTESIAN_POINT('Ctrl Pts',(207.04188300981,-105.294399608102,-49.0665160977744));
#7721=CARTESIAN_POINT('Ctrl Pts',(207.249048104021,-106.040823300398,-49.0643242704236));
#7722=CARTESIAN_POINT('Ctrl Pts',(207.289552628243,-106.186762374092,-49.0638660761881));
#7723=CARTESIAN_POINT('Ctrl Pts',(207.276055424771,-106.138131618494,-49.0640292358527));
#7724=CARTESIAN_POINT('Ctrl Pts',(207.262558090857,-106.089500295035,-49.0641813334172));
#7725=CARTESIAN_POINT('Ctrl Pts',(207.249048104019,-106.040823300391,-49.0643242704237));
#7726=CARTESIAN_POINT('Ctrl Pts',(208.251637981582,-105.92305674976,-50.0522108688174));
#7727=CARTESIAN_POINT('Ctrl Pts',(208.240818343325,-105.884073327393,-50.0523416609887));
#7728=CARTESIAN_POINT('Ctrl Pts',(208.230098474689,-105.845061390844,-50.0524638713198));
#7729=CARTESIAN_POINT('Ctrl Pts',(208.219470854866,-105.805993964182,-50.0525787575021));
#7730=CARTESIAN_POINT('Ctrl Pts',(209.213723334921,-105.659351125429,-51.0405556614466));
#7731=CARTESIAN_POINT('Ctrl Pts',(209.20558126188,-105.630015036293,-51.0406540861247));
#7732=CARTESIAN_POINT('Ctrl Pts',(209.197638858522,-105.600622486653,-51.0407464092224));
#7733=CARTESIAN_POINT('Ctrl Pts',(209.189893605714,-105.571164627974,-51.0408332445805));
#7734=CARTESIAN_POINT('Ctrl Pts',(210.17580868826,-105.395645501097,-52.0289004540759));
#7735=CARTESIAN_POINT('Ctrl Pts',(210.170344180434,-105.375956745192,-52.0289665112607));
#7736=CARTESIAN_POINT('Ctrl Pts',(210.165179242354,-105.356183582462,-52.029028947125));
#7737=CARTESIAN_POINT('Ctrl Pts',(210.160316356561,-105.336335291766,-52.0290877316589));
#7738=CARTESIAN_POINT('Ctrl Pts',(207.249048104019,-106.040823300391,-49.0643242704237));
#7739=CARTESIAN_POINT('Ctrl Pts',(207.262558090857,-106.089500295035,-49.0641813334172));
#7740=CARTESIAN_POINT('Ctrl Pts',(207.276055424771,-106.138131618494,-49.0640292358527));
#7741=CARTESIAN_POINT('Ctrl Pts',(207.289552628243,-106.186762374092,-49.0638660761881));
#7742=CARTESIAN_POINT('Ctrl Pts',(210.17580868826,-105.395645501097,-52.0289004540759));
#7743=CARTESIAN_POINT('Ctrl Pts',(210.170344180434,-105.375956745192,-52.0289665112607));
#7744=CARTESIAN_POINT('Ctrl Pts',(210.165179242354,-105.356183582462,-52.029028947125));
#7745=CARTESIAN_POINT('Ctrl Pts',(210.160316356561,-105.336335291766,-52.0290877316589));
#7746=CARTESIAN_POINT('Ctrl Pts',(211.171078470993,-99.7742370762105,-49.0206324617314));
#7747=CARTESIAN_POINT('Ctrl Pts',(211.180029562833,-99.7726061094517,-49.0205268159117));
#7748=CARTESIAN_POINT('Ctrl Pts',(211.188984951665,-99.770999568053,-49.0204198397409));
#7749=CARTESIAN_POINT('Ctrl Pts',(211.197944637257,-99.7694174508286,-49.0203115314311));
#7750=CARTESIAN_POINT('Ctrl Pts',(211.365971821795,-100.809726636771,-50.0170221012479));
#7751=CARTESIAN_POINT('Ctrl Pts',(211.37492577822,-100.808111953191,-50.0169155679315));
#7752=CARTESIAN_POINT('Ctrl Pts',(211.383882599305,-100.806513553183,-50.0168081477143));
#7753=CARTESIAN_POINT('Ctrl Pts',(211.392842284897,-100.804931435959,-50.0166998394045));
#7754=CARTESIAN_POINT('Ctrl Pts',(211.560865172598,-101.845216197332,-51.0134117407644));
#7755=CARTESIAN_POINT('Ctrl Pts',(211.569821993606,-101.843617796929,-51.0133043199513));
#7756=CARTESIAN_POINT('Ctrl Pts',(211.578780246945,-101.842027538314,-51.0131964556878));
#7757=CARTESIAN_POINT('Ctrl Pts',(211.587739932537,-101.840445421089,-51.0130881473779));
#7758=CARTESIAN_POINT('Ctrl Pts',(211.7557585234,-102.880705757893,-52.0098013802809));
#7759=CARTESIAN_POINT('Ctrl Pts',(211.764718208992,-102.879123640668,-52.0096930719711));
#7760=CARTESIAN_POINT('Ctrl Pts',(211.773677894585,-102.877541523444,-52.0095847636612));
#7761=CARTESIAN_POINT('Ctrl Pts',(211.782637580177,-102.87595940622,-52.0094764553513));
#7762=CARTESIAN_POINT('Ctrl Pts',(211.197944637257,-99.7694174508286,-49.0203115314311));
#7763=CARTESIAN_POINT('Ctrl Pts',(211.188984951665,-99.770999568053,-49.0204198397409));
#7764=CARTESIAN_POINT('Ctrl Pts',(211.180029562833,-99.7726061094517,-49.0205268159117));
#7765=CARTESIAN_POINT('Ctrl Pts',(211.171078470993,-99.7742370762105,-49.0206324617314));
#7766=CARTESIAN_POINT('Ctrl Pts',(211.7557585234,-102.880705757893,-52.0098013802809));
#7767=CARTESIAN_POINT('Ctrl Pts',(211.764718208992,-102.879123640668,-52.0096930719711));
#7768=CARTESIAN_POINT('Ctrl Pts',(211.773677894585,-102.877541523444,-52.0095847636612));
#7769=CARTESIAN_POINT('Ctrl Pts',(211.782637580177,-102.87595940622,-52.0094764553513));
#7770=CARTESIAN_POINT('Origin',(318.863449396028,-174.593251721291,-45.7215253692092));
#7771=CARTESIAN_POINT('',(318.869484877144,-179.626274557935,-46.2208038942983));
#7772=CARTESIAN_POINT('',(318.863449396028,-179.600111084301,-45.7215253692092));
#7773=CARTESIAN_POINT('',(323.869127873182,-174.619451087598,-46.1610512258642));
#7774=CARTESIAN_POINT('Ctrl Pts',(323.869127873182,-174.619451087598,-46.161051225866));
#7775=CARTESIAN_POINT('Ctrl Pts',(323.869127863506,-175.739275503998,-46.161050424815));
#7776=CARTESIAN_POINT('Ctrl Pts',(323.217004549522,-177.60281733692,-46.1687350491581));
#7777=CARTESIAN_POINT('Ctrl Pts',(321.114594929492,-179.282153168809,-46.1937603684868));
#7778=CARTESIAN_POINT('Ctrl Pts',(319.618843001293,-179.626274557935,-46.2117453496574));
#7779=CARTESIAN_POINT('Ctrl Pts',(318.869484877144,-179.626274557935,-46.2208038942983));
#7780=CARTESIAN_POINT('',(323.863084112211,-174.593251721291,-45.6610877589331));
#7781=CARTESIAN_POINT('Origin',(318.863449396028,-179.600111084301,-45.7215253692092));
#7782=CARTESIAN_POINT('',(231.475497198599,-179.626274557935,-47.2772578289628));
#7783=CARTESIAN_POINT('',(231.469461717483,-179.600111084301,-46.7779793038737));
#7784=CARTESIAN_POINT('',(288.522675978261,-179.626274557935,-46.587648416643));
#7785=CARTESIAN_POINT('Origin',(231.469461717483,-174.593251721291,-46.7779793038737));
#7786=CARTESIAN_POINT('',(226.658475886214,-175.960255481236,-47.3361229916364));
#7787=CARTESIAN_POINT('',(226.652432729454,-175.934058734068,-46.8362095021171));
#7788=CARTESIAN_POINT('Ctrl Pts',(231.475497198599,-179.626274557935,-47.2772578289628));
#7789=CARTESIAN_POINT('Ctrl Pts',(230.545963337826,-179.626274557935,-47.2884944109143));
#7790=CARTESIAN_POINT('Ctrl Pts',(228.375407235713,-179.005042167005,-47.314919835304));
#7791=CARTESIAN_POINT('Ctrl Pts',(226.989112828541,-177.151547727303,-47.3320382050485));
#7792=CARTESIAN_POINT('Ctrl Pts',(226.658475886214,-175.960255481236,-47.3361229916483));
#7793=CARTESIAN_POINT('Origin',(226.652432729454,-175.934058734068,-46.8362095021171));
#7794=CARTESIAN_POINT('',(207.230995848866,-105.962567780362,-47.5709711357049));
#7795=CARTESIAN_POINT('',(207.224952681243,-105.936370986152,-47.0710567528575));
#7796=CARTESIAN_POINT('',(226.651725206815,-175.935932625469,-47.3362054900437));
#7797=CARTESIAN_POINT('',(216.290560742382,-138.604402592423,-47.4614554443817));
#7798=CARTESIAN_POINT('Ctrl Pts',(226.658475886214,-175.960255481236,-47.3361229916483));
#7799=CARTESIAN_POINT('Ctrl Pts',(226.656225625422,-175.952147741629,-47.3361507920358));
#7800=CARTESIAN_POINT('Ctrl Pts',(226.653975417903,-175.944040191284,-47.3361782885803));
#7801=CARTESIAN_POINT('Ctrl Pts',(226.651725206815,-175.935932625469,-47.3362054900437));
#7802=CARTESIAN_POINT('Origin',(265.538244977789,-135.006163605976,-51.359656891626));
#7803=CARTESIAN_POINT('Origin',(196.555698085382,18.7414808891615,-45.6344610580638));
#7804=CARTESIAN_POINT('',(203.05449903789,18.3973157616234,-52.1245763833313));
#7805=CARTESIAN_POINT('',(198.212249609344,16.5519117877506,-47.1800059594928));
#7806=CARTESIAN_POINT('Origin',(200.185766942833,16.5519117877506,-49.1562954065083));
#7807=CARTESIAN_POINT('',(198.342814717005,13.9953974367716,-47.178427635567));
#7808=CARTESIAN_POINT('',(200.863893993777,-35.3682914269252,-47.1479518077407));
#7809=CARTESIAN_POINT('',(198.861729816998,13.4953974367716,-47.672191310627));
#7810=CARTESIAN_POINT('',(201.844095291901,10.6217428881383,-50.5100037721992));
#7811=CARTESIAN_POINT('',(197.096124269418,13.4953974367716,-45.9041056941181));
#7812=CARTESIAN_POINT('Origin',(222.336231488893,18.3973157616234,-51.891490988602));
#7813=CARTESIAN_POINT('',(226.62546580456,13.4953974367716,-47.3365720202826));
#7814=CARTESIAN_POINT('',(215.437658988351,13.4953974367716,-58.5393513161437));
#7815=CARTESIAN_POINT('',(227.157738896845,13.9953974367716,-46.8301011564181));
#7816=CARTESIAN_POINT('',(225.849529245995,12.7665079157613,-48.0748946310182));
#7817=CARTESIAN_POINT('',(227.294781840306,16.5519117877506,-46.8284445257884));
#7818=CARTESIAN_POINT('',(224.619779774351,-33.3498270236449,-46.8607810346591));
#7819=CARTESIAN_POINT('Origin',(225.272900246968,16.5519117877506,-48.8530319739471));
#7820=CARTESIAN_POINT('',(222.336231488893,18.3973157616234,-51.891490988602));
#7821=CARTESIAN_POINT('Origin',(203.05449903789,18.3973157616234,-52.1245763833313));
#7822=CARTESIAN_POINT('Origin',(193.568230274649,13.4953974367716,-50.2363639332471));
#7823=CARTESIAN_POINT('',(322.728572535681,13.4953974367715,-46.1748387256191));
#7824=CARTESIAN_POINT('',(322.758791340819,13.4953974367715,-48.6746560837107));
#7825=CARTESIAN_POINT('',(225.8569434144,13.4953974367716,-47.3458622303362));
#7826=CARTESIAN_POINT('Origin',(193.568230274649,13.4953974367716,-50.2363639332471));
#7827=CARTESIAN_POINT('',(193.538011469511,13.4953974367716,-47.7365465751555));
#7828=CARTESIAN_POINT('',(225.8569434144,13.4953974367716,-47.3458622303362));
#7829=CARTESIAN_POINT('',(193.568230274649,13.4953974367716,-50.2363639332471));
#7830=CARTESIAN_POINT('Origin',(225.853921533887,13.7453974367716,-47.0958804945271));
#7831=CARTESIAN_POINT('',(322.722528774653,13.9953974367715,-45.6748752540008));
#7832=CARTESIAN_POINT('',(322.728572535681,13.4953974367715,-46.1748387256191));
#7833=CARTESIAN_POINT('',(225.850899653373,13.9953974367716,-46.8458987587179));
#7834=CARTESIAN_POINT('Origin',(225.853921533887,13.7453974367716,-47.0958804945271));
#7835=CARTESIAN_POINT('',(193.531967708484,13.9953974367716,-47.2365831035371));
#7836=CARTESIAN_POINT('',(225.850899653373,13.9953974367716,-46.8458987587179));
#7837=CARTESIAN_POINT('',(193.538011469511,13.4953974367716,-47.7365465751555));
#7838=CARTESIAN_POINT('Origin',(258.169831598262,-86.770025749662,-46.4552144138987));
#7839=CARTESIAN_POINT('',(193.032004236865,16.5519117877506,-47.2426268645648));
#7840=CARTESIAN_POINT('',(290.446180186457,16.5519117877506,-46.0650448339497));
#7841=CARTESIAN_POINT('',(180.032953974789,3.53407744392745,-47.3997646512828));
#7842=CARTESIAN_POINT('Origin',(193.032004236865,3.53407744392626,-47.2426268645648));
#7843=CARTESIAN_POINT('',(180.032953974785,-42.4019342109719,-47.3997646512829));
#7844=CARTESIAN_POINT('',(180.032953974785,-42.291736415063,-47.3997646512829));
#7845=CARTESIAN_POINT('',(182.757818263408,-66.0279904744929,-47.3668253876606));
#7846=CARTESIAN_POINT('Origin',(283.525392599781,-42.4019342109906,-46.148706118566));
#7847=CARTESIAN_POINT('',(215.522551539829,-184.080129163362,-46.9707520157094));
#7848=CARTESIAN_POINT('',(188.206782470153,-85.6607423366382,-47.3009561004365));
#7849=CARTESIAN_POINT('',(223.229797921835,-189.945812924617,-46.8775836985061));
#7850=CARTESIAN_POINT('Origin',(223.229797921835,-181.934837942596,-46.8775836985061));
#7851=CARTESIAN_POINT('',(328.222126961682,-189.945812924617,-45.6083938827063));
#7852=CARTESIAN_POINT('',(240.699814760048,-189.945812924617,-46.6663990562024));
#7853=CARTESIAN_POINT('',(336.221542508348,-181.934837943028,-45.5116937062551));
#7854=CARTESIAN_POINT('Origin',(328.222126961682,-181.934837943028,-45.6083938827063));
#7855=CARTESIAN_POINT('',(336.221542508347,3.53407744392613,-45.5116937062551));
#7856=CARTESIAN_POINT('',(336.221542508348,-134.522619515552,-45.5116937062551));
#7857=CARTESIAN_POINT('',(323.222492246271,16.5519117877505,-45.6688314929731));
#7858=CARTESIAN_POINT('Origin',(323.222492246271,3.53407744392618,-45.6688314929731));
#7859=CARTESIAN_POINT('',(290.446180186457,16.5519117877506,-46.0650448339497));
#7860=CARTESIAN_POINT('',(333.721725150256,2.98099277445187,-45.5419125113932));
#7861=CARTESIAN_POINT('Ctrl Pts',(333.721725150256,2.98099277445187,-45.5419125113932));
#7862=CARTESIAN_POINT('Ctrl Pts',(333.721725150256,4.6286413835284,-45.5419125113932));
#7863=CARTESIAN_POINT('Ctrl Pts',(332.968936175803,7.91769023831916,-45.5510125295427));
#7864=CARTESIAN_POINT('Ctrl Pts',(329.28944011022,12.5500595859513,-45.5954917688968));
#7865=CARTESIAN_POINT('Ctrl Pts',(325.190896582081,13.9953974367715,-45.6450366237743));
#7866=CARTESIAN_POINT('Ctrl Pts',(322.722528774653,13.9953974367715,-45.6748752540008));
#7867=CARTESIAN_POINT('',(333.721725150256,-66.7144895586385,-45.5419125113932));
#7868=CARTESIAN_POINT('',(333.721725150256,-41.8945164876051,-45.5419125113932));
#7869=CARTESIAN_POINT('',(322.722528774653,-77.7288942209582,-45.6748752540008));
#7870=CARTESIAN_POINT('Ctrl Pts',(322.722528774653,-77.7288942209582,-45.6748752540008));
#7871=CARTESIAN_POINT('Ctrl Pts',(325.190896582081,-77.7288942209582,-45.6450366237743));
#7872=CARTESIAN_POINT('Ctrl Pts',(329.289405156325,-76.283474080545,-45.5954921914337));
#7873=CARTESIAN_POINT('Ctrl Pts',(332.968911284111,-71.6511460859957,-45.5510128304436));
#7874=CARTESIAN_POINT('Ctrl Pts',(333.721725150256,-68.3621381677151,-45.5419125113932));
#7875=CARTESIAN_POINT('Ctrl Pts',(333.721725150256,-66.7144895586385,-45.5419125113932));
#7876=CARTESIAN_POINT('',(265.214278209892,-77.7288942209582,-46.3700582888828));
#7877=CARTESIAN_POINT('',(290.446180186457,-77.7288942209582,-46.0650448339497));
#7878=CARTESIAN_POINT('',(205.552286949259,-88.2641147976396,-47.0912766139815));
#7879=CARTESIAN_POINT('',(261.046110050624,-78.4649167711736,-46.4204447945129));
#7880=CARTESIAN_POINT('',(188.529717036411,-77.6122978030369,-47.2970523365481));
#7881=CARTESIAN_POINT('Ctrl Pts',(188.529717036411,-77.6122978030369,-47.2970523365481));
#7882=CARTESIAN_POINT('Ctrl Pts',(189.106921692772,-79.628158444438,-47.2900748527816));
#7883=CARTESIAN_POINT('Ctrl Pts',(191.11752412644,-83.4076931410361,-47.2657698758774));
#7884=CARTESIAN_POINT('Ctrl Pts',(197.020594215865,-88.0363196004714,-47.1944111727419));
#7885=CARTESIAN_POINT('Ctrl Pts',(202.458519528152,-88.8104177537701,-47.1286753281469));
#7886=CARTESIAN_POINT('Ctrl Pts',(205.552286949259,-88.2641147976396,-47.0912766139815));
#7887=CARTESIAN_POINT('',(186.445004206414,-70.3315343921684,-47.3222531899523));
#7888=CARTESIAN_POINT('',(192.380224931201,-91.0600190384355,-47.2505058369094));
#7889=CARTESIAN_POINT('',(182.532771332876,-42.4543329441457,-47.3695458461448));
#7890=CARTESIAN_POINT('Ctrl Pts',(182.532771332876,-42.4543329441457,-47.3695458461448));
#7891=CARTESIAN_POINT('Ctrl Pts',(182.532771332875,-51.8686099057314,-47.3695458461448));
#7892=CARTESIAN_POINT('Ctrl Pts',(183.853818153455,-61.281936608881,-47.3535764968961));
#7893=CARTESIAN_POINT('Ctrl Pts',(186.445004206414,-70.3315343921685,-47.3222531899523));
#7894=CARTESIAN_POINT('',(182.53277133288,2.98099277445372,-47.3695458461447));
#7895=CARTESIAN_POINT('',(182.532771332874,-64.6121793469004,-47.3695458461448));
#7896=CARTESIAN_POINT('',(186.932186697869,11.7923189655737,-47.3163639305917));
#7897=CARTESIAN_POINT('Ctrl Pts',(186.932186697869,11.7923189655737,-47.3163639305917));
#7898=CARTESIAN_POINT('Ctrl Pts',(185.3779846781,10.624983043586,-47.3351517543615));
#7899=CARTESIAN_POINT('Ctrl Pts',(183.216032032127,7.84521023884671,-47.3612863139584));
#7900=CARTESIAN_POINT('Ctrl Pts',(182.532771332881,4.43998842851879,-47.3695458461447));
#7901=CARTESIAN_POINT('Ctrl Pts',(182.53277133288,2.98099277445372,-47.3695458461447));
#7902=CARTESIAN_POINT('Ctrl Pts',(193.531967708484,13.9953974367716,-47.2365831035371));
#7903=CARTESIAN_POINT('Ctrl Pts',(191.166821904549,13.9953974367717,-47.2651739443603));
#7904=CARTESIAN_POINT('Ctrl Pts',(188.823266803434,13.2126785523609,-47.2935037880194));
#7905=CARTESIAN_POINT('Ctrl Pts',(186.932186697869,11.792318965574,-47.3163639305917));
#7906=CARTESIAN_POINT('',(211.081917415367,-99.1732636051435,-47.0244322003286));
#7907=CARTESIAN_POINT('',(206.743202481934,-106.070097689718,-47.0768803444695));
#7908=CARTESIAN_POINT('Ctrl Pts',(211.081917415367,-99.1732636051435,-47.0244322003286));
#7909=CARTESIAN_POINT('Ctrl Pts',(210.222380008552,-99.3258541055018,-47.0348226367824));
#7910=CARTESIAN_POINT('Ctrl Pts',(208.581503201033,-100.048935897285,-47.0546582205068));
#7911=CARTESIAN_POINT('Ctrl Pts',(206.597320959844,-102.493418547313,-47.078643819419));
#7912=CARTESIAN_POINT('Ctrl Pts',(206.392668626044,-104.80711559792,-47.0811177397541));
#7913=CARTESIAN_POINT('Ctrl Pts',(206.743202481934,-106.070097689719,-47.0768803444695));
#7914=CARTESIAN_POINT('',(211.086870961736,-99.1723865599234,-47.0243723198529));
#7915=CARTESIAN_POINT('Ctrl Pts',(211.086870961736,-99.1723865599235,-47.0243723198529));
#7916=CARTESIAN_POINT('Ctrl Pts',(211.085219646713,-99.1726781520685,-47.024392281618));
#7917=CARTESIAN_POINT('Ctrl Pts',(211.083568464937,-99.1729705004136,-47.0244122417724));
#7918=CARTESIAN_POINT('Ctrl Pts',(211.081917417097,-99.1732636048365,-47.0244322003077));
#7919=CARTESIAN_POINT('',(266.642092335256,-89.3623467173115,-46.3527982931923));
#7920=CARTESIAN_POINT('',(234.978352341965,-94.9535862663693,-46.7355624122201));
#7921=CARTESIAN_POINT('',(318.863449396028,-89.3623467173115,-45.7215253692092));
#7922=CARTESIAN_POINT('',(262.427862081622,-89.3623467173115,-46.4037416160832));
#7923=CARTESIAN_POINT('',(324.363047583829,-94.8692060803209,-45.6550439979054));
#7924=CARTESIAN_POINT('Ctrl Pts',(324.363047583829,-94.8692060803209,-45.6550439979054));
#7925=CARTESIAN_POINT('Ctrl Pts',(324.363047583829,-93.6336234418223,-45.6550439979054));
#7926=CARTESIAN_POINT('Ctrl Pts',(323.641575689418,-91.5820121445829,-45.6637654425019));
#7927=CARTESIAN_POINT('Ctrl Pts',(321.32878062227,-89.739438186856,-45.6917234464065));
#7928=CARTESIAN_POINT('Ctrl Pts',(319.686289969338,-89.3623467173115,-45.7115785389482));
#7929=CARTESIAN_POINT('Ctrl Pts',(318.863449396028,-89.3623467173115,-45.7215253692092));
#7930=CARTESIAN_POINT('',(324.363047583829,-94.8954054469076,-45.6550439979054));
#7931=CARTESIAN_POINT('Ctrl Pts',(324.363047583829,-94.8954054469077,-45.6550439979054));
#7932=CARTESIAN_POINT('Ctrl Pts',(324.363047583829,-94.8866723247121,-45.6550439979054));
#7933=CARTESIAN_POINT('Ctrl Pts',(324.363047583829,-94.8779392025165,-45.6550439979054));
#7934=CARTESIAN_POINT('Ctrl Pts',(324.363047583829,-94.8692060803209,-45.6550439979054));
#7935=CARTESIAN_POINT('',(324.363047583829,-174.593251721291,-45.6550439979055));
#7936=CARTESIAN_POINT('',(324.363047583829,-90.8196159149914,-45.6550439979054));
#7937=CARTESIAN_POINT('',(324.362972311605,-174.622063457288,-45.6550449078266));
#7938=CARTESIAN_POINT('Ctrl Pts',(324.362972311605,-174.622063457288,-45.6550449078266));
#7939=CARTESIAN_POINT('Ctrl Pts',(324.363022492974,-174.612459632877,-45.6550443012139));
#7940=CARTESIAN_POINT('Ctrl Pts',(324.363047583829,-174.602855677085,-45.6550439979055));
#7941=CARTESIAN_POINT('Ctrl Pts',(324.363047583829,-174.593251721291,-45.6550439979055));
#7942=CARTESIAN_POINT('',(318.863449396028,-180.100111084301,-45.7215253692092));
#7943=CARTESIAN_POINT('Ctrl Pts',(318.863449396028,-180.100111084301,-45.7215253692092));
#7944=CARTESIAN_POINT('Ctrl Pts',(319.68354891738,-180.100111084301,-45.7116116738949));
#7945=CARTESIAN_POINT('Ctrl Pts',(321.320591564182,-179.725556938714,-45.6918224390589));
#7946=CARTESIAN_POINT('Ctrl Pts',(323.629349534465,-177.894600086898,-45.663913237217));
#7947=CARTESIAN_POINT('Ctrl Pts',(324.356537808582,-175.853513268183,-45.6551226907064));
#7948=CARTESIAN_POINT('Ctrl Pts',(324.362972311605,-174.622063457288,-45.6550449078266));
#7949=CARTESIAN_POINT('',(231.469461717483,-180.100111084301,-46.7779793038737));
#7950=CARTESIAN_POINT('',(288.516640497145,-180.100111084301,-46.088369891554));
#7951=CARTESIAN_POINT('',(226.178163335085,-176.09447832973,-46.8419426627278));
#7952=CARTESIAN_POINT('Ctrl Pts',(226.178163335085,-176.09447832973,-46.8419426627278));
#7953=CARTESIAN_POINT('Ctrl Pts',(226.54784092431,-177.40090557902,-46.8374738502377));
#7954=CARTESIAN_POINT('Ctrl Pts',(228.076672225953,-179.424447158929,-46.8189927179887));
#7955=CARTESIAN_POINT('Ctrl Pts',(230.452177391425,-180.100111084301,-46.7902766490057));
#7956=CARTESIAN_POINT('Ctrl Pts',(231.469461717483,-180.100111084301,-46.7779793038737));
#7957=CARTESIAN_POINT('',(226.170682530145,-176.067785437634,-46.8420330937291));
#7958=CARTESIAN_POINT('Ctrl Pts',(226.170682530145,-176.067785437634,-46.8420330937291));
#7959=CARTESIAN_POINT('Ctrl Pts',(226.173153757894,-176.076689331905,-46.8420032205267));
#7960=CARTESIAN_POINT('Ctrl Pts',(226.175647370055,-176.085587000178,-46.8419730767325));
#7961=CARTESIAN_POINT('Ctrl Pts',(226.178163335085,-176.09447832973,-46.8419426627278));
#7962=CARTESIAN_POINT('',(206.749953172196,-106.094420592528,-47.0767987393903));
#7963=CARTESIAN_POINT('',(215.809518065712,-138.736255404588,-46.9672830480671));
#7964=CARTESIAN_POINT('Ctrl Pts',(206.743202481934,-106.070097689718,-47.0768803444695));
#7965=CARTESIAN_POINT('Ctrl Pts',(206.745452712021,-106.078205323988,-47.0768531427764));
#7966=CARTESIAN_POINT('Ctrl Pts',(206.747702942109,-106.086312958258,-47.0768259410833));
#7967=CARTESIAN_POINT('Ctrl Pts',(206.749953172196,-106.094420592528,-47.0767987393903));
#7968=CARTESIAN_POINT('Origin',(290.470355230568,16.5519117877506,-48.064898720423));
#7969=CARTESIAN_POINT('Origin',(323.246667290382,16.5519117877505,-47.6686853794464));
#7970=CARTESIAN_POINT('Origin',(290.470355230568,16.5519117877506,-48.064898720423));
#7971=CARTESIAN_POINT('Origin',(193.056179280976,16.5519117877506,-49.242480751038));
#7972=CARTESIAN_POINT('Origin',(262.43087982218,-89.6254284541286,-46.6533808786277));
#7973=CARTESIAN_POINT('',(266.691809027259,-89.8885101909456,-46.8515487821047));
#7974=CARTESIAN_POINT('',(318.869484877144,-89.8885101909456,-46.2208038942983));
#7975=CARTESIAN_POINT('',(262.433897562738,-89.8885101909456,-46.9030201411722));
#7976=CARTESIAN_POINT('',(318.869484877144,-89.8885101909456,-46.2208038942983));
#7977=CARTESIAN_POINT('',(266.642092335256,-89.3623467173115,-46.3527982931923));
#7978=CARTESIAN_POINT('Ctrl Pts',(318.863449396028,-89.3623467173115,-45.7215253692092));
#7979=CARTESIAN_POINT('Ctrl Pts',(319.686289969338,-89.3623467173115,-45.7115785389482));
#7980=CARTESIAN_POINT('Ctrl Pts',(321.32878062227,-89.739438186856,-45.6917234464065));
#7981=CARTESIAN_POINT('Ctrl Pts',(323.641575689418,-91.5820121445829,-45.6637654425019));
#7982=CARTESIAN_POINT('Ctrl Pts',(324.363047583829,-93.6336234418223,-45.6550439979054));
#7983=CARTESIAN_POINT('Ctrl Pts',(324.363047583829,-94.8692060803209,-45.6550439979054));
#7984=CARTESIAN_POINT('Ctrl Pts',(318.865461223067,-89.5377345418562,-45.8879515442389));
#7985=CARTESIAN_POINT('Ctrl Pts',(319.662029763536,-89.5377345418562,-45.8783223009561));
#7986=CARTESIAN_POINT('Ctrl Pts',(321.252105618967,-89.9021566044966,-45.8591327686462));
#7987=CARTESIAN_POINT('Ctrl Pts',(323.493680895556,-91.6839284347951,-45.8321653097024));
#7988=CARTESIAN_POINT('Ctrl Pts',(324.196427980715,-93.670977230014,-45.8237367373542));
#7989=CARTESIAN_POINT('Ctrl Pts',(324.198384864213,-94.8692060803209,-45.8237133497021));
#7990=CARTESIAN_POINT('Ctrl Pts',(318.867473050106,-89.7131223664009,-46.0543777192686));
#7991=CARTESIAN_POINT('Ctrl Pts',(319.637769557734,-89.7131223664009,-46.0450660629641));
#7992=CARTESIAN_POINT('Ctrl Pts',(321.175430615663,-90.0648750221372,-46.0265420908858));
#7993=CARTESIAN_POINT('Ctrl Pts',(323.345786101694,-91.7858447250073,-46.000565176903));
#7994=CARTESIAN_POINT('Ctrl Pts',(324.029808377601,-93.7083310182057,-45.9924294768029));
#7995=CARTESIAN_POINT('Ctrl Pts',(324.033722144597,-94.8692060803209,-45.9923827014988));
#7996=CARTESIAN_POINT('Ctrl Pts',(318.869484877144,-89.8885101909456,-46.2208038942983));
#7997=CARTESIAN_POINT('Ctrl Pts',(319.613509351932,-89.8885101909456,-46.2118098249721));
#7998=CARTESIAN_POINT('Ctrl Pts',(321.09875561236,-90.2275934397777,-46.1939514131253));
#7999=CARTESIAN_POINT('Ctrl Pts',(323.197891307832,-91.8877610152196,-46.1689650441035));
#8000=CARTESIAN_POINT('Ctrl Pts',(323.863188774487,-93.7456848063974,-46.1611222162516));
#8001=CARTESIAN_POINT('Ctrl Pts',(323.86905942498,-94.8692060803209,-46.1610520532955));
#8002=CARTESIAN_POINT('',(323.86905942498,-94.8692060803209,-46.1610520532955));
#8003=CARTESIAN_POINT('',(323.86905942498,-94.8692060803209,-46.1610520532955));
#8004=CARTESIAN_POINT('Ctrl Pts',(318.869484877144,-89.8885101909456,-46.2208038942983));
#8005=CARTESIAN_POINT('Ctrl Pts',(319.613509351932,-89.8885101909456,-46.2118098249721));
#8006=CARTESIAN_POINT('Ctrl Pts',(321.09875561236,-90.2275934397777,-46.1939514131253));
#8007=CARTESIAN_POINT('Ctrl Pts',(323.197891307832,-91.8877610152196,-46.1689650441035));
#8008=CARTESIAN_POINT('Ctrl Pts',(323.863188774487,-93.7456848063974,-46.1611222162516));
#8009=CARTESIAN_POINT('Ctrl Pts',(323.86905942498,-94.8692060803209,-46.1610520532955));
#8010=CARTESIAN_POINT('Origin',(235.027076753875,-95.2124647626519,-46.9846594892134));
#8011=CARTESIAN_POINT('',(211.184319785556,-99.6901435524886,-47.5225664738397));
#8012=CARTESIAN_POINT('',(211.086870961736,-99.1723865599234,-47.0243723198529));
#8013=CARTESIAN_POINT('',(266.691928295934,-89.8885112739706,-46.8515680107611));
#8014=CARTESIAN_POINT('',(235.075801165785,-95.4713432589345,-47.2337565662068));
#8015=CARTESIAN_POINT('',(251.253569619064,-89.7483225158989,-44.3625750142961));
#8016=CARTESIAN_POINT('Origin',(324.116087728534,-90.8196159149914,-45.9080476142284));
#8017=CARTESIAN_POINT('',(323.869127873239,-94.8954054469076,-46.1610512305514));
#8018=CARTESIAN_POINT('',(324.363047583829,-94.8954054469076,-45.6550439979054));
#8019=CARTESIAN_POINT('',(323.869127873239,-174.593251721291,-46.1610512305514));
#8020=CARTESIAN_POINT('',(323.869127873239,-90.8196159149914,-46.1610512305514));
#8021=CARTESIAN_POINT('',(323.869127873239,-174.593251721291,-46.1610512305514));
#8022=CARTESIAN_POINT('Ctrl Pts',(324.363047583829,-94.8692060803209,-45.6550439979054));
#8023=CARTESIAN_POINT('Ctrl Pts',(324.363047583829,-94.8779392025165,-45.6550439979054));
#8024=CARTESIAN_POINT('Ctrl Pts',(324.363047583829,-94.8866723247121,-45.6550439979054));
#8025=CARTESIAN_POINT('Ctrl Pts',(324.363047583829,-94.8954054469077,-45.6550439979054));
#8026=CARTESIAN_POINT('Ctrl Pts',(324.198384864213,-94.8692060803209,-45.8237133497021));
#8027=CARTESIAN_POINT('Ctrl Pts',(324.198400075053,-94.8779392025165,-45.8237131679101));
#8028=CARTESIAN_POINT('Ctrl Pts',(324.198407680299,-94.8866723247121,-45.8237130754541));
#8029=CARTESIAN_POINT('Ctrl Pts',(324.198407680299,-94.8954054469077,-45.8237130754541));
#8030=CARTESIAN_POINT('Ctrl Pts',(324.033722144597,-94.8692060803209,-45.9923827014988));
#8031=CARTESIAN_POINT('Ctrl Pts',(324.033752566277,-94.8779392025165,-45.9923823379147));
#8032=CARTESIAN_POINT('Ctrl Pts',(324.033767776769,-94.8866723247121,-45.9923821530027));
#8033=CARTESIAN_POINT('Ctrl Pts',(324.033767776769,-94.8954054469077,-45.9923821530027));
#8034=CARTESIAN_POINT('Ctrl Pts',(323.86905942498,-94.8692060803209,-46.1610520532955));
#8035=CARTESIAN_POINT('Ctrl Pts',(323.869105057501,-94.8779392025165,-46.1610515079194));
#8036=CARTESIAN_POINT('Ctrl Pts',(323.869127873239,-94.8866723247121,-46.1610512305514));
#8037=CARTESIAN_POINT('Ctrl Pts',(323.869127873239,-94.8954054469077,-46.1610512305514));
#8038=CARTESIAN_POINT('Ctrl Pts',(323.86905942498,-94.8692060803209,-46.1610520532955));
#8039=CARTESIAN_POINT('Ctrl Pts',(323.869105057501,-94.8779392025165,-46.1610515079194));
#8040=CARTESIAN_POINT('Ctrl Pts',(323.869127873239,-94.8866723247121,-46.1610512305514));
#8041=CARTESIAN_POINT('Ctrl Pts',(323.869127873239,-94.8954054469077,-46.1610512305514));
#8042=CARTESIAN_POINT('Ctrl Pts',(324.362972311605,-174.622063457288,-45.6550449078266));
#8043=CARTESIAN_POINT('Ctrl Pts',(324.356537808582,-175.853513268183,-45.6551226907064));
#8044=CARTESIAN_POINT('Ctrl Pts',(323.629349534465,-177.894600086898,-45.663913237217));
#8045=CARTESIAN_POINT('Ctrl Pts',(321.320591564182,-179.725556938714,-45.6918224390589));
#8046=CARTESIAN_POINT('Ctrl Pts',(319.68354891738,-180.100111084301,-45.7116116738949));
#8047=CARTESIAN_POINT('Ctrl Pts',(318.863449396028,-180.100111084301,-45.7215253692092));
#8048=CARTESIAN_POINT('Ctrl Pts',(324.198357498797,-174.621192667391,-45.8237136805064));
#8049=CARTESIAN_POINT('Ctrl Pts',(324.19406782689,-175.815434013455,-45.8237652687426));
#8050=CARTESIAN_POINT('Ctrl Pts',(323.491901206151,-177.797339170239,-45.8321871745307));
#8051=CARTESIAN_POINT('Ctrl Pts',(321.251926019285,-179.577755682079,-45.8591350822015));
#8052=CARTESIAN_POINT('Ctrl Pts',(319.661980278684,-179.942165575512,-45.8783228991491));
#8053=CARTESIAN_POINT('Ctrl Pts',(318.865461223067,-179.942165575512,-45.8879515442389));
#8054=CARTESIAN_POINT('Ctrl Pts',(324.03374268599,-174.620321877495,-45.9923824531862));
#8055=CARTESIAN_POINT('Ctrl Pts',(324.031597845198,-175.777354758726,-45.9924078467788));
#8056=CARTESIAN_POINT('Ctrl Pts',(323.354452877836,-177.70007825358,-46.0004611118444));
#8057=CARTESIAN_POINT('Ctrl Pts',(321.183260474389,-179.429954425444,-46.0264477253442));
#8058=CARTESIAN_POINT('Ctrl Pts',(319.640411639989,-179.784220066724,-46.0450341244033));
#8059=CARTESIAN_POINT('Ctrl Pts',(318.867473050106,-179.784220066724,-46.0543777192686));
#8060=CARTESIAN_POINT('Ctrl Pts',(323.869127873182,-174.619451087598,-46.161051225866));
#8061=CARTESIAN_POINT('Ctrl Pts',(323.869127863506,-175.739275503998,-46.161050424815));
#8062=CARTESIAN_POINT('Ctrl Pts',(323.217004549522,-177.60281733692,-46.1687350491581));
#8063=CARTESIAN_POINT('Ctrl Pts',(321.114594929492,-179.282153168809,-46.1937603684868));
#8064=CARTESIAN_POINT('Ctrl Pts',(319.618843001293,-179.626274557935,-46.2117453496574));
#8065=CARTESIAN_POINT('Ctrl Pts',(318.869484877144,-179.626274557935,-46.2208038942983));
#8066=CARTESIAN_POINT('',(324.362972311605,-174.622063457288,-45.6550449078266));
#8067=CARTESIAN_POINT('',(318.869484877144,-179.626274557935,-46.2208038942983));
#8068=CARTESIAN_POINT('Origin',(288.519658237703,-179.863192821118,-46.3380091540985));
#8069=CARTESIAN_POINT('',(231.475497198599,-179.626274557935,-47.2772578289628));
#8070=CARTESIAN_POINT('Ctrl Pts',(231.469461717483,-180.100111084301,-46.7779793038737));
#8071=CARTESIAN_POINT('Ctrl Pts',(230.452177391425,-180.100111084301,-46.7902766490057));
#8072=CARTESIAN_POINT('Ctrl Pts',(228.076672225953,-179.424447158929,-46.8189927179887));
#8073=CARTESIAN_POINT('Ctrl Pts',(226.54784092431,-177.40090557902,-46.8374738502377));
#8074=CARTESIAN_POINT('Ctrl Pts',(226.178163335085,-176.09447832973,-46.8419426627278));
#8075=CARTESIAN_POINT('Ctrl Pts',(231.471473544522,-179.942165575512,-46.9444054789034));
#8076=CARTESIAN_POINT('Ctrl Pts',(230.483439373558,-179.942165575512,-46.9563492363085));
#8077=CARTESIAN_POINT('Ctrl Pts',(228.17625056254,-179.284645494954,-46.9843017570938));
#8078=CARTESIAN_POINT('Ctrl Pts',(226.694931559053,-177.317786295114,-47.0023286351746));
#8079=CARTESIAN_POINT('Ctrl Pts',(226.338267518795,-176.049737380232,-47.0066694390346));
#8080=CARTESIAN_POINT('Ctrl Pts',(231.47348537156,-179.784220066724,-47.1108316539331));
#8081=CARTESIAN_POINT('Ctrl Pts',(230.514701355692,-179.784220066724,-47.1224218236114));
#8082=CARTESIAN_POINT('Ctrl Pts',(228.275828899126,-179.14484383098,-47.1496107961989));
#8083=CARTESIAN_POINT('Ctrl Pts',(226.842022193797,-177.234667011209,-47.1671834201116));
#8084=CARTESIAN_POINT('Ctrl Pts',(226.498371702505,-176.004996430734,-47.1713962153415));
#8085=CARTESIAN_POINT('Ctrl Pts',(231.475497198599,-179.626274557935,-47.2772578289628));
#8086=CARTESIAN_POINT('Ctrl Pts',(230.545963337826,-179.626274557935,-47.2884944109143));
#8087=CARTESIAN_POINT('Ctrl Pts',(228.375407235713,-179.005042167005,-47.314919835304));
#8088=CARTESIAN_POINT('Ctrl Pts',(226.989112828541,-177.151547727303,-47.3320382050485));
#8089=CARTESIAN_POINT('Ctrl Pts',(226.658475886214,-175.960255481236,-47.3361229916483));
#8090=CARTESIAN_POINT('',(226.658475886214,-175.960255481236,-47.3361229916364));
#8091=CARTESIAN_POINT('Ctrl Pts',(324.363047583829,-174.593251721291,-45.6550439979055));
#8092=CARTESIAN_POINT('Ctrl Pts',(324.363047583829,-174.602855677085,-45.6550439979055));
#8093=CARTESIAN_POINT('Ctrl Pts',(324.363022492974,-174.612459632877,-45.6550443012139));
#8094=CARTESIAN_POINT('Ctrl Pts',(324.362972311605,-174.622063457288,-45.6550449078266));
#8095=CARTESIAN_POINT('Ctrl Pts',(324.198407680299,-174.593251721291,-45.8237130754541));
#8096=CARTESIAN_POINT('Ctrl Pts',(324.198407680299,-174.602565372728,-45.8237130754541));
#8097=CARTESIAN_POINT('Ctrl Pts',(324.198390953068,-174.611879024164,-45.8237132781803));
#8098=CARTESIAN_POINT('Ctrl Pts',(324.198357498797,-174.621192667391,-45.8237136805064));
#8099=CARTESIAN_POINT('Ctrl Pts',(324.033767776769,-174.593251721291,-45.9923821530027));
#8100=CARTESIAN_POINT('Ctrl Pts',(324.033767776769,-174.602275068371,-45.9923821530027));
#8101=CARTESIAN_POINT('Ctrl Pts',(324.033759413163,-174.61129841545,-45.9923822551468));
#8102=CARTESIAN_POINT('Ctrl Pts',(324.03374268599,-174.620321877495,-45.9923824531862));
#8103=CARTESIAN_POINT('Ctrl Pts',(323.869127873239,-174.593251721291,-46.1610512305514));
#8104=CARTESIAN_POINT('Ctrl Pts',(323.869127873239,-174.601984764015,-46.1610512305514));
#8105=CARTESIAN_POINT('Ctrl Pts',(323.869127873258,-174.610717806736,-46.1610512321133));
#8106=CARTESIAN_POINT('Ctrl Pts',(323.869127873182,-174.619451087598,-46.161051225866));
#8107=CARTESIAN_POINT('Ctrl Pts',(323.869127873239,-174.593251721291,-46.1610512305514));
#8108=CARTESIAN_POINT('Ctrl Pts',(323.869127873239,-174.601984764015,-46.1610512305514));
#8109=CARTESIAN_POINT('Ctrl Pts',(323.869127873258,-174.610717806736,-46.1610512321133));
#8110=CARTESIAN_POINT('Ctrl Pts',(323.869127873182,-174.619451087598,-46.161051225866));
#8111=CARTESIAN_POINT('Origin',(216.050039404047,-138.670328998506,-47.2143692462244));
#8112=CARTESIAN_POINT('',(207.230995848866,-105.962567780362,-47.5709711357049));
#8113=CARTESIAN_POINT('',(226.170682530145,-176.067785437634,-46.8420330937291));
#8114=CARTESIAN_POINT('Ctrl Pts',(226.178163335085,-176.09447832973,-46.8419426627278));
#8115=CARTESIAN_POINT('Ctrl Pts',(226.175647370055,-176.085587000178,-46.8419730767325));
#8116=CARTESIAN_POINT('Ctrl Pts',(226.173153757894,-176.076689331905,-46.8420032205267));
#8117=CARTESIAN_POINT('Ctrl Pts',(226.170682530145,-176.067785437634,-46.8420330937291));
#8118=CARTESIAN_POINT('Ctrl Pts',(226.338267518795,-176.049737380232,-47.0066694390346));
#8119=CARTESIAN_POINT('Ctrl Pts',(226.335840121844,-176.041107247328,-47.0066989818336));
#8120=CARTESIAN_POINT('Ctrl Pts',(226.333427644563,-176.032472951698,-47.0067282432113));
#8121=CARTESIAN_POINT('Ctrl Pts',(226.331030089035,-176.023834500246,-47.006757225834));
#8122=CARTESIAN_POINT('Ctrl Pts',(226.498371702504,-176.004996430734,-47.1713962153415));
#8123=CARTESIAN_POINT('Ctrl Pts',(226.496032873633,-175.996627494479,-47.1714248869347));
#8124=CARTESIAN_POINT('Ctrl Pts',(226.493701531233,-175.988256571491,-47.1714532658958));
#8125=CARTESIAN_POINT('Ctrl Pts',(226.491377647925,-175.979883562857,-47.1714813579388));
#8126=CARTESIAN_POINT('Ctrl Pts',(226.658475886214,-175.960255481236,-47.3361229916483));
#8127=CARTESIAN_POINT('Ctrl Pts',(226.656225625422,-175.952147741629,-47.3361507920358));
#8128=CARTESIAN_POINT('Ctrl Pts',(226.653975417903,-175.944040191284,-47.3361782885803));
#8129=CARTESIAN_POINT('Ctrl Pts',(226.651725206815,-175.935932625469,-47.3362054900437));
#8130=CARTESIAN_POINT('Ctrl Pts',(206.743202481934,-106.070097689719,-47.0768803444695));
#8131=CARTESIAN_POINT('Ctrl Pts',(206.392668626044,-104.80711559792,-47.0811177397541));
#8132=CARTESIAN_POINT('Ctrl Pts',(206.597320959844,-102.493418547313,-47.078643819419));
#8133=CARTESIAN_POINT('Ctrl Pts',(208.581503201033,-100.048935897285,-47.0546582205068));
#8134=CARTESIAN_POINT('Ctrl Pts',(210.222380008552,-99.3258541055018,-47.0348226367824));
#8135=CARTESIAN_POINT('Ctrl Pts',(211.081917415367,-99.1732636051435,-47.0244322003286));
#8136=CARTESIAN_POINT('Ctrl Pts',(206.903570454687,-106.026141086736,-47.2416045253482));
#8137=CARTESIAN_POINT('Ctrl Pts',(206.565418446863,-104.800280105763,-47.2457200640163));
#8138=CARTESIAN_POINT('Ctrl Pts',(206.76813442254,-102.557317635435,-47.2432476680437));
#8139=CARTESIAN_POINT('Ctrl Pts',(208.69337766617,-100.192212905005,-47.2198340568794));
#8140=CARTESIAN_POINT('Ctrl Pts',(210.282398733422,-99.4933067320663,-47.2005669290099));
#8141=CARTESIAN_POINT('Ctrl Pts',(211.114558257742,-99.3458206090937,-47.1904950452874));
#8142=CARTESIAN_POINT('Ctrl Pts',(207.063938427441,-105.982184483754,-47.406328706227));
#8143=CARTESIAN_POINT('Ctrl Pts',(206.738168267681,-104.793444613606,-47.4103223882786));
#8144=CARTESIAN_POINT('Ctrl Pts',(206.938947885236,-102.621216723556,-47.4078515166684));
#8145=CARTESIAN_POINT('Ctrl Pts',(208.805252131307,-100.335489912724,-47.3850098932521));
#8146=CARTESIAN_POINT('Ctrl Pts',(210.342417458293,-99.6607593586308,-47.3663112212373));
#8147=CARTESIAN_POINT('Ctrl Pts',(211.147199100117,-99.5183776130439,-47.3565578902462));
#8148=CARTESIAN_POINT('Ctrl Pts',(207.224306400194,-105.938227880771,-47.5710528871057));
#8149=CARTESIAN_POINT('Ctrl Pts',(206.9109180885,-104.786609121448,-47.5749247125408));
#8150=CARTESIAN_POINT('Ctrl Pts',(207.109761347931,-102.685115811678,-47.5724553652931));
#8151=CARTESIAN_POINT('Ctrl Pts',(208.917126596444,-100.478766920444,-47.5501857296247));
#8152=CARTESIAN_POINT('Ctrl Pts',(210.402436183163,-99.8282119851953,-47.5320555134648));
#8153=CARTESIAN_POINT('Ctrl Pts',(211.179839942491,-99.6909346169942,-47.522620735205));
#8154=CARTESIAN_POINT('',(211.179839942492,-99.6909346169949,-47.5226207352195));
#8155=CARTESIAN_POINT('',(211.179839942492,-99.6909346169949,-47.5226207352195));
#8156=CARTESIAN_POINT('',(207.224306400194,-105.938227880771,-47.5710528871057));
#8157=CARTESIAN_POINT('',(206.743202481934,-106.070097689718,-47.0768803444695));
#8158=CARTESIAN_POINT('Ctrl Pts',(207.224306400194,-105.938227880771,-47.5710528871057));
#8159=CARTESIAN_POINT('Ctrl Pts',(206.9109180885,-104.786609121448,-47.5749247125408));
#8160=CARTESIAN_POINT('Ctrl Pts',(207.109761347931,-102.685115811678,-47.5724553652931));
#8161=CARTESIAN_POINT('Ctrl Pts',(208.917126596444,-100.478766920444,-47.5501857296247));
#8162=CARTESIAN_POINT('Ctrl Pts',(210.402436183163,-99.8282119851953,-47.5320555134648));
#8163=CARTESIAN_POINT('Ctrl Pts',(211.179839942491,-99.6909346169942,-47.522620735205));
#8164=CARTESIAN_POINT('Ctrl Pts',(206.749953172196,-106.094420592528,-47.0767987393903));
#8165=CARTESIAN_POINT('Ctrl Pts',(206.747702942109,-106.086312958258,-47.0768259410833));
#8166=CARTESIAN_POINT('Ctrl Pts',(206.745452712021,-106.078205323988,-47.0768531427764));
#8167=CARTESIAN_POINT('Ctrl Pts',(206.743202481934,-106.070097689718,-47.0768803444695));
#8168=CARTESIAN_POINT('Ctrl Pts',(206.910300731086,-106.050469655139,-47.2415228714951));
#8169=CARTESIAN_POINT('Ctrl Pts',(206.908050500999,-106.042362020869,-47.2415500731882));
#8170=CARTESIAN_POINT('Ctrl Pts',(206.905807075445,-106.034252498096,-47.2415772920367));
#8171=CARTESIAN_POINT('Ctrl Pts',(206.903570454687,-106.026141086736,-47.2416045253482));
#8172=CARTESIAN_POINT('Ctrl Pts',(207.070648289976,-106.00651871775,-47.4062470036));
#8173=CARTESIAN_POINT('Ctrl Pts',(207.068398059888,-105.998411083481,-47.4062742052931));
#8174=CARTESIAN_POINT('Ctrl Pts',(207.066161438869,-105.990299672203,-47.406301441297));
#8175=CARTESIAN_POINT('Ctrl Pts',(207.063938427441,-105.982184483754,-47.406328706227));
#8176=CARTESIAN_POINT('Ctrl Pts',(207.230995848866,-105.962567780362,-47.5709711357049));
#8177=CARTESIAN_POINT('Ctrl Pts',(207.228745618778,-105.954460146092,-47.570998337398));
#8178=CARTESIAN_POINT('Ctrl Pts',(207.226515802292,-105.94634684631,-47.5710255905572));
#8179=CARTESIAN_POINT('Ctrl Pts',(207.224306400194,-105.938227880771,-47.5710528871057));
#8180=CARTESIAN_POINT('Ctrl Pts',(207.230995848866,-105.962567780362,-47.5709711357049));
#8181=CARTESIAN_POINT('Ctrl Pts',(207.228745618778,-105.954460146092,-47.570998337398));
#8182=CARTESIAN_POINT('Ctrl Pts',(207.226515802292,-105.94634684631,-47.5710255905572));
#8183=CARTESIAN_POINT('Ctrl Pts',(207.224306400194,-105.938227880771,-47.5710528871057));
#8184=CARTESIAN_POINT('Ctrl Pts',(211.081917417097,-99.1732636048365,-47.0244322003077));
#8185=CARTESIAN_POINT('Ctrl Pts',(211.083568464937,-99.1729705004136,-47.0244122417724));
#8186=CARTESIAN_POINT('Ctrl Pts',(211.085219646713,-99.1726781520685,-47.024392281618));
#8187=CARTESIAN_POINT('Ctrl Pts',(211.086870961736,-99.1723865599235,-47.0243723198529));
#8188=CARTESIAN_POINT('Ctrl Pts',(211.114558259416,-99.3458206087969,-47.1904950452671));
#8189=CARTESIAN_POINT('Ctrl Pts',(211.116156718278,-99.3455373091495,-47.1904756986259));
#8190=CARTESIAN_POINT('Ctrl Pts',(211.117755266157,-99.3452545142517,-47.1904563628185));
#8191=CARTESIAN_POINT('Ctrl Pts',(211.119353903009,-99.3449722241119,-47.1904370378485));
#8192=CARTESIAN_POINT('Ctrl Pts',(211.147199101736,-99.5183776127574,-47.3565578902266));
#8193=CARTESIAN_POINT('Ctrl Pts',(211.14874497162,-99.5181041178854,-47.3565391554794));
#8194=CARTESIAN_POINT('Ctrl Pts',(211.150290885601,-99.517830876435,-47.356520444019));
#8195=CARTESIAN_POINT('Ctrl Pts',(211.151836844283,-99.5175578883002,-47.3565017558441));
#8196=CARTESIAN_POINT('Ctrl Pts',(211.179839944055,-99.6909346167179,-47.5226207351861));
#8197=CARTESIAN_POINT('Ctrl Pts',(211.181333224961,-99.6906709266213,-47.5226026123328));
#8198=CARTESIAN_POINT('Ctrl Pts',(211.182826505045,-99.6904072386182,-47.5225845252195));
#8199=CARTESIAN_POINT('Ctrl Pts',(211.184319785556,-99.6901435524886,-47.5225664738397));
#8200=CARTESIAN_POINT('Ctrl Pts',(211.179839944055,-99.6909346167179,-47.5226207351861));
#8201=CARTESIAN_POINT('Ctrl Pts',(211.181333224961,-99.6906709266213,-47.5226026123328));
#8202=CARTESIAN_POINT('Ctrl Pts',(211.182826505045,-99.6904072386182,-47.5225845252195));
#8203=CARTESIAN_POINT('Ctrl Pts',(211.184319785556,-99.6901435524886,-47.5225664738397));
#8204=CARTESIAN_POINT('Origin',(318.863449396028,-94.8692060803209,-45.7215253692092));
#8205=CARTESIAN_POINT('',(323.863084112211,-94.8692060803209,-45.6610877589331));
#8206=CARTESIAN_POINT('',(318.863449396028,-89.8623467173116,-45.7215253692092));
#8207=CARTESIAN_POINT('Origin',(266.685892564982,-89.8623467173115,-46.3522688182677));
#8208=CARTESIAN_POINT('',(266.685892564982,-89.8623467173116,-46.3522688182677));
#8209=CARTESIAN_POINT('Origin',(211.173804211807,-99.6647700544418,-47.0233214355012));
#8210=CARTESIAN_POINT('',(211.173804211807,-99.6647700544419,-47.0233214355012));
#8211=CARTESIAN_POINT('Origin',(261.005665306103,-78.2187250239145,-46.6709519724979));
#8212=CARTESIAN_POINT('',(265.176521741194,-77.2288942209582,-46.8705512354257));
#8213=CARTESIAN_POINT('',(205.471397460216,-87.7717313031212,-47.5922909699516));
#8214=CARTESIAN_POINT('',(260.965220561581,-77.9725332766553,-46.921459150483));
#8215=CARTESIAN_POINT('',(205.471397460216,-87.7717313031212,-47.5922909699516));
#8216=CARTESIAN_POINT('',(265.214278209892,-77.7288942209582,-46.3700582888828));
#8217=CARTESIAN_POINT('Ctrl Pts',(205.552286949259,-88.2641147976396,-47.0912766139815));
#8218=CARTESIAN_POINT('Ctrl Pts',(202.458519528152,-88.8104177537701,-47.1286753281469));
#8219=CARTESIAN_POINT('Ctrl Pts',(197.020594215865,-88.0363196004714,-47.1944111727419));
#8220=CARTESIAN_POINT('Ctrl Pts',(191.11752412644,-83.4076931410361,-47.2657698758774));
#8221=CARTESIAN_POINT('Ctrl Pts',(189.106921692772,-79.628158444438,-47.2900748527816));
#8222=CARTESIAN_POINT('Ctrl Pts',(188.529717036411,-77.6122978030369,-47.2970523365481));
#8223=CARTESIAN_POINT('Ctrl Pts',(205.525323786245,-88.0999869661335,-47.2582813993048));
#8224=CARTESIAN_POINT('Ctrl Pts',(202.465973011562,-88.640212569599,-47.2952640711028));
#8225=CARTESIAN_POINT('Ctrl Pts',(197.088563168009,-87.8747377277857,-47.3602683801912));
#8226=CARTESIAN_POINT('Ctrl Pts',(191.251063714475,-83.2975476425073,-47.4308344389111));
#8227=CARTESIAN_POINT('Ctrl Pts',(189.262753185265,-79.559931147566,-47.4548699422417));
#8228=CARTESIAN_POINT('Ctrl Pts',(188.691946867324,-77.5664164080031,-47.4617700803008));
#8229=CARTESIAN_POINT('Ctrl Pts',(205.49836062323,-87.9358591346274,-47.4252861846282));
#8230=CARTESIAN_POINT('Ctrl Pts',(202.473426494971,-88.4700073854279,-47.4618528140588));
#8231=CARTESIAN_POINT('Ctrl Pts',(197.156532120154,-87.7131558551,-47.5261255876405));
#8232=CARTESIAN_POINT('Ctrl Pts',(191.384603302509,-83.1874021439784,-47.5958990019449));
#8233=CARTESIAN_POINT('Ctrl Pts',(189.418584677759,-79.4917038506941,-47.6196650317018));
#8234=CARTESIAN_POINT('Ctrl Pts',(188.854176698238,-77.5205350129694,-47.6264878240535));
#8235=CARTESIAN_POINT('Ctrl Pts',(205.471397460216,-87.7717313031212,-47.5922909699516));
#8236=CARTESIAN_POINT('Ctrl Pts',(202.48087997838,-88.2998022012569,-47.6284415570147));
#8237=CARTESIAN_POINT('Ctrl Pts',(197.224501072298,-87.5515739824143,-47.6919827950898));
#8238=CARTESIAN_POINT('Ctrl Pts',(191.518142890544,-83.0772566454496,-47.7609635649787));
#8239=CARTESIAN_POINT('Ctrl Pts',(189.574416170253,-79.4234765538221,-47.7844601211619));
#8240=CARTESIAN_POINT('Ctrl Pts',(189.016406529152,-77.4746536179357,-47.7912055678062));
#8241=CARTESIAN_POINT('',(189.016406529152,-77.4746536179357,-47.7912055678062));
#8242=CARTESIAN_POINT('',(189.016406529152,-77.4746536179357,-47.7912055678062));
#8243=CARTESIAN_POINT('Ctrl Pts',(205.471397460216,-87.7717313031212,-47.5922909699516));
#8244=CARTESIAN_POINT('Ctrl Pts',(202.48087997838,-88.2998022012569,-47.6284415570147));
#8245=CARTESIAN_POINT('Ctrl Pts',(197.224501072298,-87.5515739824143,-47.6919827950898));
#8246=CARTESIAN_POINT('Ctrl Pts',(191.518142890544,-83.0772566454496,-47.7609635649787));
#8247=CARTESIAN_POINT('Ctrl Pts',(189.574416170253,-79.4234765538221,-47.7844601211619));
#8248=CARTESIAN_POINT('Ctrl Pts',(189.016406529152,-77.4746536179357,-47.7912055678062));
#8249=CARTESIAN_POINT('Origin',(192.623569677572,-90.9911969458849,-47.4975824525384));
#8250=CARTESIAN_POINT('',(186.931693699156,-70.1938902070674,-47.8164064212104));
#8251=CARTESIAN_POINT('',(186.931693699156,-70.1938902070674,-47.8164064212104));
#8252=CARTESIAN_POINT('',(192.866914423943,-90.9223748533344,-47.7446590681675));
#8253=CARTESIAN_POINT('Ctrl Pts',(186.445004206414,-70.3315343921685,-47.3222531899523));
#8254=CARTESIAN_POINT('Ctrl Pts',(183.853818153455,-61.281936608881,-47.3535764968961));
#8255=CARTESIAN_POINT('Ctrl Pts',(182.532771332875,-51.8686099057314,-47.3695458461448));
#8256=CARTESIAN_POINT('Ctrl Pts',(182.532771332876,-42.4543329441457,-47.3695458461448));
#8257=CARTESIAN_POINT('Ctrl Pts',(186.607234037328,-70.2856529971348,-47.486970933705));
#8258=CARTESIAN_POINT('Ctrl Pts',(184.020313543316,-61.2509524817394,-47.5182426768439));
#8259=CARTESIAN_POINT('Ctrl Pts',(182.701440410423,-51.8531171220613,-47.534185749675));
#8260=CARTESIAN_POINT('Ctrl Pts',(182.701440410425,-42.4543329441457,-47.534185749675));
#8261=CARTESIAN_POINT('Ctrl Pts',(186.769463868242,-70.2397716021011,-47.6516886774577));
#8262=CARTESIAN_POINT('Ctrl Pts',(184.186808933176,-61.2199683545979,-47.6829088567916));
#8263=CARTESIAN_POINT('Ctrl Pts',(182.870109487972,-51.8376243383913,-47.6988256532053));
#8264=CARTESIAN_POINT('Ctrl Pts',(182.870109487974,-42.4543329441458,-47.6988256532053));
#8265=CARTESIAN_POINT('Ctrl Pts',(186.931693699156,-70.1938902070674,-47.8164064212104));
#8266=CARTESIAN_POINT('Ctrl Pts',(184.353304323037,-61.1889842274563,-47.8475750367394));
#8267=CARTESIAN_POINT('Ctrl Pts',(183.038778565521,-51.8221315547213,-47.8634655567355));
#8268=CARTESIAN_POINT('Ctrl Pts',(183.038778565522,-42.4543329441458,-47.8634655567355));
#8269=CARTESIAN_POINT('',(183.038778565522,-42.4543329441458,-47.8634655567355));
#8270=CARTESIAN_POINT('Ctrl Pts',(186.931693699156,-70.1938902070674,-47.8164064212104));
#8271=CARTESIAN_POINT('Ctrl Pts',(184.353304323037,-61.1889842274563,-47.8475750367394));
#8272=CARTESIAN_POINT('Ctrl Pts',(183.038778565521,-51.8221315547213,-47.8634655567355));
#8273=CARTESIAN_POINT('Ctrl Pts',(183.038778565522,-42.4543329441458,-47.8634655567355));
#8274=CARTESIAN_POINT('Origin',(182.785774949197,-64.6121793469005,-47.6165057014402));
#8275=CARTESIAN_POINT('',(183.038778565526,2.98099277445367,-47.8634655567355));
#8276=CARTESIAN_POINT('Ctrl Pts',(182.53277133288,2.98099277445372,-47.3695458461447));
#8277=CARTESIAN_POINT('Ctrl Pts',(182.532771332881,4.43998842851879,-47.3695458461447));
#8278=CARTESIAN_POINT('Ctrl Pts',(183.216032032127,7.84521023884671,-47.3612863139584));
#8279=CARTESIAN_POINT('Ctrl Pts',(185.3779846781,10.624983043586,-47.3351517543615));
#8280=CARTESIAN_POINT('Ctrl Pts',(186.932186697869,11.7923189655737,-47.3163639305917));
#8281=CARTESIAN_POINT('Ctrl Pts',(182.701440410429,2.98099277445369,-47.534185749675));
#8282=CARTESIAN_POINT('Ctrl Pts',(182.701440410429,4.41794021828285,-47.534185749675));
#8283=CARTESIAN_POINT('Ctrl Pts',(183.374380072614,7.77170218218508,-47.5260509823667));
#8284=CARTESIAN_POINT('Ctrl Pts',(185.503625708939,10.5094005909313,-47.5003117983551));
#8285=CARTESIAN_POINT('Ctrl Pts',(187.034281707619,11.659051478485,-47.4818086084289));
#8286=CARTESIAN_POINT('Ctrl Pts',(182.870109487978,2.98099277445367,-47.6988256532052));
#8287=CARTESIAN_POINT('Ctrl Pts',(182.870109487978,4.3958920080469,-47.6988256532052));
#8288=CARTESIAN_POINT('Ctrl Pts',(183.532728113101,7.69819412552346,-47.690815650775));
#8289=CARTESIAN_POINT('Ctrl Pts',(185.629266739778,10.3938181382765,-47.6654718423487));
#8290=CARTESIAN_POINT('Ctrl Pts',(187.13637671737,11.5257839913963,-47.6472532862662));
#8291=CARTESIAN_POINT('Ctrl Pts',(183.038778565526,2.98099277445364,-47.8634655567354));
#8292=CARTESIAN_POINT('Ctrl Pts',(183.038778565527,4.37384379781095,-47.8634655567354));
#8293=CARTESIAN_POINT('Ctrl Pts',(183.691076153588,7.62468606886183,-47.8555803191832));
#8294=CARTESIAN_POINT('Ctrl Pts',(185.754907770618,10.2782356856218,-47.8306318863423));
#8295=CARTESIAN_POINT('Ctrl Pts',(187.23847172712,11.3925165043076,-47.8126979641035));
#8296=CARTESIAN_POINT('',(187.23847172712,11.3925165043076,-47.8126979641035));
#8297=CARTESIAN_POINT('',(187.23847172712,11.3925165043076,-47.8126979641035));
#8298=CARTESIAN_POINT('Ctrl Pts',(183.038778565526,2.98099277445364,-47.8634655567354));
#8299=CARTESIAN_POINT('Ctrl Pts',(183.038778565527,4.37384379781095,-47.8634655567354));
#8300=CARTESIAN_POINT('Ctrl Pts',(183.691076153588,7.62468606886183,-47.8555803191832));
#8301=CARTESIAN_POINT('Ctrl Pts',(185.754907770618,10.2782356856218,-47.8306318863423));
#8302=CARTESIAN_POINT('Ctrl Pts',(187.23847172712,11.3925165043076,-47.8126979641035));
#8303=CARTESIAN_POINT('Ctrl Pts',(186.932186697869,11.792318965574,-47.3163639305917));
#8304=CARTESIAN_POINT('Ctrl Pts',(188.823266803434,13.2126785523609,-47.2935037880194));
#8305=CARTESIAN_POINT('Ctrl Pts',(191.166821904549,13.9953974367717,-47.2651739443603));
#8306=CARTESIAN_POINT('Ctrl Pts',(193.531967708484,13.9953974367716,-47.2365831035371));
#8307=CARTESIAN_POINT('Ctrl Pts',(187.034281707619,11.6590514784853,-47.4818086084289));
#8308=CARTESIAN_POINT('Ctrl Pts',(188.896712119335,13.0578927450288,-47.4592947949646));
#8309=CARTESIAN_POINT('Ctrl Pts',(191.204718958288,13.828730770105,-47.4313946731026));
#8310=CARTESIAN_POINT('Ctrl Pts',(193.533982295493,13.8287307701049,-47.4032375940766));
#8311=CARTESIAN_POINT('Ctrl Pts',(187.13637671737,11.5257839913966,-47.6472532862662));
#8312=CARTESIAN_POINT('Ctrl Pts',(188.970157435237,12.9031069376968,-47.6250858019099));
#8313=CARTESIAN_POINT('Ctrl Pts',(191.242616012026,13.6620641034383,-47.5976154018448));
#8314=CARTESIAN_POINT('Ctrl Pts',(193.535996882502,13.6620641034382,-47.569892084616));
#8315=CARTESIAN_POINT('Ctrl Pts',(187.23847172712,11.3925165043079,-47.8126979641035));
#8316=CARTESIAN_POINT('Ctrl Pts',(189.043602751138,12.7483211303648,-47.7908768088551));
#8317=CARTESIAN_POINT('Ctrl Pts',(191.280513065765,13.4953974367717,-47.763836130587));
#8318=CARTESIAN_POINT('Ctrl Pts',(193.538011469511,13.4953974367716,-47.7365465751555));
#8319=CARTESIAN_POINT('Ctrl Pts',(187.23847172712,11.3925165043079,-47.8126979641035));
#8320=CARTESIAN_POINT('Ctrl Pts',(189.043602751138,12.7483211303648,-47.7908768088551));
#8321=CARTESIAN_POINT('Ctrl Pts',(191.280513065765,13.4953974367717,-47.763836130587));
#8322=CARTESIAN_POINT('Ctrl Pts',(193.538011469511,13.4953974367716,-47.7365465751555));
#8323=CARTESIAN_POINT('Ctrl Pts',(322.722528774653,13.9953974367715,-45.6748752540008));
#8324=CARTESIAN_POINT('Ctrl Pts',(325.190896582081,13.9953974367715,-45.6450366237743));
#8325=CARTESIAN_POINT('Ctrl Pts',(329.28944011022,12.5500595859513,-45.5954917688968));
#8326=CARTESIAN_POINT('Ctrl Pts',(332.968936175803,7.91769023831916,-45.5510125295427));
#8327=CARTESIAN_POINT('Ctrl Pts',(333.721725150256,4.6286413835284,-45.5419125113932));
#8328=CARTESIAN_POINT('Ctrl Pts',(333.721725150256,2.98099277445187,-45.5419125113932));
#8329=CARTESIAN_POINT('Ctrl Pts',(322.724543361662,13.8287307701048,-45.8415297445402));
#8330=CARTESIAN_POINT('Ctrl Pts',(325.155462684698,13.8287307701048,-45.812143806767));
#8331=CARTESIAN_POINT('Ctrl Pts',(329.191842171071,12.4053355183324,-45.763350416015));
#8332=CARTESIAN_POINT('Ctrl Pts',(332.815668898415,7.84308742147141,-45.7195441301784));
#8333=CARTESIAN_POINT('Ctrl Pts',(333.557085246726,4.6037422669158,-45.7105815889418));
#8334=CARTESIAN_POINT('Ctrl Pts',(333.557085246726,2.98099277445186,-45.7105815889418));
#8335=CARTESIAN_POINT('Ctrl Pts',(322.726557948671,13.6620641034381,-46.0081842350796));
#8336=CARTESIAN_POINT('Ctrl Pts',(325.120028787314,13.6620641034381,-45.9792509897597));
#8337=CARTESIAN_POINT('Ctrl Pts',(329.094244231921,12.2606114507134,-45.9312090631331));
#8338=CARTESIAN_POINT('Ctrl Pts',(332.662401621026,7.76848460462367,-45.8880757308141));
#8339=CARTESIAN_POINT('Ctrl Pts',(333.392445343196,4.5788431503032,-45.8792506664905));
#8340=CARTESIAN_POINT('Ctrl Pts',(333.392445343196,2.98099277445186,-45.8792506664905));
#8341=CARTESIAN_POINT('Ctrl Pts',(322.728572535681,13.4953974367715,-46.1748387256191));
#8342=CARTESIAN_POINT('Ctrl Pts',(325.08459488993,13.4953974367715,-46.1463581727524));
#8343=CARTESIAN_POINT('Ctrl Pts',(328.996646292771,12.1158873830944,-46.0990677102513));
#8344=CARTESIAN_POINT('Ctrl Pts',(332.509134343638,7.69388178777593,-46.0566073314498));
#8345=CARTESIAN_POINT('Ctrl Pts',(333.227805439665,4.5539440336906,-46.0479197440391));
#8346=CARTESIAN_POINT('Ctrl Pts',(333.227805439665,2.98099277445186,-46.0479197440391));
#8347=CARTESIAN_POINT('',(333.227805439665,2.98099277445186,-46.0479197440391));
#8348=CARTESIAN_POINT('Ctrl Pts',(322.728572535681,13.4953974367715,-46.1748387256191));
#8349=CARTESIAN_POINT('Ctrl Pts',(325.08459488993,13.4953974367715,-46.1463581727524));
#8350=CARTESIAN_POINT('Ctrl Pts',(328.996646292771,12.1158873830944,-46.0990677102513));
#8351=CARTESIAN_POINT('Ctrl Pts',(332.509134343638,7.69388178777593,-46.0566073314498));
#8352=CARTESIAN_POINT('Ctrl Pts',(333.227805439665,4.5539440336906,-46.0479197440391));
#8353=CARTESIAN_POINT('Ctrl Pts',(333.227805439665,2.98099277445186,-46.0479197440391));
#8354=CARTESIAN_POINT('Origin',(333.474765294961,-41.8945164876051,-45.7949161277161));
#8355=CARTESIAN_POINT('',(333.227805439665,-66.7144895586385,-46.0479197440391));
#8356=CARTESIAN_POINT('Ctrl Pts',(333.721725150256,-66.7144895586385,-45.5419125113932));
#8357=CARTESIAN_POINT('Ctrl Pts',(333.721725150256,-68.3621381677151,-45.5419125113932));
#8358=CARTESIAN_POINT('Ctrl Pts',(332.968911284111,-71.6511460859957,-45.5510128304436));
#8359=CARTESIAN_POINT('Ctrl Pts',(329.289405156325,-76.283474080545,-45.5954921914337));
#8360=CARTESIAN_POINT('Ctrl Pts',(325.190896582081,-77.7288942209582,-45.6450366237743));
#8361=CARTESIAN_POINT('Ctrl Pts',(322.722528774653,-77.7288942209582,-45.6748752540008));
#8362=CARTESIAN_POINT('Ctrl Pts',(333.557085246726,-66.7144895586385,-45.7105815889418));
#8363=CARTESIAN_POINT('Ctrl Pts',(333.557085246726,-68.3372390511025,-45.7105815889418));
#8364=CARTESIAN_POINT('Ctrl Pts',(332.815644390591,-71.5765438994174,-45.7195444264389));
#8365=CARTESIAN_POINT('Ctrl Pts',(329.191807768263,-76.1387512815732,-45.7633508318901));
#8366=CARTESIAN_POINT('Ctrl Pts',(325.155462684698,-77.5622275542915,-45.812143806767));
#8367=CARTESIAN_POINT('Ctrl Pts',(322.724543361662,-77.5622275542915,-45.8415297445402));
#8368=CARTESIAN_POINT('Ctrl Pts',(333.392445343196,-66.7144895586385,-45.8792506664905));
#8369=CARTESIAN_POINT('Ctrl Pts',(333.392445343196,-68.3123399344899,-45.8792506664905));
#8370=CARTESIAN_POINT('Ctrl Pts',(332.662377497072,-71.5019417128392,-45.8880760224343));
#8371=CARTESIAN_POINT('Ctrl Pts',(329.094210380202,-75.9940284826014,-45.9312094723464));
#8372=CARTESIAN_POINT('Ctrl Pts',(325.120028787314,-77.3955608876248,-45.9792509897597));
#8373=CARTESIAN_POINT('Ctrl Pts',(322.726557948671,-77.3955608876248,-46.0081842350797));
#8374=CARTESIAN_POINT('Ctrl Pts',(333.227805439665,-66.7144895586385,-46.0479197440391));
#8375=CARTESIAN_POINT('Ctrl Pts',(333.227805439665,-68.2874408178773,-46.0479197440391));
#8376=CARTESIAN_POINT('Ctrl Pts',(332.509110603552,-71.4273395262609,-46.0566076184296));
#8377=CARTESIAN_POINT('Ctrl Pts',(328.996612992141,-75.8493056836295,-46.0990681128028));
#8378=CARTESIAN_POINT('Ctrl Pts',(325.08459488993,-77.2288942209582,-46.1463581727525));
#8379=CARTESIAN_POINT('Ctrl Pts',(322.728572535681,-77.2288942209582,-46.1748387256191));
#8380=CARTESIAN_POINT('',(322.728572535681,-77.2288942209582,-46.1748387256191));
#8381=CARTESIAN_POINT('',(322.728572535681,-77.2288942209582,-46.1748387256191));
#8382=CARTESIAN_POINT('Ctrl Pts',(333.227805439665,-66.7144895586385,-46.0479197440391));
#8383=CARTESIAN_POINT('Ctrl Pts',(333.227805439665,-68.2874408178773,-46.0479197440391));
#8384=CARTESIAN_POINT('Ctrl Pts',(332.509110603552,-71.4273395262609,-46.0566076184296));
#8385=CARTESIAN_POINT('Ctrl Pts',(328.996612992141,-75.8493056836295,-46.0990681128028));
#8386=CARTESIAN_POINT('Ctrl Pts',(325.08459488993,-77.2288942209582,-46.1463581727525));
#8387=CARTESIAN_POINT('Ctrl Pts',(322.728572535681,-77.2288942209582,-46.1748387256191));
#8388=CARTESIAN_POINT('Origin',(290.449202066971,-77.4788942209582,-46.3150265697589));
#8389=CARTESIAN_POINT('',(290.452223947485,-77.2288942209582,-46.565008305568));
#8390=CARTESIAN_POINT('Ctrl Pts',(187.268690532258,11.3925165043076,-50.312515322195));
#8391=CARTESIAN_POINT('Ctrl Pts',(183.068997370665,8.2381951056124,-50.363282914827));
#8392=CARTESIAN_POINT('Ctrl Pts',(183.068997370665,2.98099277445367,-50.363282914827));
#8393=CARTESIAN_POINT('Ctrl Pts',(187.23847172712,11.3925165043076,-47.8126979641035));
#8394=CARTESIAN_POINT('Ctrl Pts',(183.038778565527,8.2381951056124,-47.8634655567354));
#8395=CARTESIAN_POINT('Ctrl Pts',(183.038778565526,2.98099277445367,-47.8634655567354));
#8396=CARTESIAN_POINT('',(187.268690532258,11.3925165043076,-50.312515322195));
#8397=CARTESIAN_POINT('Ctrl Pts',(183.06899737066,-42.4543329441625,-50.3632829148271));
#8398=CARTESIAN_POINT('Ctrl Pts',(183.068997370659,-56.598063645859,-50.3632829148271));
#8399=CARTESIAN_POINT('Ctrl Pts',(186.961912504294,-70.1938902070674,-50.316223779302));
#8400=CARTESIAN_POINT('Ctrl Pts',(183.038778565522,-42.4543329441625,-47.8634655567355));
#8401=CARTESIAN_POINT('Ctrl Pts',(183.038778565521,-56.598063645859,-47.8634655567355));
#8402=CARTESIAN_POINT('Ctrl Pts',(186.931693699156,-70.1938902070674,-47.8164064212104));
#8403=CARTESIAN_POINT('',(186.961912504294,-70.1938902070674,-50.316223779302));
#8404=CARTESIAN_POINT('',(186.961912504294,-70.1938902070674,-50.316223779302));
#8405=CARTESIAN_POINT('Origin',(283.561655165947,-42.4543329441641,-49.1484869482758));
#8406=CARTESIAN_POINT('Origin',(189.04662533429,-77.4746536179357,-50.2910229258978));
#8407=CARTESIAN_POINT('',(189.04662533429,-77.4746536179357,-50.2910229258978));
#8408=CARTESIAN_POINT('',(189.04662533429,-77.4746536179357,-50.2910229258978));
#8409=CARTESIAN_POINT('',(192.897133229081,-90.9223748533344,-50.244476426259));
#8410=CARTESIAN_POINT('Ctrl Pts',(189.04662533429,-77.4746536179357,-50.2910229258978));
#8411=CARTESIAN_POINT('Ctrl Pts',(192.645044780291,-90.0419675723619,-50.247523773573));
#8412=CARTESIAN_POINT('Ctrl Pts',(205.501616265354,-87.7717313031212,-50.0921083280432));
#8413=CARTESIAN_POINT('Ctrl Pts',(189.016406529152,-77.4746536179357,-47.7912055678062));
#8414=CARTESIAN_POINT('Ctrl Pts',(192.614825975153,-90.0419675723619,-47.7477064154814));
#8415=CARTESIAN_POINT('Ctrl Pts',(205.471397460216,-87.7717313031212,-47.5922909699516));
#8416=CARTESIAN_POINT('',(205.501616265354,-87.7717313031212,-50.0921083280432));
#8417=CARTESIAN_POINT('',(205.501616265354,-87.7717313031212,-50.0921083280432));
#8418=CARTESIAN_POINT('Origin',(202.983901638707,-73.4724289382138,-50.1225434826154));
#8419=CARTESIAN_POINT('Origin',(265.206740546332,-77.2288942209582,-49.3703685935173));
#8420=CARTESIAN_POINT('',(265.206740546332,-77.2288942209582,-49.3703685935173));
#8421=CARTESIAN_POINT('',(265.206740546332,-77.2288942209582,-49.3703685935173));
#8422=CARTESIAN_POINT('',(260.995439366719,-77.9725332766553,-49.4212765085746));
#8423=CARTESIAN_POINT('Origin',(212.041981669272,-104.595563973375,-47.0128265546142));
#8424=CARTESIAN_POINT('Origin',(323.863084112211,-94.8692060803209,-45.6610877589331));
#8425=CARTESIAN_POINT('Ctrl Pts',(182.767067089157,-66.0675168813425,-47.3667135841074));
#8426=CARTESIAN_POINT('Ctrl Pts',(180.952393420841,-58.3190369493192,-47.3886500947067));
#8427=CARTESIAN_POINT('Ctrl Pts',(180.032953974783,-50.3606719106906,-47.3997646512829));
#8428=CARTESIAN_POINT('Ctrl Pts',(180.032953974785,-42.4019342109719,-47.3997646512829));
#8429=CARTESIAN_POINT('Ctrl Pts',(182.188909834898,-66.2029395795889,-47.3737025832633));
#8430=CARTESIAN_POINT('Ctrl Pts',(180.362322382391,-58.4102690400827,-47.395722047406));
#8431=CARTESIAN_POINT('Ctrl Pts',(179.436164609026,-50.4067652189707,-47.4070429372526));
#8432=CARTESIAN_POINT('Ctrl Pts',(179.434599091166,-42.4019342109718,-47.4069978075665));
#8433=CARTESIAN_POINT('Ctrl Pts',(181.193672075109,-66.4374547767428,-47.8799153852868));
#8434=CARTESIAN_POINT('Ctrl Pts',(179.346826146999,-58.5687991279358,-47.9048832711618));
#8435=CARTESIAN_POINT('Ctrl Pts',(178.408841088895,-50.4859330622969,-47.9189035838423));
#8436=CARTESIAN_POINT('Ctrl Pts',(178.404819432152,-42.4019342109716,-47.9216915208523));
#8437=CARTESIAN_POINT('Ctrl Pts',(180.84373028792,-66.5223571176028,-48.9208255873802));
#8438=CARTESIAN_POINT('Ctrl Pts',(178.992440397352,-58.6252420015063,-48.949908084999));
#8439=CARTESIAN_POINT('Ctrl Pts',(178.053585890717,-50.5141606451388,-48.9680991057886));
#8440=CARTESIAN_POINT('Ctrl Pts',(178.051850265209,-42.4019342109715,-48.9750274191525));
#8441=CARTESIAN_POINT('Ctrl Pts',(180.843932499279,-66.5235706729509,-49.3662089515984));
#8442=CARTESIAN_POINT('Ctrl Pts',(178.994287247489,-58.6257716347208,-49.3963929165204));
#8443=CARTESIAN_POINT('Ctrl Pts',(178.057177991743,-50.5140428441227,-49.4157577263657));
#8444=CARTESIAN_POINT('Ctrl Pts',(178.057275132422,-42.4019342109715,-49.4237935818666));
#8445=CARTESIAN_POINT('Origin',(180.057129018895,-42.4019342109719,-49.3996185377562));
#8446=CARTESIAN_POINT('Ctrl Pts',(182.757818298032,-66.0279904696719,-47.3668253872421));
#8447=CARTESIAN_POINT('Ctrl Pts',(182.755721765759,-66.0285263126328,-47.3668507298447));
#8448=CARTESIAN_POINT('Ctrl Pts',(182.753625360494,-66.0290621371499,-47.3668798194551));
#8449=CARTESIAN_POINT('Ctrl Pts',(182.751529089177,-66.0295979415411,-47.3669126509041));
#8450=CARTESIAN_POINT('Ctrl Pts',(182.680556411661,-66.047738471329,-47.3680242130488));
#8451=CARTESIAN_POINT('Ctrl Pts',(182.609925082436,-66.065807702606,-47.3734174072875));
#8452=CARTESIAN_POINT('Ctrl Pts',(182.539899347487,-66.0837364152751,-47.382852353033));
#8453=CARTESIAN_POINT('Ctrl Pts',(182.468501101695,-66.1020165323608,-47.3924722245825));
#8454=CARTESIAN_POINT('Ctrl Pts',(182.397731619819,-66.12015075695,-47.406294109355));
#8455=CARTESIAN_POINT('Ctrl Pts',(182.327872373481,-66.1380654453226,-47.4241186821324));
#8456=CARTESIAN_POINT('Ctrl Pts',(182.257260150012,-66.1561732269703,-47.4421353768748));
#8457=CARTESIAN_POINT('Ctrl Pts',(182.187577010356,-66.1740569209486,-47.4642418694402));
#8458=CARTESIAN_POINT('Ctrl Pts',(182.119127826617,-66.1916371927215,-47.4902829855867));
#8459=CARTESIAN_POINT('Ctrl Pts',(182.088029009047,-66.1996245146273,-47.5021143599894));
#8460=CARTESIAN_POINT('Ctrl Pts',(182.057185178257,-66.2075491405588,-47.5147585721363));
#8461=CARTESIAN_POINT('Ctrl Pts',(182.026626644774,-66.2154032300364,-47.5282041614542));
#8462=CARTESIAN_POINT('Ctrl Pts',(181.959488894589,-66.2326588322258,-47.5577444081158));
#8463=CARTESIAN_POINT('Ctrl Pts',(181.89409147261,-66.2494805146941,-47.5909891776446));
#8464=CARTESIAN_POINT('Ctrl Pts',(181.830717511718,-66.2657950833668,-47.6277298360382));
#8465=CARTESIAN_POINT('Ctrl Pts',(181.767226923491,-66.2821396758007,-47.6645381084013));
#8466=CARTESIAN_POINT('Ctrl Pts',(181.705766387278,-66.2979754888981,-47.7048556146592));
#8467=CARTESIAN_POINT('Ctrl Pts',(181.646640026405,-66.3132244573964,-47.7485208073961));
#8468=CARTESIAN_POINT('Ctrl Pts',(181.588659089608,-66.3281780156006,-47.7913400971837));
#8469=CARTESIAN_POINT('Ctrl Pts',(181.532922052748,-66.3425674140118,-47.8373791778987));
#8470=CARTESIAN_POINT('Ctrl Pts',(181.479745888476,-66.3563120395044,-47.8865242717046));
#8471=CARTESIAN_POINT('Ctrl Pts',(181.454225368396,-66.3629084158259,-47.9101101841233));
#8472=CARTESIAN_POINT('Ctrl Pts',(181.429295202986,-66.3693561635651,-47.9344120202209));
#8473=CARTESIAN_POINT('Ctrl Pts',(181.404993707749,-66.3756456096854,-47.9594199001767));
#8474=CARTESIAN_POINT('Ctrl Pts',(181.353502317291,-66.3889720458902,-48.0124080187597));
#8475=CARTESIAN_POINT('Ctrl Pts',(181.305112188051,-66.4015155391009,-48.0682744948302));
#8476=CARTESIAN_POINT('Ctrl Pts',(181.260116679902,-66.4132025384819,-48.1268557331906));
#8477=CARTESIAN_POINT('Ctrl Pts',(181.215740217529,-66.4247287487554,-48.184631014031));
#8478=CARTESIAN_POINT('Ctrl Pts',(181.174664867617,-66.4354220435593,-48.2450473816667));
#8479=CARTESIAN_POINT('Ctrl Pts',(181.13696383487,-66.4452600612458,-48.3077398092466));
#8480=CARTESIAN_POINT('Ctrl Pts',(181.098829867268,-66.4552110525159,-48.3711521570818));
#8481=CARTESIAN_POINT('Ctrl Pts',(181.064147759197,-66.4642871065163,-48.4368940513018));
#8482=CARTESIAN_POINT('Ctrl Pts',(181.033037742234,-66.4724548042769,-48.5046142454243));
#8483=CARTESIAN_POINT('Ctrl Pts',(181.01823799923,-66.4763403639644,-48.5368302827981));
#8484=CARTESIAN_POINT('Ctrl Pts',(181.004247346091,-66.4800201936342,-48.5694943316335));
#8485=CARTESIAN_POINT('Ctrl Pts',(180.991082611713,-66.4834897944382,-48.6025697154638));
#8486=CARTESIAN_POINT('Ctrl Pts',(180.963465379334,-66.4907683895783,-48.6719558903002));
#8487=CARTESIAN_POINT('Ctrl Pts',(180.939630057422,-66.4970829122511,-48.7427734752196));
#8488=CARTESIAN_POINT('Ctrl Pts',(180.919644950221,-66.5024145864709,-48.8146483539978));
#8489=CARTESIAN_POINT('Ctrl Pts',(180.899619672275,-66.5077569775372,-48.8866677037267));
#8490=CARTESIAN_POINT('Ctrl Pts',(180.883459790807,-66.5121126404749,-48.9597495846687));
#8491=CARTESIAN_POINT('Ctrl Pts',(180.871280642022,-66.5154519344841,-49.0335385390781));
#8492=CARTESIAN_POINT('Ctrl Pts',(180.859350415649,-66.51872297864,-49.1058193647342));
#8493=CARTESIAN_POINT('Ctrl Pts',(180.851239731717,-66.5210188089164,-49.1787795905019));
#8494=CARTESIAN_POINT('Ctrl Pts',(180.847104695521,-66.5223005179376,-49.2520909234326));
#8495=CARTESIAN_POINT('Ctrl Pts',(180.845040921313,-66.5229402119798,-49.288680213302));
#8496=CARTESIAN_POINT('Ctrl Pts',(180.843968225843,-66.5233271160653,-49.3253569678756));
#8497=CARTESIAN_POINT('Ctrl Pts',(180.843910774904,-66.5234552878914,-49.3620798464004));
#8498=CARTESIAN_POINT('Origin',(180.057129018895,-42.291736415063,-49.3996185377561));
#8499=CARTESIAN_POINT('Origin',(180.0571290189,3.53407744392745,-49.3996185377561));
#8500=CARTESIAN_POINT('Ctrl Pts',(180.032953974789,3.53407744392745,-47.3997646512828));
#8501=CARTESIAN_POINT('Ctrl Pts',(180.032953974789,5.48154090774675,-47.3997646512828));
#8502=CARTESIAN_POINT('Ctrl Pts',(180.701582790125,8.39913143551938,-47.391681995238));
#8503=CARTESIAN_POINT('Ctrl Pts',(183.303800197689,12.5493107381898,-47.3602253368099));
#8504=CARTESIAN_POINT('Ctrl Pts',(187.198516950658,15.6627625248667,-47.3131444225803));
#8505=CARTESIAN_POINT('Ctrl Pts',(191.087350865104,16.5519117877507,-47.2661346224864));
#8506=CARTESIAN_POINT('Ctrl Pts',(193.032004236865,16.5519117877506,-47.2426268645648));
#8507=CARTESIAN_POINT('Ctrl Pts',(179.43459909117,3.53407744392751,-47.4069978075664));
#8508=CARTESIAN_POINT('Ctrl Pts',(179.431549379193,5.57133698909222,-47.4069106258747));
#8509=CARTESIAN_POINT('Ctrl Pts',(180.12585344396,8.62453833078288,-47.3986450793131));
#8510=CARTESIAN_POINT('Ctrl Pts',(182.844414570282,12.9730429860123,-47.3655917556274));
#8511=CARTESIAN_POINT('Ctrl Pts',(186.920355010024,16.2378085128074,-47.3163380283502));
#8512=CARTESIAN_POINT('Ctrl Pts',(190.994256475663,17.1702535717577,-47.2672599851874));
#8513=CARTESIAN_POINT('Ctrl Pts',(193.032004236865,17.1702535717577,-47.2426268645648));
#8514=CARTESIAN_POINT('Ctrl Pts',(178.405151888342,3.5340774439276,-47.9225717680354));
#8515=CARTESIAN_POINT('Ctrl Pts',(178.397316525133,5.72557035823724,-47.928000239804));
#8516=CARTESIAN_POINT('Ctrl Pts',(179.138291169727,9.01470544332678,-47.9270890313929));
#8517=CARTESIAN_POINT('Ctrl Pts',(182.058258260134,13.7038464206813,-47.9034074712278));
#8518=CARTESIAN_POINT('Ctrl Pts',(186.447210399578,17.2298212113091,-47.8591622634275));
#8519=CARTESIAN_POINT('Ctrl Pts',(190.841295756505,18.2386998272606,-47.808572612351));
#8520=CARTESIAN_POINT('Ctrl Pts',(193.038524538351,18.2386998272606,-47.7820116205299));
#8521=CARTESIAN_POINT('Ctrl Pts',(178.051850265213,3.53407744392763,-48.9750274191525));
#8522=CARTESIAN_POINT('Ctrl Pts',(178.048469294932,5.78055876482754,-48.9885262155001));
#8523=CARTESIAN_POINT('Ctrl Pts',(178.81458991091,9.14806051669506,-48.9993972692792));
#8524=CARTESIAN_POINT('Ctrl Pts',(181.813431806453,13.9437041956126,-48.9920223347694));
#8525=CARTESIAN_POINT('Ctrl Pts',(186.309779194965,17.5446244822673,-48.9593736169772));
#8526=CARTESIAN_POINT('Ctrl Pts',(190.804119464929,18.5734387549031,-48.9112112717937));
#8527=CARTESIAN_POINT('Ctrl Pts',(193.051846301993,18.5734387549031,-48.8840398390196));
#8528=CARTESIAN_POINT('Ctrl Pts',(178.057275132426,3.53407744392762,-49.4237935818666));
#8529=CARTESIAN_POINT('Ctrl Pts',(178.05746437692,5.78033030709809,-49.439448624088));
#8530=CARTESIAN_POINT('Ctrl Pts',(178.829242680304,9.14555188805423,-49.4535760690454));
#8531=CARTESIAN_POINT('Ctrl Pts',(181.832204520595,13.9324720611349,-49.4506419021784));
#8532=CARTESIAN_POINT('Ctrl Pts',(186.326411015576,17.5236048962797,-49.4213458235735));
#8533=CARTESIAN_POINT('Ctrl Pts',(190.813613473664,18.549171801459,-49.374251335963));
#8534=CARTESIAN_POINT('Ctrl Pts',(193.057444287234,18.549171801459,-49.3471269998996));
#8535=CARTESIAN_POINT('Ctrl Pts',(323.222492246271,16.5519117877506,-45.6688314929731));
#8536=CARTESIAN_POINT('Ctrl Pts',(325.167145618032,16.5519117877506,-45.6453237350515));
#8537=CARTESIAN_POINT('Ctrl Pts',(328.080439968637,15.8822041399093,-45.6101066524891));
#8538=CARTESIAN_POINT('Ctrl Pts',(332.224642640039,13.2762570930898,-45.560009851387));
#8539=CARTESIAN_POINT('Ctrl Pts',(335.333560074033,9.37591297623949,-45.5224279977271));
#8540=CARTESIAN_POINT('Ctrl Pts',(336.221542508347,5.48154090774556,-45.5116937062551));
#8541=CARTESIAN_POINT('Ctrl Pts',(336.221542508347,3.53407744392616,-45.5116937062551));
#8542=CARTESIAN_POINT('Ctrl Pts',(323.222492246271,17.1702535717577,-45.6688314929732));
#8543=CARTESIAN_POINT('Ctrl Pts',(325.260240007473,17.1702535717577,-45.6441983723506));
#8544=CARTESIAN_POINT('Ctrl Pts',(328.311926954347,16.468205360784,-45.6071118951397));
#8545=CARTESIAN_POINT('Ctrl Pts',(332.650943097107,13.7350018188854,-45.5547411523559));
#8546=CARTESIAN_POINT('Ctrl Pts',(335.900820461482,9.64710930246422,-45.5155057977719));
#8547=CARTESIAN_POINT('Ctrl Pts',(336.822944105301,5.57133698909098,-45.5042996722204));
#8548=CARTESIAN_POINT('Ctrl Pts',(336.819897391966,3.53407744392616,-45.5044605499715));
#8549=CARTESIAN_POINT('Ctrl Pts',(323.229013414148,18.2386492104147,-46.2082879201364));
#8550=CARTESIAN_POINT('Ctrl Pts',(325.426242195994,18.2386492104147,-46.1817269283154));
#8551=CARTESIAN_POINT('Ctrl Pts',(328.717874839301,17.4787800983248,-46.1400359435955));
#8552=CARTESIAN_POINT('Ctrl Pts',(333.391732892942,14.5269568253917,-46.0761457581368));
#8553=CARTESIAN_POINT('Ctrl Pts',(336.885940413303,10.1157804234947,-46.0229402286162));
#8554=CARTESIAN_POINT('Ctrl Pts',(337.869428575583,5.72557035823591,-46.0003007546145));
#8555=CARTESIAN_POINT('Ctrl Pts',(337.861464278038,3.53407744392615,-45.9950632755471));
#8556=CARTESIAN_POINT('Ctrl Pts',(323.242334311399,18.573438754903,-47.3102444674279));
#8557=CARTESIAN_POINT('Ctrl Pts',(325.490061148463,18.573438754903,-47.2830730346539));
#8558=CARTESIAN_POINT('Ctrl Pts',(328.856681491161,17.7986969163993,-47.2377530762342));
#8559=CARTESIAN_POINT('Ctrl Pts',(333.642588466632,14.7842545931186,-47.1616946944454));
#8560=CARTESIAN_POINT('Ctrl Pts',(337.227073893016,10.2756869075337,-47.0912174633152));
#8561=CARTESIAN_POINT('Ctrl Pts',(338.243852864182,5.78055876482617,-47.0520195085477));
#8562=CARTESIAN_POINT('Ctrl Pts',(338.240146571719,3.53407744392613,-47.0386063859038));
#8563=CARTESIAN_POINT('Ctrl Pts',(323.24793229664,18.5491718014589,-47.7733316283079));
#8564=CARTESIAN_POINT('Ctrl Pts',(325.491763110211,18.5491718014589,-47.7462072922445));
#8565=CARTESIAN_POINT('Ctrl Pts',(328.853191512929,17.7767143205363,-47.7001886292277));
#8566=CARTESIAN_POINT('Ctrl Pts',(333.63471059354,14.7709500923803,-47.621436244686));
#8567=CARTESIAN_POINT('Ctrl Pts',(337.221544001977,10.2721960450807,-47.5467189358743));
#8568=CARTESIAN_POINT('Ctrl Pts',(338.245760683425,5.78033030709671,-47.5030275908393));
#8569=CARTESIAN_POINT('Ctrl Pts',(338.245571438931,3.53407744392612,-47.4873725486179));
#8570=CARTESIAN_POINT('Origin',(336.245717552458,3.53407744392613,-47.5115475927284));
#8571=CARTESIAN_POINT('Origin',(336.245717552458,-134.522619515552,-47.5115475927284));
#8572=CARTESIAN_POINT('Origin',(336.245717552458,-181.934837943028,-47.5115475927284));
#8573=CARTESIAN_POINT('Ctrl Pts',(328.245036999534,-191.943072938325,-47.5036015203181));
#8574=CARTESIAN_POINT('Ctrl Pts',(330.488867813278,-191.943072938325,-47.4764771842526));
#8575=CARTESIAN_POINT('Ctrl Pts',(334.214707575624,-190.62976310809,-47.4451717166109));
#8576=CARTESIAN_POINT('Ctrl Pts',(337.560492061007,-186.420740427307,-47.4487425507648));
#8577=CARTESIAN_POINT('Ctrl Pts',(338.245382194438,-183.432066397153,-47.4717175063965));
#8578=CARTESIAN_POINT('Ctrl Pts',(338.245571438931,-181.934837943028,-47.4873725486179));
#8579=CARTESIAN_POINT('Ctrl Pts',(328.238054486037,-191.912804132204,-46.9259807850991));
#8580=CARTESIAN_POINT('Ctrl Pts',(330.476338235331,-191.912804132204,-46.8989235041963));
#8581=CARTESIAN_POINT('Ctrl Pts',(334.189617641424,-190.61064043305,-46.8649743108542));
#8582=CARTESIAN_POINT('Ctrl Pts',(337.541062368949,-186.416973312064,-46.8595891717556));
#8583=CARTESIAN_POINT('Ctrl Pts',(338.233355617859,-183.433038038104,-46.8764184500416));
#8584=CARTESIAN_POINT('Ctrl Pts',(338.238338282648,-181.934837943028,-46.8890176649991));
#8585=CARTESIAN_POINT('Ctrl Pts',(328.226246099144,-191.393498881,-45.9491449905854));
#8586=CARTESIAN_POINT('Ctrl Pts',(330.346290385226,-191.393498881,-45.9235170362239));
#8587=CARTESIAN_POINT('Ctrl Pts',(333.868242094064,-190.158990647585,-45.8841156484922));
#8588=CARTESIAN_POINT('Ctrl Pts',(337.05101476237,-186.188752470607,-45.8560776486249));
#8589=CARTESIAN_POINT('Ctrl Pts',(337.716101330823,-183.356797607884,-45.8555562981116));
#8590=CARTESIAN_POINT('Ctrl Pts',(337.723597376587,-181.934837943028,-45.8592782937022));
#8591=CARTESIAN_POINT('Ctrl Pts',(328.222126961682,-190.379654487637,-45.6083938827064));
#8592=CARTESIAN_POINT('Ctrl Pts',(330.114455195455,-190.379654487637,-45.5855186522546));
#8593=CARTESIAN_POINT('Ctrl Pts',(333.257408201366,-189.273243537516,-45.5476347088563));
#8594=CARTESIAN_POINT('Ctrl Pts',(336.085161936163,-185.724207019014,-45.5133638439891));
#8595=CARTESIAN_POINT('Ctrl Pts',(336.668096629159,-183.200158368704,-45.5063352425559));
#8596=CARTESIAN_POINT('Ctrl Pts',(336.670308671062,-181.934837943028,-45.5062688390424));
#8597=CARTESIAN_POINT('Ctrl Pts',(328.222126961682,-189.945812924617,-45.6083938827064));
#8598=CARTESIAN_POINT('Ctrl Pts',(330.017191612711,-189.945812924617,-45.5866944138535));
#8599=CARTESIAN_POINT('Ctrl Pts',(332.997730624393,-188.894589387396,-45.5506644505808));
#8600=CARTESIAN_POINT('Ctrl Pts',(335.673932608034,-185.52552627002,-45.5183134366189));
#8601=CARTESIAN_POINT('Ctrl Pts',(336.221542508348,-183.133276997802,-45.5116937062551));
#8602=CARTESIAN_POINT('Ctrl Pts',(336.221542508348,-181.934837943028,-45.5116937062551));
#8603=CARTESIAN_POINT('Origin',(328.246302005792,-189.945812924617,-47.6082477691796));
#8604=CARTESIAN_POINT('Origin',(240.723989804159,-189.945812924617,-48.6662529426757));
#8605=CARTESIAN_POINT('Origin',(223.253972965945,-189.945812924617,-48.8774375849793));
#8606=CARTESIAN_POINT('Ctrl Pts',(213.619576227612,-184.614983457953,-48.9658743414771));
#8607=CARTESIAN_POINT('Ctrl Pts',(213.950877514464,-185.80855971091,-48.9493875631319));
#8608=CARTESIAN_POINT('Ctrl Pts',(215.062074298679,-188.068381473093,-48.912322784495));
#8609=CARTESIAN_POINT('Ctrl Pts',(218.307472463024,-191.055152168867,-48.8418568155877));
#8610=CARTESIAN_POINT('Ctrl Pts',(221.396138421415,-191.943072938325,-48.7952343009691));
#8611=CARTESIAN_POINT('Ctrl Pts',(223.252707959687,-191.943072938325,-48.7727913361178));
#8612=CARTESIAN_POINT('Ctrl Pts',(213.620415434648,-184.612760797137,-48.3728189004975));
#8613=CARTESIAN_POINT('Ctrl Pts',(213.95532050604,-185.805080103648,-48.3587314141414));
#8614=CARTESIAN_POINT('Ctrl Pts',(215.070104063484,-188.058288749782,-48.3262854676789));
#8615=CARTESIAN_POINT('Ctrl Pts',(218.316024843868,-191.032360944976,-48.2621678993583));
#8616=CARTESIAN_POINT('Ctrl Pts',(221.393745608185,-191.912804132204,-48.2175580835936));
#8617=CARTESIAN_POINT('Ctrl Pts',(223.24572544619,-191.912804132204,-48.1951706008989));
#8618=CARTESIAN_POINT('Ctrl Pts',(214.096713514901,-184.477124960617,-47.3469457839895));
#8619=CARTESIAN_POINT('Ctrl Pts',(214.416591487142,-185.607572337053,-47.3400713058542));
#8620=CARTESIAN_POINT('Ctrl Pts',(215.480194879479,-187.744036919656,-47.3215784615687));
#8621=CARTESIAN_POINT('Ctrl Pts',(218.56021964511,-190.558614346406,-47.2769685189492));
#8622=CARTESIAN_POINT('Ctrl Pts',(221.479769702797,-191.393509263075,-47.2395304681762));
#8623=CARTESIAN_POINT('Ctrl Pts',(223.233916948315,-191.393509263075,-47.2183256255007));
#8624=CARTESIAN_POINT('Ctrl Pts',(215.093991235658,-184.199091141662,-46.9759326263167));
#8625=CARTESIAN_POINT('Ctrl Pts',(215.375524784061,-185.206864343073,-46.9725597734974));
#8626=CARTESIAN_POINT('Ctrl Pts',(216.317120384357,-187.113913890124,-46.9611656993596));
#8627=CARTESIAN_POINT('Ctrl Pts',(219.058443437726,-189.63153344924,-46.9280889042389));
#8628=CARTESIAN_POINT('Ctrl Pts',(221.664065365822,-190.379654487637,-46.8965109080701));
#8629=CARTESIAN_POINT('Ctrl Pts',(223.229797921835,-190.379654487637,-46.8775836985061));
#8630=CARTESIAN_POINT('Ctrl Pts',(215.522551539829,-184.080129163362,-46.9707520157094));
#8631=CARTESIAN_POINT('Ctrl Pts',(215.787713260444,-185.035513355046,-46.9675466333884));
#8632=CARTESIAN_POINT('Ctrl Pts',(216.676899194761,-186.844361329578,-46.9567977935207));
#8633=CARTESIAN_POINT('Ctrl Pts',(219.273519740296,-189.235087100016,-46.9254087922286));
#8634=CARTESIAN_POINT('Ctrl Pts',(221.744542291172,-189.945812924617,-46.8955380703876));
#8635=CARTESIAN_POINT('Ctrl Pts',(223.229797921835,-189.945812924617,-46.8775836985061));
#8636=CARTESIAN_POINT('Origin',(215.546726583939,-184.080129163362,-48.9706059021827));
#8637=CARTESIAN_POINT('Origin',(188.230957514263,-85.6607423366382,-49.3008099869098));
#8638=CARTESIAN_POINT('Ctrl Pts',(187.268690532258,11.3925165043079,-50.3125153221951));
#8639=CARTESIAN_POINT('Ctrl Pts',(187.232427966093,11.3925165043079,-47.3127344924851));
#8640=CARTESIAN_POINT('Ctrl Pts',(188.083105349948,12.0042102609721,-50.302670345882));
#8641=CARTESIAN_POINT('Ctrl Pts',(188.046842783782,12.0042102609721,-47.3028895161721));
#8642=CARTESIAN_POINT('Ctrl Pts',(188.982176606893,12.4941425388515,-50.2918020082289));
#8643=CARTESIAN_POINT('Ctrl Pts',(188.945914040728,12.4941425388515,-47.292021178519));
#8644=CARTESIAN_POINT('Ctrl Pts',(191.100078884961,13.2757664590025,-50.2661999473282));
#8645=CARTESIAN_POINT('Ctrl Pts',(191.063816318795,13.2757664590025,-47.2664191176183));
#8646=CARTESIAN_POINT('Ctrl Pts',(192.329239739007,13.4953974367716,-50.2513413528747));
#8647=CARTESIAN_POINT('Ctrl Pts',(192.292977172842,13.4953974367716,-47.2515605231647));
#8648=CARTESIAN_POINT('Ctrl Pts',(193.568230274649,13.4953974367716,-50.236363933247));
#8649=CARTESIAN_POINT('Ctrl Pts',(193.531967708484,13.4953974367716,-47.2365831035371));
#8650=CARTESIAN_POINT('Origin',(322.758791340819,-77.2288942209582,-48.6746560837107));
#8651=CARTESIAN_POINT('',(322.758791340819,-77.2288942209582,-48.6746560837107));
#8652=CARTESIAN_POINT('',(322.758791340819,-77.2288942209582,-48.6746560837107));
#8653=CARTESIAN_POINT('',(290.482442752623,-77.2288942209582,-49.0648256636596));
#8654=CARTESIAN_POINT('Ctrl Pts',(322.758791340819,-77.2288942209582,-48.6746560837107));
#8655=CARTESIAN_POINT('Ctrl Pts',(333.258024244803,-77.2288942209582,-48.5477371021307));
#8656=CARTESIAN_POINT('Ctrl Pts',(333.258024244803,-66.7144895586385,-48.5477371021307));
#8657=CARTESIAN_POINT('Ctrl Pts',(322.728572535681,-77.2288942209582,-46.1748387256191));
#8658=CARTESIAN_POINT('Ctrl Pts',(333.227805439665,-77.2288942209582,-46.0479197440391));
#8659=CARTESIAN_POINT('Ctrl Pts',(333.227805439665,-66.7144895586385,-46.0479197440391));
#8660=CARTESIAN_POINT('Origin',(322.758791340819,-66.7144895586385,-48.6746560837107));
#8661=CARTESIAN_POINT('Ctrl Pts',(333.258024244803,2.98099277445175,-48.5477371021307));
#8662=CARTESIAN_POINT('Ctrl Pts',(333.258024244803,13.4953974367713,-48.5477371021307));
#8663=CARTESIAN_POINT('Ctrl Pts',(322.758791340819,13.4953974367715,-48.6746560837107));
#8664=CARTESIAN_POINT('Ctrl Pts',(333.227805439665,2.98099277445175,-46.0479197440391));
#8665=CARTESIAN_POINT('Ctrl Pts',(333.227805439665,13.4953974367713,-46.0479197440391));
#8666=CARTESIAN_POINT('Ctrl Pts',(322.728572535681,13.4953974367715,-46.1748387256191));
#8667=CARTESIAN_POINT('Origin',(283.561655165947,-42.4543329441641,-49.1484869482758));
#8668=CARTESIAN_POINT('',(186.961912504294,-70.1938902070674,-50.316223779302));
#8669=CARTESIAN_POINT('Origin',(189.04662533429,-77.4746536179357,-50.2910229258978));
#8670=CARTESIAN_POINT('',(189.04662533429,-77.4746536179357,-50.2910229258978));
#8671=CARTESIAN_POINT('Origin',(202.983901638707,-73.4724289382138,-50.1225434826154));
#8672=CARTESIAN_POINT('',(205.501616265354,-87.7717313031212,-50.0921083280432));
#8673=CARTESIAN_POINT('Origin',(265.206740546332,-77.2288942209582,-49.3703685935173));
#8674=CARTESIAN_POINT('',(265.206740546332,-77.2288942209582,-49.3703685935173));
#8675=CARTESIAN_POINT('Origin',(322.758791340819,-77.2288942209582,-48.6746560837107));
#8676=CARTESIAN_POINT('',(322.758791340819,-77.2288942209582,-48.6746560837107));
#8677=CARTESIAN_POINT('Origin',(322.758791340819,-66.7144895586385,-48.6746560837107));
#8678=CARTESIAN_POINT('Ctrl Pts',(178.506994942068,-42.8211240763601,-86.6263693056045));
#8679=CARTESIAN_POINT('Ctrl Pts',(178.507034107101,-50.9327158110508,-86.6296091899977));
#8680=CARTESIAN_POINT('Ctrl Pts',(179.441831994748,-59.0439293955424,-86.4378482620617));
#8681=CARTESIAN_POINT('Ctrl Pts',(181.286842500504,-66.9413970672229,-86.0561296661248));
#8682=CARTESIAN_POINT('Ctrl Pts',(178.606098481433,-42.8210919229877,-86.7059509515136));
#8683=CARTESIAN_POINT('Ctrl Pts',(178.606134560559,-50.9263689487787,-86.7091883506579));
#8684=CARTESIAN_POINT('Ctrl Pts',(179.540378413093,-59.0312678800911,-86.5175743617348));
#8685=CARTESIAN_POINT('Ctrl Pts',(181.384277431955,-66.9224893258194,-86.1361499535948));
#8686=CARTESIAN_POINT('Ctrl Pts',(178.705202020799,-42.8210597696153,-86.7855325974228));
#8687=CARTESIAN_POINT('Ctrl Pts',(178.705235014016,-50.9200220865066,-86.7887675113182));
#8688=CARTESIAN_POINT('Ctrl Pts',(179.638924831439,-59.0186063646398,-86.5973004614079));
#8689=CARTESIAN_POINT('Ctrl Pts',(181.481712363406,-66.9035815844159,-86.2161702410649));
#8690=CARTESIAN_POINT('Ctrl Pts',(178.804305560165,-42.8210276162429,-86.8651142433319));
#8691=CARTESIAN_POINT('Ctrl Pts',(178.804335467474,-50.9136752242345,-86.8683466719785));
#8692=CARTESIAN_POINT('Ctrl Pts',(179.737471249785,-59.0059448491884,-86.6770265610809));
#8693=CARTESIAN_POINT('Ctrl Pts',(181.579147294857,-66.8846738430125,-86.2961905285349));
#8694=CARTESIAN_POINT('',(181.286842500504,-66.9413970672229,-86.0561296661248));
#8695=CARTESIAN_POINT('',(178.506994942068,-42.8211240763601,-86.6263693056045));
#8696=CARTESIAN_POINT('Ctrl Pts',(181.286842500504,-66.9413970672229,-86.0561296661248));
#8697=CARTESIAN_POINT('Ctrl Pts',(179.441831994748,-59.0439293955424,-86.4378482620617));
#8698=CARTESIAN_POINT('Ctrl Pts',(178.507034107101,-50.9327158110508,-86.6296091899977));
#8699=CARTESIAN_POINT('Ctrl Pts',(178.506994942068,-42.8211240763601,-86.6263693056045));
#8700=CARTESIAN_POINT('',(178.804305560165,-42.8210276162429,-86.8651142433319));
#8701=CARTESIAN_POINT('',(178.506994942068,-42.8211240763601,-86.6263693056045));
#8702=CARTESIAN_POINT('',(181.575334964757,-66.8683587794353,-86.2969788693363));
#8703=CARTESIAN_POINT('Ctrl Pts',(178.804305560165,-42.8210276162429,-86.8651142433319));
#8704=CARTESIAN_POINT('Ctrl Pts',(178.80433544683,-50.9080893149068,-86.8683444408109));
#8705=CARTESIAN_POINT('Ctrl Pts',(179.736183509787,-58.9947735521547,-86.6772905838781));
#8706=CARTESIAN_POINT('Ctrl Pts',(181.57533497056,-66.8683587786267,-86.2969788681262));
#8707=CARTESIAN_POINT('Ctrl Pts',(181.575334964509,-66.8683587794677,-86.2969788691365));
#8708=CARTESIAN_POINT('Ctrl Pts',(181.527254928379,-66.8805329093998,-86.2568386083908));
#8709=CARTESIAN_POINT('Ctrl Pts',(181.479172348891,-66.8927068844598,-86.2166964396615));
#8710=CARTESIAN_POINT('Ctrl Pts',(181.383007334876,-66.9170531984216,-86.136412654432));
#8711=CARTESIAN_POINT('Ctrl Pts',(181.334925058455,-66.929225497372,-86.0962711699073));
#8712=CARTESIAN_POINT('Ctrl Pts',(181.286842500504,-66.9413970672226,-86.0561296661248));
#8713=CARTESIAN_POINT('Origin',(201.590776341912,-139.71209949848,-82.0023449439238));
#8714=CARTESIAN_POINT('',(214.272320348782,-184.954012975127,-79.5269216429454));
#8715=CARTESIAN_POINT('',(201.735969325996,-139.678792817498,-82.1226292544444));
#8716=CARTESIAN_POINT('',(213.981934380613,-185.020626337091,-79.2863530219042));
#8717=CARTESIAN_POINT('',(214.272320348782,-184.954012975127,-79.5269216429454));
#8718=CARTESIAN_POINT('',(181.287452253689,-66.9440126920462,-86.0558919377039));
#8719=CARTESIAN_POINT('',(201.445583357828,-139.745406179462,-81.8820606334032));
#8720=CARTESIAN_POINT('Origin',(285.047968909198,-42.8211240763797,-172.102153646004));
#8721=CARTESIAN_POINT('Ctrl Pts',(213.986092025356,-185.035641834003,-79.2854898568274));
#8722=CARTESIAN_POINT('Ctrl Pts',(214.642914871156,-187.407799142315,-79.1487631807231));
#8723=CARTESIAN_POINT('Ctrl Pts',(217.385334123618,-191.097076491925,-78.5754433944089));
#8724=CARTESIAN_POINT('Ctrl Pts',(221.689876605936,-192.356869068174,-77.6768842772399));
#8725=CARTESIAN_POINT('Ctrl Pts',(223.539766808613,-192.367579963819,-77.2911764650524));
#8726=CARTESIAN_POINT('Ctrl Pts',(214.082856677721,-185.013311777028,-79.3656865103909));
#8727=CARTESIAN_POINT('Ctrl Pts',(214.73543647935,-187.365457506005,-79.2300793587516));
#8728=CARTESIAN_POINT('Ctrl Pts',(217.460117505115,-191.020766806444,-78.6614451830415));
#8729=CARTESIAN_POINT('Ctrl Pts',(221.728102385085,-192.260494898194,-77.771022634751));
#8730=CARTESIAN_POINT('Ctrl Pts',(223.560169852452,-192.26763549529,-77.3890328843065));
#8731=CARTESIAN_POINT('Ctrl Pts',(214.179621330086,-184.990981720053,-79.4458831639543));
#8732=CARTESIAN_POINT('Ctrl Pts',(214.827958087545,-187.323115869695,-79.3113955367802));
#8733=CARTESIAN_POINT('Ctrl Pts',(217.534900886611,-190.944457120963,-78.7474469716741));
#8734=CARTESIAN_POINT('Ctrl Pts',(221.766328164234,-192.164120728213,-77.8651609922622));
#8735=CARTESIAN_POINT('Ctrl Pts',(223.580572896291,-192.167691026761,-77.4868893035605));
#8736=CARTESIAN_POINT('Ctrl Pts',(214.276385982451,-184.968651663079,-79.5260798175178));
#8737=CARTESIAN_POINT('Ctrl Pts',(214.920479695739,-187.280774233385,-79.3927117148087));
#8738=CARTESIAN_POINT('Ctrl Pts',(217.609684268108,-190.868147435481,-78.8334487603068));
#8739=CARTESIAN_POINT('Ctrl Pts',(221.804553943382,-192.067746558233,-77.9592993497734));
#8740=CARTESIAN_POINT('Ctrl Pts',(223.60097594013,-192.067746558233,-77.5847457228145));
#8741=CARTESIAN_POINT('',(213.986092025356,-185.035641834002,-79.2854898568198));
#8742=CARTESIAN_POINT('',(214.276385982451,-184.968651663079,-79.5260798175178));
#8743=CARTESIAN_POINT('',(213.986092025356,-185.035641834002,-79.2854898568198));
#8744=CARTESIAN_POINT('',(223.60097594013,-192.067746558233,-77.5847457228145));
#8745=CARTESIAN_POINT('Ctrl Pts',(214.276385982451,-184.968651663079,-79.5260798175178));
#8746=CARTESIAN_POINT('Ctrl Pts',(214.920479695739,-187.280774233385,-79.3927117148087));
#8747=CARTESIAN_POINT('Ctrl Pts',(217.609684268108,-190.868147435481,-78.8334487603068));
#8748=CARTESIAN_POINT('Ctrl Pts',(221.804553943382,-192.067746558233,-77.9592993497734));
#8749=CARTESIAN_POINT('Ctrl Pts',(223.60097594013,-192.067746558233,-77.5847457228145));
#8750=CARTESIAN_POINT('',(223.539766808613,-192.367579963819,-77.2911764650524));
#8751=CARTESIAN_POINT('',(223.60097594013,-192.067746558233,-77.5847457228145));
#8752=CARTESIAN_POINT('Ctrl Pts',(223.539766808613,-192.367579963819,-77.2911764650524));
#8753=CARTESIAN_POINT('Ctrl Pts',(221.689876605936,-192.356869068174,-77.6768842772399));
#8754=CARTESIAN_POINT('Ctrl Pts',(217.385334123618,-191.097076491925,-78.5754433944089));
#8755=CARTESIAN_POINT('Ctrl Pts',(214.642914871156,-187.407799142315,-79.1487631807231));
#8756=CARTESIAN_POINT('Ctrl Pts',(213.986092025356,-185.035641834003,-79.2854898568274));
#8757=CARTESIAN_POINT('Ctrl Pts',(213.981934380613,-185.020626337091,-79.2863530219042));
#8758=CARTESIAN_POINT('Ctrl Pts',(213.983320270938,-185.02563150083,-79.2860660671071));
#8759=CARTESIAN_POINT('Ctrl Pts',(213.984706151392,-185.030636662403,-79.2857783454845));
#8760=CARTESIAN_POINT('Ctrl Pts',(213.986092025356,-185.035641834003,-79.2854898568274));
#8761=CARTESIAN_POINT('Ctrl Pts',(214.078729703336,-184.998421883103,-79.3665425622513));
#8762=CARTESIAN_POINT('Ctrl Pts',(214.080104098877,-185.003385533255,-79.3662579875007));
#8763=CARTESIAN_POINT('Ctrl Pts',(214.081479756436,-185.008348829183,-79.3659726368892));
#8764=CARTESIAN_POINT('Ctrl Pts',(214.082856677721,-185.013311777028,-79.3656865103909));
#8765=CARTESIAN_POINT('Ctrl Pts',(214.175525026059,-184.976217429115,-79.4467321025983));
#8766=CARTESIAN_POINT('Ctrl Pts',(214.176887926815,-184.98113956568,-79.4464499078944));
#8767=CARTESIAN_POINT('Ctrl Pts',(214.17825336148,-184.986060995963,-79.446166928294));
#8768=CARTESIAN_POINT('Ctrl Pts',(214.179621330086,-184.990981720053,-79.4458831639543));
#8769=CARTESIAN_POINT('Ctrl Pts',(214.272320348782,-184.954012975127,-79.5269216429454));
#8770=CARTESIAN_POINT('Ctrl Pts',(214.273671754753,-184.958893598105,-79.5266418282881));
#8771=CARTESIAN_POINT('Ctrl Pts',(214.275026966524,-184.963773162743,-79.5263612196987));
#8772=CARTESIAN_POINT('Ctrl Pts',(214.276385982451,-184.968651663079,-79.5260798175178));
#8773=CARTESIAN_POINT('Ctrl Pts',(213.986092025356,-185.035641834003,-79.2854898568274));
#8774=CARTESIAN_POINT('Ctrl Pts',(213.984706151392,-185.030636662403,-79.2857783454845));
#8775=CARTESIAN_POINT('Ctrl Pts',(213.983320270938,-185.02563150083,-79.2860660671071));
#8776=CARTESIAN_POINT('Ctrl Pts',(213.981934380613,-185.020626337091,-79.2863530219042));
#8777=CARTESIAN_POINT('Ctrl Pts',(214.272320348782,-184.954012975127,-79.5269216429454));
#8778=CARTESIAN_POINT('Ctrl Pts',(214.273671754753,-184.958893598105,-79.5266418282881));
#8779=CARTESIAN_POINT('Ctrl Pts',(214.275026966524,-184.963773162743,-79.5263612196987));
#8780=CARTESIAN_POINT('Ctrl Pts',(214.276385982451,-184.968651663079,-79.5260798175178));
#8781=CARTESIAN_POINT('Origin',(227.63815145035,-192.217746546721,-76.5898297382072));
#8782=CARTESIAN_POINT('',(241.818681412307,-192.067746558233,-73.7863577762044));
#8783=CARTESIAN_POINT('',(241.8980538416,-192.36774653521,-73.4634772438982));
#8784=CARTESIAN_POINT('',(237.530149469688,-175.85859817365,-91.2317539771673));
#8785=CARTESIAN_POINT('',(223.597304733744,-192.36774653521,-77.279179771935));
#8786=CARTESIAN_POINT('',(227.607546879872,-192.36774653521,-76.4430450866912));
#8787=CARTESIAN_POINT('',(223.658513874699,-192.067746558232,-77.5727490749669));
#8788=CARTESIAN_POINT('',(223.597304733744,-192.36774653521,-77.279179771935));
#8789=CARTESIAN_POINT('',(227.668756020828,-192.067746558233,-76.7366143897231));
#8790=CARTESIAN_POINT('Ctrl Pts',(223.539766808613,-192.367579963819,-77.2911764650524));
#8791=CARTESIAN_POINT('Ctrl Pts',(223.558946107551,-192.367691012285,-77.2871775220763));
#8792=CARTESIAN_POINT('Ctrl Pts',(223.578125422221,-192.36774653521,-77.2831786545509));
#8793=CARTESIAN_POINT('Ctrl Pts',(223.597304733744,-192.36774653521,-77.279179771935));
#8794=CARTESIAN_POINT('Ctrl Pts',(223.560169852452,-192.26763549529,-77.3890328843065));
#8795=CARTESIAN_POINT('Ctrl Pts',(223.579349155585,-192.267709527601,-77.3850339614504));
#8796=CARTESIAN_POINT('Ctrl Pts',(223.598528469206,-192.267746542884,-77.3810350888948));
#8797=CARTESIAN_POINT('Ctrl Pts',(223.617707780729,-192.267746542884,-77.377036206279));
#8798=CARTESIAN_POINT('Ctrl Pts',(223.580572896291,-192.167691026761,-77.4868893035605));
#8799=CARTESIAN_POINT('Ctrl Pts',(223.599752203619,-192.167728042917,-77.4828904008245));
#8800=CARTESIAN_POINT('Ctrl Pts',(223.618931516191,-192.167746550558,-77.4788915232388));
#8801=CARTESIAN_POINT('Ctrl Pts',(223.638110827714,-192.167746550558,-77.474892640623));
#8802=CARTESIAN_POINT('Ctrl Pts',(223.60097594013,-192.067746558233,-77.5847457228145));
#8803=CARTESIAN_POINT('Ctrl Pts',(223.620155251653,-192.067746558233,-77.5807468401987));
#8804=CARTESIAN_POINT('Ctrl Pts',(223.639334563176,-192.067746558233,-77.5767479575828));
#8805=CARTESIAN_POINT('Ctrl Pts',(223.658513874699,-192.067746558233,-77.5727490749669));
#8806=CARTESIAN_POINT('Ctrl Pts',(223.597304733744,-192.36774653521,-77.279179771935));
#8807=CARTESIAN_POINT('Ctrl Pts',(223.578125422221,-192.36774653521,-77.2831786545509));
#8808=CARTESIAN_POINT('Ctrl Pts',(223.558946107551,-192.367691012285,-77.2871775220763));
#8809=CARTESIAN_POINT('Ctrl Pts',(223.539766808613,-192.367579963819,-77.2911764650524));
#8810=CARTESIAN_POINT('Ctrl Pts',(223.60097594013,-192.067746558233,-77.5847457228145));
#8811=CARTESIAN_POINT('Ctrl Pts',(223.620155251653,-192.067746558233,-77.5807468401987));
#8812=CARTESIAN_POINT('Ctrl Pts',(223.639334563176,-192.067746558233,-77.5767479575828));
#8813=CARTESIAN_POINT('Ctrl Pts',(223.658513874699,-192.067746558233,-77.5727490749669));
#8814=CARTESIAN_POINT('Origin',(178.655757092198,-64.9615715349988,-86.7545800882325));
#8815=CARTESIAN_POINT('',(178.506773273375,3.11488757853908,-86.6080320068885));
#8816=CARTESIAN_POINT('',(178.507101783184,-64.961619904911,-86.6352076194242));
#8817=CARTESIAN_POINT('',(178.804083891403,3.11498431836341,-86.8467769445051));
#8818=CARTESIAN_POINT('',(178.506773273375,3.11488757853908,-86.6080320068885));
#8819=CARTESIAN_POINT('',(178.804412401212,-64.9615231650867,-86.8739525570408));
#8820=CARTESIAN_POINT('Origin',(204.302879357178,17.9854656790772,-81.3711063204003));
#8821=CARTESIAN_POINT('',(203.445601474823,18.1354656675657,-81.3965628295405));
#8822=CARTESIAN_POINT('',(203.449298118394,17.8354656905886,-81.7023635957707));
#8823=CARTESIAN_POINT('',(203.371234849916,24.1706663383188,-75.2446657258611));
#8824=CARTESIAN_POINT('',(193.531270745312,17.8354656905887,-83.7702703190186));
#8825=CARTESIAN_POINT('',(204.333507917162,17.8354656905886,-81.5180060296084));
#8826=CARTESIAN_POINT('',(193.470013625345,18.1354656675658,-83.4764709006024));
#8827=CARTESIAN_POINT('',(193.531270745312,17.8354656905887,-83.7702703190186));
#8828=CARTESIAN_POINT('',(204.272250797195,18.1354656675657,-81.2242066111922));
#8829=CARTESIAN_POINT('Ctrl Pts',(193.412475694971,18.135354620466,-83.4884675685697));
#8830=CARTESIAN_POINT('Ctrl Pts',(191.733596531136,18.1288741873883,-83.838515988743));
#8831=CARTESIAN_POINT('Ctrl Pts',(188.381567400428,17.5426184610523,-84.5380917069879));
#8832=CARTESIAN_POINT('Ctrl Pts',(183.430475378141,14.7764957383218,-85.5734056950664));
#8833=CARTESIAN_POINT('Ctrl Pts',(179.520861976326,9.82872738288958,-86.3930677170661));
#8834=CARTESIAN_POINT('Ctrl Pts',(178.506762429959,5.35316868673546,-86.6071349972025));
#8835=CARTESIAN_POINT('Ctrl Pts',(178.506773273374,3.11488757853904,-86.6080320067948));
#8836=CARTESIAN_POINT('Ctrl Pts',(193.432894733561,18.0353916438402,-83.5864007013352));
#8837=CARTESIAN_POINT('Ctrl Pts',(191.764809224022,18.0310713551218,-83.9341978299595));
#8838=CARTESIAN_POINT('Ctrl Pts',(188.432884688125,17.4527948676205,-84.6294306521084));
#8839=CARTESIAN_POINT('Ctrl Pts',(183.507756130463,14.7086771122941,-85.6586873586264));
#8840=CARTESIAN_POINT('Ctrl Pts',(179.615835593451,9.79185060957702,-86.4738052653003));
#8841=CARTESIAN_POINT('Ctrl Pts',(178.605871894433,5.34090375850346,-86.686721500363));
#8842=CARTESIAN_POINT('Ctrl Pts',(178.605876812877,3.11491916718258,-86.6876136529282));
#8843=CARTESIAN_POINT('Ctrl Pts',(193.453313772152,17.9354286672145,-83.6843338341007));
#8844=CARTESIAN_POINT('Ctrl Pts',(191.796021916908,17.9332685228553,-84.0298796711758));
#8845=CARTESIAN_POINT('Ctrl Pts',(188.484201975823,17.3629712741888,-84.7207695972289));
#8846=CARTESIAN_POINT('Ctrl Pts',(183.585036882785,14.6408584862664,-85.7439690221863));
#8847=CARTESIAN_POINT('Ctrl Pts',(179.710809210575,9.75497383626447,-86.5545428135344));
#8848=CARTESIAN_POINT('Ctrl Pts',(178.704981358907,5.32863883027145,-86.7663080035236));
#8849=CARTESIAN_POINT('Ctrl Pts',(178.704980352379,3.11495075582612,-86.7671952990617));
#8850=CARTESIAN_POINT('Ctrl Pts',(193.473732810743,17.8354656905887,-83.7822669668662));
#8851=CARTESIAN_POINT('Ctrl Pts',(191.827234609794,17.8354656905887,-84.1255615123923));
#8852=CARTESIAN_POINT('Ctrl Pts',(188.53551926352,17.2731476807571,-84.8121085423494));
#8853=CARTESIAN_POINT('Ctrl Pts',(183.662317635106,14.5730398602387,-85.8292506857462));
#8854=CARTESIAN_POINT('Ctrl Pts',(179.805782827699,9.71809706295191,-86.6352803617685));
#8855=CARTESIAN_POINT('Ctrl Pts',(178.804090823381,5.31637390203945,-86.8458945066841));
#8856=CARTESIAN_POINT('Ctrl Pts',(178.804083891882,3.11498234446967,-86.8467769451951));
#8857=CARTESIAN_POINT('',(193.412475694971,18.135354620466,-83.4884675685697));
#8858=CARTESIAN_POINT('Ctrl Pts',(178.506773273374,3.11488757853904,-86.6080320067948));
#8859=CARTESIAN_POINT('Ctrl Pts',(178.506762429959,5.35316868673546,-86.6071349972025));
#8860=CARTESIAN_POINT('Ctrl Pts',(179.520861976326,9.82872738288958,-86.3930677170661));
#8861=CARTESIAN_POINT('Ctrl Pts',(183.430475378141,14.7764957383218,-85.5734056950664));
#8862=CARTESIAN_POINT('Ctrl Pts',(188.381567400428,17.5426184610523,-84.5380917069879));
#8863=CARTESIAN_POINT('Ctrl Pts',(191.733596531136,18.1288741873883,-83.838515988743));
#8864=CARTESIAN_POINT('Ctrl Pts',(193.412475694971,18.135354620466,-83.4884675685697));
#8865=CARTESIAN_POINT('',(193.473732810743,17.8354656905887,-83.7822669668662));
#8866=CARTESIAN_POINT('',(193.412475694971,18.135354620466,-83.4884675685697));
#8867=CARTESIAN_POINT('Ctrl Pts',(193.473732810743,17.8354656905887,-83.7822669668662));
#8868=CARTESIAN_POINT('Ctrl Pts',(191.827234609794,17.8354656905887,-84.1255615123923));
#8869=CARTESIAN_POINT('Ctrl Pts',(188.53551926352,17.2731476807571,-84.8121085423494));
#8870=CARTESIAN_POINT('Ctrl Pts',(183.662317635106,14.5730398602387,-85.8292506857462));
#8871=CARTESIAN_POINT('Ctrl Pts',(179.805783246849,9.7180975906149,-86.6352802741646));
#8872=CARTESIAN_POINT('Ctrl Pts',(178.804091122773,5.31637521765176,-86.8458944437345));
#8873=CARTESIAN_POINT('Ctrl Pts',(178.804083891888,3.11498431836337,-86.8467769444038));
#8874=CARTESIAN_POINT('Ctrl Pts',(193.470013625345,18.1354656675658,-83.4764709006024));
#8875=CARTESIAN_POINT('Ctrl Pts',(193.450834313822,18.1354656675658,-83.4804697832182));
#8876=CARTESIAN_POINT('Ctrl Pts',(193.431655000901,18.1354286521243,-83.4844686591274));
#8877=CARTESIAN_POINT('Ctrl Pts',(193.412475694971,18.135354620466,-83.4884675685697));
#8878=CARTESIAN_POINT('Ctrl Pts',(193.490432665334,18.0354656752401,-83.5744040400745));
#8879=CARTESIAN_POINT('Ctrl Pts',(193.471253353811,18.0354656752401,-83.5784029226903));
#8880=CARTESIAN_POINT('Ctrl Pts',(193.452074041356,18.0354409982791,-83.582401800835));
#8881=CARTESIAN_POINT('Ctrl Pts',(193.432894733562,18.0353916438402,-83.5864007013352));
#8882=CARTESIAN_POINT('Ctrl Pts',(193.510851705323,17.9354656829144,-83.6723371795465));
#8883=CARTESIAN_POINT('Ctrl Pts',(193.4916723938,17.9354656829144,-83.6763360621624));
#8884=CARTESIAN_POINT('Ctrl Pts',(193.472493081811,17.9354533444339,-83.6803349425427));
#8885=CARTESIAN_POINT('Ctrl Pts',(193.453313772152,17.9354286672145,-83.6843338341007));
#8886=CARTESIAN_POINT('Ctrl Pts',(193.531270745312,17.8354656905887,-83.7702703190186));
#8887=CARTESIAN_POINT('Ctrl Pts',(193.512091433789,17.8354656905887,-83.7742692016345));
#8888=CARTESIAN_POINT('Ctrl Pts',(193.492912122266,17.8354656905887,-83.7782680842503));
#8889=CARTESIAN_POINT('Ctrl Pts',(193.473732810743,17.8354656905887,-83.7822669668662));
#8890=CARTESIAN_POINT('Ctrl Pts',(193.412475694971,18.135354620466,-83.4884675685697));
#8891=CARTESIAN_POINT('Ctrl Pts',(193.431655000901,18.1354286521243,-83.4844686591274));
#8892=CARTESIAN_POINT('Ctrl Pts',(193.450834313822,18.1354656675658,-83.4804697832182));
#8893=CARTESIAN_POINT('Ctrl Pts',(193.470013625345,18.1354656675658,-83.4764709006024));
#8894=CARTESIAN_POINT('Ctrl Pts',(193.531270745312,17.8354656905887,-83.7702703190186));
#8895=CARTESIAN_POINT('Ctrl Pts',(193.512091433789,17.8354656905887,-83.7742692016345));
#8896=CARTESIAN_POINT('Ctrl Pts',(193.492912122266,17.8354656905887,-83.7782680842503));
#8897=CARTESIAN_POINT('Ctrl Pts',(193.473732810743,17.8354656905887,-83.7822669668662));
#8898=CARTESIAN_POINT('Origin',(210.206038042253,-87.116140433822,-80.3355861341189));
#8899=CARTESIAN_POINT('',(203.44941731065,-6.86453433243431,-81.7122236437526));
#8900=CARTESIAN_POINT('',(203.449550596694,-34.4851654861943,-81.7232495849757));
#8901=CARTESIAN_POINT('',(220.2228969972,-114.074246528319,-78.2578616357164));
#8902=CARTESIAN_POINT('',(209.712005160058,-46.8926175616339,-80.422494503273));
#8903=CARTESIAN_POINT('',(216.543828433,-100.78723510718,-79.0196292551746));
#8904=CARTESIAN_POINT('',(190.99762760317,-0.952046082354025,-84.3060531387476));
#8905=CARTESIAN_POINT('Origin',(190.990333826517,2.84794691774772,-84.3060531387476));
#8906=CARTESIAN_POINT('',(225.607939923618,-184.032359480279,-77.1630783849936));
#8907=CARTESIAN_POINT('Origin',(225.600646146965,-180.232366480178,-77.1630783849936));
#8908=CARTESIAN_POINT('Origin',(203.152148889783,18.1354656675657,-57.121021076379));
#8909=CARTESIAN_POINT('',(203.09479522102,18.1354656675657,-52.3765020237681));
#8910=CARTESIAN_POINT('',(203.152148889783,18.1354656675657,-57.121021076379));
#8911=CARTESIAN_POINT('',(203.152148889783,13.1354656675668,-57.1210210763788));
#8912=CARTESIAN_POINT('',(203.121971484201,15.7662830357371,-54.6246284509336));
#8913=CARTESIAN_POINT('',(203.152148889783,-6.86453433243431,-57.1210210763788));
#8914=CARTESIAN_POINT('',(203.152148889783,-34.3098951416434,-57.1210210763788));
#8915=CARTESIAN_POINT('',(203.152148889783,-6.86453433243431,-57.121021076379));
#8916=CARTESIAN_POINT('Origin',(193.152879457418,18.1354656675658,-57.2418962969311));
#8917=CARTESIAN_POINT('',(193.095525788654,18.1354656675658,-52.4973772443204));
#8918=CARTESIAN_POINT('',(193.152879457418,18.1354656675658,-57.2418962969311));
#8919=CARTESIAN_POINT('',(241.793000400258,18.1354656675655,-51.9087024392427));
#8920=CARTESIAN_POINT('Origin',(205.063519596841,-18.4945698062227,-64.3399530979336));
#8921=CARTESIAN_POINT('',(205.063519596841,-18.4945698062227,-64.3399530979336));
#8922=CARTESIAN_POINT('',(205.071975155652,-18.4932435996136,-65.0566371172332));
#8923=CARTESIAN_POINT('',(205.020934508701,-18.5012490366088,-60.7304870871563));
#8924=CARTESIAN_POINT('',(204.865949223441,-18.525557602633,-64.3423414086618));
#8925=CARTESIAN_POINT('',(205.063519596841,-18.4945698062227,-64.3399530979336));
#8926=CARTESIAN_POINT('',(204.874404782252,-18.5242313960239,-65.0590254279614));
#8927=CARTESIAN_POINT('',(204.874404782252,-18.5242313960239,-65.0590254279614));
#8928=CARTESIAN_POINT('',(205.071975155652,-18.4932435996136,-65.0566371172332));
#8929=CARTESIAN_POINT('Origin',(205.359497590116,-20.3816508324198,-64.3399530979336));
#8930=CARTESIAN_POINT('',(205.359497590116,-20.3816508324198,-64.3399530979336));
#8931=CARTESIAN_POINT('',(204.29840832809,-13.6164133520409,-64.3399530979336));
#8932=CARTESIAN_POINT('',(205.161927216716,-20.4126386288301,-64.3423414086618));
#8933=CARTESIAN_POINT('',(205.359497590116,-20.3816508324198,-64.3399530979336));
#8934=CARTESIAN_POINT('',(204.865949223441,-18.525557602633,-64.3423414086618));
#8935=CARTESIAN_POINT('Origin',(205.086492230685,-18.796440372376,-62.3236359818922));
#8936=CARTESIAN_POINT('',(205.086492230685,-18.796440372376,-62.3236359818922));
#8937=CARTESIAN_POINT('',(204.472343530461,-15.2303750553893,-57.787759694927));
#8938=CARTESIAN_POINT('',(204.888921857285,-18.8274281687863,-62.3260242926204));
#8939=CARTESIAN_POINT('',(205.086492230685,-18.796440372376,-62.3236359818922));
#8940=CARTESIAN_POINT('',(205.161927216716,-20.4126386288301,-64.3423414086618));
#8941=CARTESIAN_POINT('Ctrl Pts',(205.029373696946,-18.4999253976304,-61.4457835550166));
#8942=CARTESIAN_POINT('Ctrl Pts',(204.831803323546,-18.5309131940407,-61.4481718657448));
#8943=CARTESIAN_POINT('Ctrl Pts',(205.033184626816,-18.5119040919592,-61.6056176551878));
#8944=CARTESIAN_POINT('Ctrl Pts',(204.835614253415,-18.5428918883695,-61.608005965916));
#8945=CARTESIAN_POINT('Ctrl Pts',(205.040783928545,-18.535790575218,-61.9243397506947));
#8946=CARTESIAN_POINT('Ctrl Pts',(204.843213555145,-18.5667783716283,-61.9267280614229));
#8947=CARTESIAN_POINT('Ctrl Pts',(205.071286311387,-18.7097292149923,-62.1908008954138));
#8948=CARTESIAN_POINT('Ctrl Pts',(204.873715937987,-18.7407170114027,-62.193189206142));
#8949=CARTESIAN_POINT('Ctrl Pts',(205.086492230685,-18.796440372376,-62.3236359818922));
#8950=CARTESIAN_POINT('Ctrl Pts',(204.888921857285,-18.8274281687863,-62.3260242926204));
#8951=CARTESIAN_POINT('',(205.029373696946,-18.4999253976304,-61.4457835550166));
#8952=CARTESIAN_POINT('Ctrl Pts',(205.029373696946,-18.4999253976304,-61.4457835550166));
#8953=CARTESIAN_POINT('Ctrl Pts',(205.033184626816,-18.5119040919592,-61.6056176551878));
#8954=CARTESIAN_POINT('Ctrl Pts',(205.040783928545,-18.535790575218,-61.9243397506947));
#8955=CARTESIAN_POINT('Ctrl Pts',(205.071286311387,-18.7097292149923,-62.1908008954138));
#8956=CARTESIAN_POINT('Ctrl Pts',(205.086492230685,-18.796440372376,-62.3236359818922));
#8957=CARTESIAN_POINT('',(204.831803323546,-18.5309131940407,-61.4481718657448));
#8958=CARTESIAN_POINT('',(205.029373696946,-18.4999253976304,-61.4457835550166));
#8959=CARTESIAN_POINT('Ctrl Pts',(204.831803323546,-18.5309131940407,-61.4481718657448));
#8960=CARTESIAN_POINT('Ctrl Pts',(204.835614253415,-18.5428918883695,-61.608005965916));
#8961=CARTESIAN_POINT('Ctrl Pts',(204.843213555144,-18.5667783716283,-61.9267280614229));
#8962=CARTESIAN_POINT('Ctrl Pts',(204.873715937987,-18.7407170114027,-62.193189206142));
#8963=CARTESIAN_POINT('Ctrl Pts',(204.888921857285,-18.8274281687863,-62.3260242926204));
#8964=CARTESIAN_POINT('Ctrl Pts',(205.081654731995,-18.9117503844286,-60.4273376708528));
#8965=CARTESIAN_POINT('Ctrl Pts',(204.884084358595,-18.942738180839,-60.429725981581));
#8966=CARTESIAN_POINT('Ctrl Pts',(205.06487473753,-18.7936022810856,-60.5721762785115));
#8967=CARTESIAN_POINT('Ctrl Pts',(204.86730436413,-18.8245900774959,-60.5745645892397));
#8968=CARTESIAN_POINT('Ctrl Pts',(205.030586538459,-18.5521787397535,-60.8681391301624));
#8969=CARTESIAN_POINT('Ctrl Pts',(204.833016165059,-18.5831665361638,-60.8705274408906));
#8970=CARTESIAN_POINT('Ctrl Pts',(205.029783661265,-18.5175880564308,-61.2505283623413));
#8971=CARTESIAN_POINT('Ctrl Pts',(204.832213287865,-18.5485758528411,-61.2529166730695));
#8972=CARTESIAN_POINT('Ctrl Pts',(205.029373696946,-18.4999253976304,-61.4457835550166));
#8973=CARTESIAN_POINT('Ctrl Pts',(204.831803323546,-18.5309131940407,-61.4481718657448));
#8974=CARTESIAN_POINT('',(205.081654731995,-18.9117503844286,-60.4273376708528));
#8975=CARTESIAN_POINT('Ctrl Pts',(205.081654731995,-18.9117503844286,-60.4273376708528));
#8976=CARTESIAN_POINT('Ctrl Pts',(205.06487473753,-18.7936022810856,-60.5721762785115));
#8977=CARTESIAN_POINT('Ctrl Pts',(205.030586538459,-18.5521787397535,-60.8681391301624));
#8978=CARTESIAN_POINT('Ctrl Pts',(205.029783661265,-18.5175880564308,-61.2505283623413));
#8979=CARTESIAN_POINT('Ctrl Pts',(205.029373696946,-18.4999253976304,-61.4457835550166));
#8980=CARTESIAN_POINT('',(204.884084358595,-18.942738180839,-60.429725981581));
#8981=CARTESIAN_POINT('',(205.081654731995,-18.9117503844286,-60.4273376708528));
#8982=CARTESIAN_POINT('Ctrl Pts',(204.884084358595,-18.942738180839,-60.429725981581));
#8983=CARTESIAN_POINT('Ctrl Pts',(204.86730436413,-18.8245900774959,-60.5745645892397));
#8984=CARTESIAN_POINT('Ctrl Pts',(204.833016165059,-18.5831665361638,-60.8705274408906));
#8985=CARTESIAN_POINT('Ctrl Pts',(204.832213287865,-18.5485758528411,-61.2529166730695));
#8986=CARTESIAN_POINT('Ctrl Pts',(204.831803323546,-18.5309131940407,-61.4481718657448));
#8987=CARTESIAN_POINT('Ctrl Pts',(205.238870503574,-19.9458333581995,-60.0158443271297));
#8988=CARTESIAN_POINT('Ctrl Pts',(205.041300130174,-19.9768211546098,-60.0182326378579));
#8989=CARTESIAN_POINT('Ctrl Pts',(205.207723831928,-19.7459857655219,-60.0322479580882));
#8990=CARTESIAN_POINT('Ctrl Pts',(205.010153458528,-19.7769735619323,-60.0346362688164));
#8991=CARTESIAN_POINT('Ctrl Pts',(205.147511341669,-19.3596420378738,-60.0639593229667));
#8992=CARTESIAN_POINT('Ctrl Pts',(204.949940968269,-19.3906298342841,-60.0663476336948));
#8993=CARTESIAN_POINT('Ctrl Pts',(205.103095284527,-19.0575678592658,-60.3090347002757));
#8994=CARTESIAN_POINT('Ctrl Pts',(204.905524911126,-19.0885556556761,-60.3114230110039));
#8995=CARTESIAN_POINT('Ctrl Pts',(205.081654731995,-18.9117503844286,-60.4273376708528));
#8996=CARTESIAN_POINT('Ctrl Pts',(204.884084358595,-18.942738180839,-60.429725981581));
#8997=CARTESIAN_POINT('',(205.238870503574,-19.9458333581995,-60.0158443271297));
#8998=CARTESIAN_POINT('Ctrl Pts',(205.238870503574,-19.9458333581995,-60.0158443271297));
#8999=CARTESIAN_POINT('Ctrl Pts',(205.207723831928,-19.7459857655219,-60.0322479580882));
#9000=CARTESIAN_POINT('Ctrl Pts',(205.147511341669,-19.3596420378738,-60.0639593229667));
#9001=CARTESIAN_POINT('Ctrl Pts',(205.103095284527,-19.0575678592658,-60.3090347002757));
#9002=CARTESIAN_POINT('Ctrl Pts',(205.081654731995,-18.9117503844286,-60.4273376708528));
#9003=CARTESIAN_POINT('',(205.041300130174,-19.9768211546098,-60.0182326378579));
#9004=CARTESIAN_POINT('',(205.238870503574,-19.9458333581995,-60.0158443271297));
#9005=CARTESIAN_POINT('Ctrl Pts',(205.041300130174,-19.9768211546098,-60.0182326378579));
#9006=CARTESIAN_POINT('Ctrl Pts',(205.010153458528,-19.7769735619323,-60.0346362688164));
#9007=CARTESIAN_POINT('Ctrl Pts',(204.949940968269,-19.3906298342841,-60.0663476336948));
#9008=CARTESIAN_POINT('Ctrl Pts',(204.905524911126,-19.0885556556761,-60.3114230110039));
#9009=CARTESIAN_POINT('Ctrl Pts',(204.884084358595,-18.942738180839,-60.429725981581));
#9010=CARTESIAN_POINT('Ctrl Pts',(205.394024494729,-20.9038697787604,-60.4204794534242));
#9011=CARTESIAN_POINT('Ctrl Pts',(205.196454121329,-20.9348575751707,-60.4228677641524));
#9012=CARTESIAN_POINT('Ctrl Pts',(205.370993497696,-20.7659943338075,-60.3041685972965));
#9013=CARTESIAN_POINT('Ctrl Pts',(205.173423124296,-20.7969821302178,-60.3065569080247));
#9014=CARTESIAN_POINT('Ctrl Pts',(205.324564890188,-20.488048706468,-60.0696954183789));
#9015=CARTESIAN_POINT('Ctrl Pts',(205.126994516788,-20.5190365028783,-60.0720837291071));
#9016=CARTESIAN_POINT('Ctrl Pts',(205.267585274842,-20.1275207512542,-60.0338889369208));
#9017=CARTESIAN_POINT('Ctrl Pts',(205.070014901441,-20.1585085476645,-60.036277247649));
#9018=CARTESIAN_POINT('Ctrl Pts',(205.238870503574,-19.9458333581995,-60.0158443271297));
#9019=CARTESIAN_POINT('Ctrl Pts',(205.041300130174,-19.9768211546098,-60.0182326378579));
#9020=CARTESIAN_POINT('',(205.394024494729,-20.9038697787604,-60.4204794534242));
#9021=CARTESIAN_POINT('Ctrl Pts',(205.394024494729,-20.9038697787604,-60.4204794534242));
#9022=CARTESIAN_POINT('Ctrl Pts',(205.370993497696,-20.7659943338075,-60.3041685972965));
#9023=CARTESIAN_POINT('Ctrl Pts',(205.324564890188,-20.488048706468,-60.0696954183789));
#9024=CARTESIAN_POINT('Ctrl Pts',(205.267585274842,-20.1275207512542,-60.0338889369208));
#9025=CARTESIAN_POINT('Ctrl Pts',(205.238870503574,-19.9458333581995,-60.0158443271297));
#9026=CARTESIAN_POINT('',(205.196454121329,-20.9348575751707,-60.4228677641524));
#9027=CARTESIAN_POINT('',(205.394024494729,-20.9038697787604,-60.4204794534242));
#9028=CARTESIAN_POINT('Ctrl Pts',(205.196454121329,-20.9348575751707,-60.4228677641524));
#9029=CARTESIAN_POINT('Ctrl Pts',(205.173423124296,-20.7969821302178,-60.3065569080247));
#9030=CARTESIAN_POINT('Ctrl Pts',(205.126994516788,-20.5190365028783,-60.0720837291071));
#9031=CARTESIAN_POINT('Ctrl Pts',(205.070014901441,-20.1585085476645,-60.036277247649));
#9032=CARTESIAN_POINT('Ctrl Pts',(205.041300130174,-19.9768211546098,-60.0182326378579));
#9033=CARTESIAN_POINT('Ctrl Pts',(205.471030375426,-21.3152883931934,-61.4526417724452));
#9034=CARTESIAN_POINT('Ctrl Pts',(205.273460002026,-21.3462761896038,-61.4550300831734));
#9035=CARTESIAN_POINT('Ctrl Pts',(205.465232765174,-21.2935101053736,-61.2556092558242));
#9036=CARTESIAN_POINT('Ctrl Pts',(205.267662391773,-21.3244979017839,-61.2579975665524));
#9037=CARTESIAN_POINT('Ctrl Pts',(205.453949127248,-21.2511239663067,-60.8721333958627));
#9038=CARTESIAN_POINT('Ctrl Pts',(205.256378753847,-21.282111762717,-60.8745217065909));
#9039=CARTESIAN_POINT('Ctrl Pts',(205.413628236401,-21.0174704985466,-60.5682335044778));
#9040=CARTESIAN_POINT('Ctrl Pts',(205.216057863001,-21.048458294957,-60.570621815206));
#9041=CARTESIAN_POINT('Ctrl Pts',(205.394024494729,-20.9038697787604,-60.4204794534242));
#9042=CARTESIAN_POINT('Ctrl Pts',(205.196454121329,-20.9348575751707,-60.4228677641524));
#9043=CARTESIAN_POINT('',(205.471030375426,-21.3152883931934,-61.4526417724452));
#9044=CARTESIAN_POINT('Ctrl Pts',(205.471030375426,-21.3152883931934,-61.4526417724452));
#9045=CARTESIAN_POINT('Ctrl Pts',(205.465232765174,-21.2935101053736,-61.2556092558242));
#9046=CARTESIAN_POINT('Ctrl Pts',(205.453949127248,-21.2511239663067,-60.8721333958627));
#9047=CARTESIAN_POINT('Ctrl Pts',(205.413628236401,-21.0174704985466,-60.5682335044778));
#9048=CARTESIAN_POINT('Ctrl Pts',(205.394024494729,-20.9038697787604,-60.4204794534242));
#9049=CARTESIAN_POINT('',(205.273460002026,-21.3462761896038,-61.4550300831734));
#9050=CARTESIAN_POINT('',(205.471030375426,-21.3152883931934,-61.4526417724452));
#9051=CARTESIAN_POINT('Ctrl Pts',(205.273460002026,-21.3462761896038,-61.4550300831734));
#9052=CARTESIAN_POINT('Ctrl Pts',(205.267662391773,-21.3244979017839,-61.2579975665524));
#9053=CARTESIAN_POINT('Ctrl Pts',(205.256378753847,-21.282111762717,-60.8745217065909));
#9054=CARTESIAN_POINT('Ctrl Pts',(205.216057863001,-21.048458294957,-60.570621815206));
#9055=CARTESIAN_POINT('Ctrl Pts',(205.196454121329,-20.9348575751707,-60.4228677641524));
#9056=CARTESIAN_POINT('Origin',(205.360503670623,-20.6105980031607,-61.4526417724452));
#9057=CARTESIAN_POINT('',(205.360503670623,-20.6105980031607,-61.4526417724452));
#9058=CARTESIAN_POINT('',(204.281878875598,-13.7335583876317,-61.4526417724452));
#9059=CARTESIAN_POINT('',(205.162933297223,-20.641585799571,-61.4550300831734));
#9060=CARTESIAN_POINT('',(205.360503670623,-20.6105980031607,-61.4526417724452));
#9061=CARTESIAN_POINT('',(205.273460002026,-21.3462761896038,-61.4550300831734));
#9062=CARTESIAN_POINT('Ctrl Pts',(205.317036221189,-20.3744255450891,-60.9211296237202));
#9063=CARTESIAN_POINT('Ctrl Pts',(205.119465847789,-20.4054133414994,-60.9235179344483));
#9064=CARTESIAN_POINT('Ctrl Pts',(205.32732294604,-20.4344308768982,-60.9935318711476));
#9065=CARTESIAN_POINT('Ctrl Pts',(205.12975257264,-20.4654186733085,-60.9959201818758));
#9066=CARTESIAN_POINT('Ctrl Pts',(205.349220207901,-20.5621637056359,-61.1476539065076));
#9067=CARTESIAN_POINT('Ctrl Pts',(205.151649834501,-20.5931515020462,-61.1500422172358));
#9068=CARTESIAN_POINT('Ctrl Pts',(205.356593922267,-20.593815396636,-61.3469627059486));
#9069=CARTESIAN_POINT('Ctrl Pts',(205.159023548867,-20.6248031930463,-61.3493510166768));
#9070=CARTESIAN_POINT('Ctrl Pts',(205.360503670623,-20.6105980031607,-61.4526417724452));
#9071=CARTESIAN_POINT('Ctrl Pts',(205.162933297223,-20.641585799571,-61.4550300831734));
#9072=CARTESIAN_POINT('',(205.317036221189,-20.3744255450891,-60.9211296237202));
#9073=CARTESIAN_POINT('Ctrl Pts',(205.317036221189,-20.3744255450891,-60.9211296237202));
#9074=CARTESIAN_POINT('Ctrl Pts',(205.32732294604,-20.4344308768982,-60.9935318711476));
#9075=CARTESIAN_POINT('Ctrl Pts',(205.349220207901,-20.5621637056359,-61.1476539065076));
#9076=CARTESIAN_POINT('Ctrl Pts',(205.356593922267,-20.593815396636,-61.3469627059486));
#9077=CARTESIAN_POINT('Ctrl Pts',(205.360503670623,-20.6105980031607,-61.4526417724452));
#9078=CARTESIAN_POINT('',(205.119465847789,-20.4054133414994,-60.9235179344483));
#9079=CARTESIAN_POINT('',(205.317036221189,-20.3744255450891,-60.9211296237202));
#9080=CARTESIAN_POINT('Ctrl Pts',(205.119465847789,-20.4054133414994,-60.9235179344483));
#9081=CARTESIAN_POINT('Ctrl Pts',(205.12975257264,-20.4654186733085,-60.9959201818758));
#9082=CARTESIAN_POINT('Ctrl Pts',(205.151649834501,-20.5931515020462,-61.1500422172358));
#9083=CARTESIAN_POINT('Ctrl Pts',(205.159023548867,-20.6248031930463,-61.3493510166768));
#9084=CARTESIAN_POINT('Ctrl Pts',(205.162933297223,-20.641585799571,-61.4550300831734));
#9085=CARTESIAN_POINT('Ctrl Pts',(205.238824008169,-19.8903001985109,-60.7325283464293));
#9086=CARTESIAN_POINT('Ctrl Pts',(205.041253634769,-19.9212879949212,-60.7349166571575));
#9087=CARTESIAN_POINT('Ctrl Pts',(205.253376592371,-19.9825357543003,-60.7396391757858));
#9088=CARTESIAN_POINT('Ctrl Pts',(205.055806218971,-20.0135235507106,-60.742027486514));
#9089=CARTESIAN_POINT('Ctrl Pts',(205.281828359475,-20.1628655511075,-60.7535415630162));
#9090=CARTESIAN_POINT('Ctrl Pts',(205.084257986075,-20.1938533475178,-60.7559298737443));
#9091=CARTESIAN_POINT('Ctrl Pts',(205.305481332586,-20.3049935476772,-60.8661288006531));
#9092=CARTESIAN_POINT('Ctrl Pts',(205.107910959185,-20.3359813440875,-60.8685171113812));
#9093=CARTESIAN_POINT('Ctrl Pts',(205.317036221189,-20.3744255450891,-60.9211296237202));
#9094=CARTESIAN_POINT('Ctrl Pts',(205.119465847789,-20.4054133414994,-60.9235179344483));
#9095=CARTESIAN_POINT('',(205.238824008169,-19.8903001985109,-60.7325283464293));
#9096=CARTESIAN_POINT('Ctrl Pts',(205.238824008169,-19.8903001985109,-60.7325283464293));
#9097=CARTESIAN_POINT('Ctrl Pts',(205.253376592371,-19.9825357543003,-60.7396391757858));
#9098=CARTESIAN_POINT('Ctrl Pts',(205.281828359475,-20.1628655511075,-60.7535415630162));
#9099=CARTESIAN_POINT('Ctrl Pts',(205.305481332586,-20.3049935476772,-60.8661288006531));
#9100=CARTESIAN_POINT('Ctrl Pts',(205.317036221189,-20.3744255450891,-60.9211296237202));
#9101=CARTESIAN_POINT('',(205.041253634769,-19.9212879949212,-60.7349166571575));
#9102=CARTESIAN_POINT('',(205.238824008169,-19.8903001985109,-60.7325283464293));
#9103=CARTESIAN_POINT('Ctrl Pts',(205.041253634769,-19.9212879949212,-60.7349166571575));
#9104=CARTESIAN_POINT('Ctrl Pts',(205.055806218971,-20.0135235507106,-60.742027486514));
#9105=CARTESIAN_POINT('Ctrl Pts',(205.084257986075,-20.1938533475178,-60.7559298737443));
#9106=CARTESIAN_POINT('Ctrl Pts',(205.107910959185,-20.3359813440875,-60.8685171113812));
#9107=CARTESIAN_POINT('Ctrl Pts',(205.119465847789,-20.4054133414994,-60.9235179344483));
#9108=CARTESIAN_POINT('Ctrl Pts',(205.161665964806,-19.3817096585297,-60.9485624934349));
#9109=CARTESIAN_POINT('Ctrl Pts',(204.964095591405,-19.41269745494,-60.9509508041631));
#9110=CARTESIAN_POINT('Ctrl Pts',(205.171711740509,-19.4504839844939,-60.8872567543645));
#9111=CARTESIAN_POINT('Ctrl Pts',(204.974141367109,-19.4814717809042,-60.8896450650927));
#9112=CARTESIAN_POINT('Ctrl Pts',(205.192904232359,-19.5955697783074,-60.7579266345318));
#9113=CARTESIAN_POINT('Ctrl Pts',(204.995333858959,-19.6265575747177,-60.76031494526));
#9114=CARTESIAN_POINT('Ctrl Pts',(205.222996325979,-19.7887121715558,-60.7412826581648));
#9115=CARTESIAN_POINT('Ctrl Pts',(205.025425952579,-19.8196999679661,-60.7436709688929));
#9116=CARTESIAN_POINT('Ctrl Pts',(205.238824008169,-19.8903001985109,-60.7325283464293));
#9117=CARTESIAN_POINT('Ctrl Pts',(205.041253634769,-19.9212879949212,-60.7349166571575));
#9118=CARTESIAN_POINT('',(205.161665964806,-19.3817096585297,-60.9485624934349));
#9119=CARTESIAN_POINT('Ctrl Pts',(205.161665964806,-19.3817096585297,-60.9485624934349));
#9120=CARTESIAN_POINT('Ctrl Pts',(205.171711740509,-19.4504839844939,-60.8872567543645));
#9121=CARTESIAN_POINT('Ctrl Pts',(205.192904232359,-19.5955697783074,-60.7579266345318));
#9122=CARTESIAN_POINT('Ctrl Pts',(205.222996325979,-19.7887121715558,-60.7412826581648));
#9123=CARTESIAN_POINT('Ctrl Pts',(205.238824008169,-19.8903001985109,-60.7325283464293));
#9124=CARTESIAN_POINT('',(204.964095591405,-19.41269745494,-60.9509508041631));
#9125=CARTESIAN_POINT('',(205.161665964806,-19.3817096585297,-60.9485624934349));
#9126=CARTESIAN_POINT('Ctrl Pts',(204.964095591405,-19.4126974549401,-60.9509508041631));
#9127=CARTESIAN_POINT('Ctrl Pts',(204.974141367109,-19.4814717809042,-60.8896450650927));
#9128=CARTESIAN_POINT('Ctrl Pts',(204.995333858959,-19.6265575747177,-60.76031494526));
#9129=CARTESIAN_POINT('Ctrl Pts',(205.025425952579,-19.8196999679661,-60.7436709688929));
#9130=CARTESIAN_POINT('Ctrl Pts',(205.041253634769,-19.9212879949212,-60.7349166571575));
#9131=CARTESIAN_POINT('Ctrl Pts',(205.140350911912,-19.2080167076215,-61.4389253375879));
#9132=CARTESIAN_POINT('Ctrl Pts',(204.942780538512,-19.2390045040318,-61.4413136483161));
#9133=CARTESIAN_POINT('Ctrl Pts',(205.140374600445,-19.2151373348748,-61.3484964026827));
#9134=CARTESIAN_POINT('Ctrl Pts',(204.942804227044,-19.2461251312852,-61.3508847134109));
#9135=CARTESIAN_POINT('Ctrl Pts',(205.140421580836,-19.2292593516342,-61.1691528015048));
#9136=CARTESIAN_POINT('Ctrl Pts',(204.942851207436,-19.2602471480446,-61.171541112233));
#9137=CARTESIAN_POINT('Ctrl Pts',(205.154624477031,-19.3311797408888,-61.0216775322049));
#9138=CARTESIAN_POINT('Ctrl Pts',(204.95705410363,-19.3621675372991,-61.0240658429331));
#9139=CARTESIAN_POINT('Ctrl Pts',(205.161665964806,-19.3817096585297,-60.9485624934349));
#9140=CARTESIAN_POINT('Ctrl Pts',(204.964095591405,-19.41269745494,-60.9509508041631));
#9141=CARTESIAN_POINT('',(205.140350911912,-19.2080167076215,-61.4389253375879));
#9142=CARTESIAN_POINT('Ctrl Pts',(205.140350911912,-19.2080167076215,-61.4389253375879));
#9143=CARTESIAN_POINT('Ctrl Pts',(205.140374600445,-19.2151373348748,-61.3484964026827));
#9144=CARTESIAN_POINT('Ctrl Pts',(205.140421580836,-19.2292593516342,-61.1691528015048));
#9145=CARTESIAN_POINT('Ctrl Pts',(205.154624477031,-19.3311797408888,-61.0216775322049));
#9146=CARTESIAN_POINT('Ctrl Pts',(205.161665964806,-19.3817096585297,-60.9485624934349));
#9147=CARTESIAN_POINT('',(204.942780538512,-19.2390045040318,-61.4413136483161));
#9148=CARTESIAN_POINT('',(205.140350911912,-19.2080167076215,-61.4389253375879));
#9149=CARTESIAN_POINT('Ctrl Pts',(204.942780538512,-19.2390045040318,-61.4413136483161));
#9150=CARTESIAN_POINT('Ctrl Pts',(204.942804227044,-19.2461251312852,-61.3508847134109));
#9151=CARTESIAN_POINT('Ctrl Pts',(204.942851207436,-19.2602471480446,-61.171541112233));
#9152=CARTESIAN_POINT('Ctrl Pts',(204.95705410363,-19.3621675372991,-61.0240658429331));
#9153=CARTESIAN_POINT('Ctrl Pts',(204.964095591405,-19.4126974549401,-60.9509508041631));
#9154=CARTESIAN_POINT('Ctrl Pts',(205.147272114376,-19.2347013822482,-61.6652465127345));
#9155=CARTESIAN_POINT('Ctrl Pts',(204.949701740976,-19.2656891786585,-61.6676348234627));
#9156=CARTESIAN_POINT('Ctrl Pts',(205.145575868604,-19.2268713763814,-61.6265190215003));
#9157=CARTESIAN_POINT('Ctrl Pts',(204.948005495204,-19.2578591727917,-61.6289073322285));
#9158=CARTESIAN_POINT('Ctrl Pts',(205.142304379194,-19.2117699201508,-61.5518266746815));
#9159=CARTESIAN_POINT('Ctrl Pts',(204.944734005794,-19.2427577165612,-61.5542149854097));
#9160=CARTESIAN_POINT('Ctrl Pts',(205.140985811107,-19.2092365445924,-61.4756195625971));
#9161=CARTESIAN_POINT('Ctrl Pts',(204.943415437706,-19.2402243410027,-61.4780078733253));
#9162=CARTESIAN_POINT('Ctrl Pts',(205.140350911912,-19.2080167076215,-61.4389253375879));
#9163=CARTESIAN_POINT('Ctrl Pts',(204.942780538512,-19.2390045040318,-61.4413136483161));
#9164=CARTESIAN_POINT('',(205.147272114376,-19.2347013822482,-61.6652465127345));
#9165=CARTESIAN_POINT('Ctrl Pts',(205.147272114376,-19.2347013822482,-61.6652465127345));
#9166=CARTESIAN_POINT('Ctrl Pts',(205.145575868604,-19.2268713763814,-61.6265190215003));
#9167=CARTESIAN_POINT('Ctrl Pts',(205.142304379194,-19.2117699201508,-61.5518266746815));
#9168=CARTESIAN_POINT('Ctrl Pts',(205.140985811107,-19.2092365445924,-61.4756195625971));
#9169=CARTESIAN_POINT('Ctrl Pts',(205.140350911912,-19.2080167076215,-61.4389253375879));
#9170=CARTESIAN_POINT('',(204.949701740976,-19.2656891786585,-61.6676348234627));
#9171=CARTESIAN_POINT('',(205.147272114376,-19.2347013822482,-61.6652465127345));
#9172=CARTESIAN_POINT('Ctrl Pts',(204.949701740976,-19.2656891786585,-61.6676348234627));
#9173=CARTESIAN_POINT('Ctrl Pts',(204.948005495204,-19.2578591727917,-61.6289073322285));
#9174=CARTESIAN_POINT('Ctrl Pts',(204.944734005794,-19.2427577165612,-61.5542149854097));
#9175=CARTESIAN_POINT('Ctrl Pts',(204.943415437706,-19.2402243410027,-61.4780078733253));
#9176=CARTESIAN_POINT('Ctrl Pts',(204.942780538512,-19.2390045040318,-61.4413136483161));
#9177=CARTESIAN_POINT('Ctrl Pts',(205.174420771258,-19.3866510924227,-61.9395758058859));
#9178=CARTESIAN_POINT('Ctrl Pts',(204.976850397857,-19.417638888833,-61.941964116614));
#9179=CARTESIAN_POINT('Ctrl Pts',(205.168608588864,-19.3531532152006,-61.8933968707542));
#9180=CARTESIAN_POINT('Ctrl Pts',(204.971038215464,-19.3841410116109,-61.8957851814824));
#9181=CARTESIAN_POINT('Ctrl Pts',(205.157884755486,-19.2913475749862,-61.808193900091));
#9182=CARTESIAN_POINT('Ctrl Pts',(204.960314382085,-19.3223353713965,-61.8105822108192));
#9183=CARTESIAN_POINT('Ctrl Pts',(205.150605915104,-19.252495927137,-61.7101512729329));
#9184=CARTESIAN_POINT('Ctrl Pts',(204.953035541704,-19.2834837235473,-61.712539583661));
#9185=CARTESIAN_POINT('Ctrl Pts',(205.147272114376,-19.2347013822482,-61.6652465127345));
#9186=CARTESIAN_POINT('Ctrl Pts',(204.949701740976,-19.2656891786585,-61.6676348234627));
#9187=CARTESIAN_POINT('',(205.174420771258,-19.3866510924227,-61.9395758058859));
#9188=CARTESIAN_POINT('Ctrl Pts',(205.174420771258,-19.3866510924227,-61.9395758058859));
#9189=CARTESIAN_POINT('Ctrl Pts',(205.168608588864,-19.3531532152006,-61.8933968707542));
#9190=CARTESIAN_POINT('Ctrl Pts',(205.157884755486,-19.2913475749862,-61.808193900091));
#9191=CARTESIAN_POINT('Ctrl Pts',(205.150605915104,-19.252495927137,-61.7101512729329));
#9192=CARTESIAN_POINT('Ctrl Pts',(205.147272114376,-19.2347013822482,-61.6652465127345));
#9193=CARTESIAN_POINT('',(204.976850397857,-19.417638888833,-61.941964116614));
#9194=CARTESIAN_POINT('',(205.174420771258,-19.3866510924227,-61.9395758058859));
#9195=CARTESIAN_POINT('Ctrl Pts',(204.976850397857,-19.417638888833,-61.941964116614));
#9196=CARTESIAN_POINT('Ctrl Pts',(204.971038215464,-19.3841410116109,-61.8957851814824));
#9197=CARTESIAN_POINT('Ctrl Pts',(204.960314382085,-19.3223353713965,-61.8105822108192));
#9198=CARTESIAN_POINT('Ctrl Pts',(204.953035541704,-19.2834837235473,-61.712539583661));
#9199=CARTESIAN_POINT('Ctrl Pts',(204.949701740976,-19.2656891786585,-61.6676348234627));
#9200=CARTESIAN_POINT('Origin',(205.505580847345,-21.3098693469505,-64.3811024025057));
#9201=CARTESIAN_POINT('',(205.505580847345,-21.3098693469505,-64.3811024025057));
#9202=CARTESIAN_POINT('',(204.721083910729,-16.7538889070741,-58.5972828118534));
#9203=CARTESIAN_POINT('',(205.308010473944,-21.3408571433608,-64.3834907132339));
#9204=CARTESIAN_POINT('',(205.505580847345,-21.3098693469505,-64.3811024025057));
#9205=CARTESIAN_POINT('',(204.976850397857,-19.417638888833,-61.941964116614));
#9206=CARTESIAN_POINT('Origin',(205.513550919727,-21.3086192861437,-65.0566371172332));
#9207=CARTESIAN_POINT('',(205.513550919727,-21.3086192861437,-65.0566371172332));
#9208=CARTESIAN_POINT('',(205.466738052181,-21.3159616198344,-61.0888290968061));
#9209=CARTESIAN_POINT('',(205.315980546327,-21.339607082554,-65.0590254279614));
#9210=CARTESIAN_POINT('',(205.513550919727,-21.3086192861437,-65.0566371172332));
#9211=CARTESIAN_POINT('',(205.308010473944,-21.3408571433608,-64.3834907132339));
#9212=CARTESIAN_POINT('Origin',(205.071975155652,-18.4932435996136,-65.0566371172332));
#9213=CARTESIAN_POINT('',(204.158874890264,-12.6715466323332,-65.0566371172332));
#9214=CARTESIAN_POINT('',(205.315980546327,-21.339607082554,-65.0590254279614));
#9215=CARTESIAN_POINT('Origin',(205.935453872273,-25.4834663091939,-62.5386290329097));
#9216=CARTESIAN_POINT('Origin',(206.288224643531,-26.3650885714511,-63.5341116560572));
#9217=CARTESIAN_POINT('',(206.288224643531,-26.3650885714511,-63.5341116560572));
#9218=CARTESIAN_POINT('',(206.306187655447,-26.3622711745581,-65.0566371172332));
#9219=CARTESIAN_POINT('',(206.250393281943,-26.3710222066953,-60.3275663662181));
#9220=CARTESIAN_POINT('',(206.090654270131,-26.3960763678614,-63.5364999667854));
#9221=CARTESIAN_POINT('',(206.288224643531,-26.3650885714511,-63.5341116560572));
#9222=CARTESIAN_POINT('',(206.108617282047,-26.3932589709684,-65.0590254279614));
#9223=CARTESIAN_POINT('',(206.108617282047,-26.3932589709684,-65.0590254279614));
#9224=CARTESIAN_POINT('',(206.306187655447,-26.3622711745581,-65.0566371172332));
#9225=CARTESIAN_POINT('Origin',(206.141308692771,-25.4994836689533,-62.611681113897));
#9226=CARTESIAN_POINT('',(206.141308692771,-25.4994836689533,-62.611681113897));
#9227=CARTESIAN_POINT('',(205.161357722553,-19.7257718314283,-56.4589339134173));
#9228=CARTESIAN_POINT('',(205.943738319371,-25.5304714653636,-62.6140694246252));
#9229=CARTESIAN_POINT('',(206.141308692771,-25.4994836689533,-62.611681113897));
#9230=CARTESIAN_POINT('',(206.090654270131,-26.3960763678614,-63.5364999667854));
#9231=CARTESIAN_POINT('Origin',(205.959197336878,-24.1499484298844,-65.0566371172332));
#9232=CARTESIAN_POINT('',(205.959197336878,-24.1499484298844,-65.0566371172332));
#9233=CARTESIAN_POINT('',(205.907622593007,-23.7677540633687,-65.7490595036976));
#9234=CARTESIAN_POINT('',(205.761626963478,-24.1809362262947,-65.0590254279614));
#9235=CARTESIAN_POINT('',(205.959197336878,-24.1499484298844,-65.0566371172332));
#9236=CARTESIAN_POINT('',(205.943738319371,-25.5304714653636,-62.6140694246252));
#9237=CARTESIAN_POINT('Origin',(205.81997610674,-23.2623089843609,-65.0566371172332));
#9238=CARTESIAN_POINT('',(205.81997610674,-23.2623089843609,-65.0566371172332));
#9239=CARTESIAN_POINT('',(204.532875365807,-15.0560793247069,-65.0566371172332));
#9240=CARTESIAN_POINT('',(205.62240573334,-23.2932967807712,-65.0590254279614));
#9241=CARTESIAN_POINT('',(205.81997610674,-23.2623089843609,-65.0566371172332));
#9242=CARTESIAN_POINT('',(205.761626963478,-24.1809362262947,-65.0590254279614));
#9243=CARTESIAN_POINT('Origin',(206.058443805605,-25.0160874646849,-62.0287320364548));
#9244=CARTESIAN_POINT('',(206.058443805605,-25.0160874646849,-62.0287320364548));
#9245=CARTESIAN_POINT('',(205.887196784576,-23.7566743796877,-64.2031134202185));
#9246=CARTESIAN_POINT('',(205.860873432205,-25.0470752610952,-62.031120347183));
#9247=CARTESIAN_POINT('',(206.058443805605,-25.0160874646849,-62.0287320364548));
#9248=CARTESIAN_POINT('',(205.62240573334,-23.2932967807712,-65.0590254279614));
#9249=CARTESIAN_POINT('Origin',(205.787027057741,-23.4375697930911,-60.0569936317019));
#9250=CARTESIAN_POINT('',(205.787027057741,-23.4375697930911,-60.0569936317019));
#9251=CARTESIAN_POINT('',(205.100088774221,-19.4424433745419,-55.0666508987356));
#9252=CARTESIAN_POINT('',(205.58945668434,-23.4685575895015,-60.0593819424301));
#9253=CARTESIAN_POINT('',(205.787027057741,-23.4375697930911,-60.0569936317019));
#9254=CARTESIAN_POINT('',(205.860873432205,-25.0470752610952,-62.031120347183));
#9255=CARTESIAN_POINT('Origin',(205.926248287879,-24.3252092386146,-60.0569936317019));
#9256=CARTESIAN_POINT('',(205.926248287879,-24.3252092386146,-60.0569936317019));
#9257=CARTESIAN_POINT('',(204.55651813827,-15.5921553120841,-60.0569936317019));
#9258=CARTESIAN_POINT('',(205.728677914479,-24.3561970350249,-60.0593819424301));
#9259=CARTESIAN_POINT('',(205.926248287879,-24.3252092386146,-60.0569936317019));
#9260=CARTESIAN_POINT('',(205.58945668434,-23.4685575895015,-60.0593819424301));
#9261=CARTESIAN_POINT('Origin',(206.275458882238,-26.3532056959009,-62.6322557661831));
#9262=CARTESIAN_POINT('',(206.275458882238,-26.3532056959009,-62.6322557661831));
#9263=CARTESIAN_POINT('',(205.394831303278,-21.2390721639694,-56.1380459818686));
#9264=CARTESIAN_POINT('',(206.077888508838,-26.3841934923112,-62.6346440769113));
#9265=CARTESIAN_POINT('',(206.275458882238,-26.3532056959009,-62.6322557661831));
#9266=CARTESIAN_POINT('',(205.728677914479,-24.3561970350249,-60.0593819424301));
#9267=CARTESIAN_POINT('Origin',(206.277584395792,-26.3667574341708,-62.6322557661831));
#9268=CARTESIAN_POINT('',(206.277584395792,-26.3667574341708,-62.6322557661831));
#9269=CARTESIAN_POINT('',(204.747377880506,-16.6105466794182,-62.6322557661831));
#9270=CARTESIAN_POINT('',(206.080014022392,-26.3977452305811,-62.6346440769113));
#9271=CARTESIAN_POINT('',(206.277584395792,-26.3667574341708,-62.6322557661831));
#9272=CARTESIAN_POINT('',(206.077888508838,-26.3841934923112,-62.6346440769113));
#9273=CARTESIAN_POINT('Origin',(206.247201019234,-26.3715228950588,-60.0569936317019));
#9274=CARTESIAN_POINT('',(206.247201019234,-26.3715228950588,-60.0569936317019));
#9275=CARTESIAN_POINT('',(206.229881469794,-26.3742393684991,-58.5890073540404));
#9276=CARTESIAN_POINT('',(206.049630645833,-26.4025106914691,-60.0593819424301));
#9277=CARTESIAN_POINT('',(206.247201019234,-26.3715228950588,-60.0569936317019));
#9278=CARTESIAN_POINT('',(206.080014022392,-26.3977452305811,-62.6346440769113));
#9279=CARTESIAN_POINT('Origin',(206.364635689266,-27.1202567288924,-60.0569936317019));
#9280=CARTESIAN_POINT('',(206.364635689266,-27.1202567288924,-60.0569936317019));
#9281=CARTESIAN_POINT('',(204.775711838964,-16.989679057223,-60.0569936317019));
#9282=CARTESIAN_POINT('',(206.167065315865,-27.1512445253027,-60.0593819424301));
#9283=CARTESIAN_POINT('',(206.364635689266,-27.1202567288924,-60.0569936317019));
#9284=CARTESIAN_POINT('',(206.049630645833,-26.4025106914691,-60.0593819424301));
#9285=CARTESIAN_POINT('Origin',(206.423622325479,-27.1110050083917,-65.0566371172332));
#9286=CARTESIAN_POINT('',(206.423622325479,-27.1110050083917,-65.0566371172332));
#9287=CARTESIAN_POINT('',(206.376809457933,-27.1183473420824,-61.0888290968061));
#9288=CARTESIAN_POINT('',(206.226051952079,-27.141992804802,-65.0590254279614));
#9289=CARTESIAN_POINT('',(206.423622325479,-27.1110050083917,-65.0566371172332));
#9290=CARTESIAN_POINT('',(206.167065315865,-27.1512445253027,-60.0593819424301));
#9291=CARTESIAN_POINT('Origin',(206.306187655447,-26.3622711745581,-65.0566371172332));
#9292=CARTESIAN_POINT('',(204.775981140161,-16.6060604198055,-65.0566371172332));
#9293=CARTESIAN_POINT('',(206.226051952079,-27.141992804802,-65.0590254279614));
#9294=CARTESIAN_POINT('Origin',(205.935453872273,-25.4834663091939,-62.5386290329097));
#9295=CARTESIAN_POINT('Origin',(207.099335150681,-31.6594196258907,-61.9395758058859));
#9296=CARTESIAN_POINT('',(207.099335150681,-31.6594196258907,-61.9395758058859));
#9297=CARTESIAN_POINT('',(207.136110765214,-31.6536515786051,-65.0566371172332));
#9298=CARTESIAN_POINT('',(207.070910090402,-31.6638779359386,-59.5302984411324));
#9299=CARTESIAN_POINT('',(206.901764777281,-31.690407422301,-61.941964116614));
#9300=CARTESIAN_POINT('',(207.099335150681,-31.6594196258907,-61.9395758058859));
#9301=CARTESIAN_POINT('',(206.938540391814,-31.6846393750154,-65.0590254279614));
#9302=CARTESIAN_POINT('',(206.938540391814,-31.6846393750154,-65.0590254279614));
#9303=CARTESIAN_POINT('',(207.136110765214,-31.6536515786051,-65.0566371172332));
#9304=CARTESIAN_POINT('Origin',(207.097209637127,-31.6458678876208,-61.9395758058859));
#9305=CARTESIAN_POINT('',(207.097209637127,-31.6458678876208,-61.9395758058859));
#9306=CARTESIAN_POINT('',(205.153104323735,-19.2507427999797,-61.9395758058859));
#9307=CARTESIAN_POINT('',(206.899639263727,-31.6768556840312,-61.941964116614));
#9308=CARTESIAN_POINT('',(207.097209637127,-31.6458678876208,-61.9395758058859));
#9309=CARTESIAN_POINT('',(206.901764777281,-31.690407422301,-61.941964116614));
#9310=CARTESIAN_POINT('Origin',(206.963459192006,-30.6081054150199,-64.3399530979336));
#9311=CARTESIAN_POINT('',(206.963459192006,-30.6081054150199,-64.3399530979336));
#9312=CARTESIAN_POINT('',(206.887170637714,-30.0161866467301,-65.7090798563705));
#9313=CARTESIAN_POINT('',(206.765888818606,-30.6390932114302,-64.3423414086618));
#9314=CARTESIAN_POINT('',(206.963459192006,-30.6081054150199,-64.3399530979336));
#9315=CARTESIAN_POINT('',(206.899639263727,-31.6768556840312,-61.941964116614));
#9316=CARTESIAN_POINT('Origin',(206.865685499259,-29.9847250129706,-64.3399530979336));
#9317=CARTESIAN_POINT('',(206.865685499259,-29.9847250129706,-64.3399530979336));
#9318=CARTESIAN_POINT('',(205.051502282661,-18.4179504423163,-64.3399530979336));
#9319=CARTESIAN_POINT('',(206.668115125858,-30.0157128093809,-64.3423414086618));
#9320=CARTESIAN_POINT('',(206.865685499259,-29.9847250129706,-64.3399530979336));
#9321=CARTESIAN_POINT('',(206.765888818606,-30.6390932114302,-64.3423414086618));
#9322=CARTESIAN_POINT('Origin',(206.675294942694,-28.9558462217226,-61.9395758058859));
#9323=CARTESIAN_POINT('',(206.675294942694,-28.9558462217226,-61.9395758058859));
#9324=CARTESIAN_POINT('',(206.189833956624,-26.3323940844024,-55.8190541363125));
#9325=CARTESIAN_POINT('',(206.477724569294,-28.9868340181329,-61.941964116614));
#9326=CARTESIAN_POINT('',(206.675294942694,-28.9558462217226,-61.9395758058859));
#9327=CARTESIAN_POINT('',(206.668115125858,-30.0157128093809,-64.3423414086618));
#9328=CARTESIAN_POINT('Origin',(206.672638050751,-28.9389065488853,-61.9395758058859));
#9329=CARTESIAN_POINT('',(206.672638050751,-28.9389065488853,-61.9395758058859));
#9330=CARTESIAN_POINT('',(204.940818530547,-17.8972621306119,-61.9395758058859));
#9331=CARTESIAN_POINT('',(206.475067677351,-28.9698943452956,-61.941964116614));
#9332=CARTESIAN_POINT('',(206.672638050751,-28.9389065488853,-61.9395758058859));
#9333=CARTESIAN_POINT('',(206.477724569294,-28.9868340181329,-61.941964116614));
#9334=CARTESIAN_POINT('Origin',(206.709413665285,-28.9331385015996,-65.0566371172332));
#9335=CARTESIAN_POINT('',(206.709413665285,-28.9331385015996,-65.0566371172332));
#9336=CARTESIAN_POINT('',(206.662600797739,-28.9404808352903,-61.0888290968061));
#9337=CARTESIAN_POINT('',(206.511843291884,-28.96412629801,-65.0590254279614));
#9338=CARTESIAN_POINT('',(206.709413665285,-28.9331385015996,-65.0566371172332));
#9339=CARTESIAN_POINT('',(206.475067677351,-28.9698943452956,-61.941964116614));
#9340=CARTESIAN_POINT('Origin',(206.591978949074,-28.1844043733422,-65.0566371172332));
#9341=CARTESIAN_POINT('',(206.591978949074,-28.1844043733422,-65.0566371172332));
#9342=CARTESIAN_POINT('',(204.918876786974,-17.5171270191976,-65.0566371172332));
#9343=CARTESIAN_POINT('',(206.394408575674,-28.2153921697526,-65.0590254279614));
#9344=CARTESIAN_POINT('',(206.591978949074,-28.1844043733422,-65.0566371172332));
#9345=CARTESIAN_POINT('',(206.511843291884,-28.96412629801,-65.0590254279614));
#9346=CARTESIAN_POINT('Origin',(206.532992312861,-28.1936560938429,-60.0569936317019));
#9347=CARTESIAN_POINT('',(206.532992312861,-28.1936560938429,-60.0569936317019));
#9348=CARTESIAN_POINT('',(206.515672763421,-28.1963725672832,-58.5890073540404));
#9349=CARTESIAN_POINT('',(206.33542193946,-28.2246438902532,-60.0593819424301));
#9350=CARTESIAN_POINT('',(206.532992312861,-28.1936560938429,-60.0569936317019));
#9351=CARTESIAN_POINT('',(206.394408575674,-28.2153921697526,-65.0590254279614));
#9352=CARTESIAN_POINT('Origin',(206.64405048841,-28.9017350072907,-60.0569936317019));
#9353=CARTESIAN_POINT('',(206.64405048841,-28.9017350072907,-60.0569936317019));
#9354=CARTESIAN_POINT('',(204.915419238536,-17.8804181964221,-60.0569936317019));
#9355=CARTESIAN_POINT('',(206.446480115009,-28.932722803701,-60.0593819424301));
#9356=CARTESIAN_POINT('',(206.64405048841,-28.9017350072907,-60.0569936317019));
#9357=CARTESIAN_POINT('',(206.33542193946,-28.2246438902532,-60.0593819424301));
#9358=CARTESIAN_POINT('Origin',(206.900350129567,-30.284760850561,-63.3146486983392));
#9359=CARTESIAN_POINT('',(206.900350129567,-30.284760850561,-63.3146486983392));
#9360=CARTESIAN_POINT('',(206.355536437588,-27.3448760642576,-56.3898825299895));
#9361=CARTESIAN_POINT('',(206.702779756167,-30.3157486469713,-63.3170370090674));
#9362=CARTESIAN_POINT('',(206.900350129567,-30.284760850561,-63.3146486983392));
#9363=CARTESIAN_POINT('',(206.446480115009,-28.932722803701,-60.0593819424301));
#9364=CARTESIAN_POINT('Origin',(207.084032048051,-31.7069464484827,-60.0569936317019));
#9365=CARTESIAN_POINT('',(207.084032048051,-31.7069464484827,-60.0569936317019));
#9366=CARTESIAN_POINT('',(206.892005890158,-30.2201542893291,-63.4626363392229));
#9367=CARTESIAN_POINT('',(206.886461674651,-31.7379342448931,-60.0593819424301));
#9368=CARTESIAN_POINT('',(207.084032048051,-31.7069464484827,-60.0569936317019));
#9369=CARTESIAN_POINT('',(206.702779756167,-30.3157486469713,-63.3170370090674));
#9370=CARTESIAN_POINT('Origin',(207.194558822122,-32.4116372801512,-60.0569936317019));
#9371=CARTESIAN_POINT('',(207.194558822122,-32.4116372801512,-60.0569936317019));
#9372=CARTESIAN_POINT('',(205.190673405392,-19.6353693328524,-60.0569936317019));
#9373=CARTESIAN_POINT('',(206.996988448722,-32.4426250765615,-60.0593819424301));
#9374=CARTESIAN_POINT('',(207.194558822122,-32.4116372801512,-60.0569936317019));
#9375=CARTESIAN_POINT('',(206.886461674651,-31.7379342448931,-60.0593819424301));
#9376=CARTESIAN_POINT('Origin',(207.253545458336,-32.4023855596506,-65.0566371172332));
#9377=CARTESIAN_POINT('',(207.253545458336,-32.4023855596506,-65.0566371172332));
#9378=CARTESIAN_POINT('',(207.20673259079,-32.4097278933412,-61.0888290968061));
#9379=CARTESIAN_POINT('',(207.055975084935,-32.4333733560609,-65.0590254279614));
#9380=CARTESIAN_POINT('',(207.253545458336,-32.4023855596506,-65.0566371172332));
#9381=CARTESIAN_POINT('',(206.996988448722,-32.4426250765615,-60.0593819424301));
#9382=CARTESIAN_POINT('Origin',(207.136110765214,-31.6536515786051,-65.0566371172332));
#9383=CARTESIAN_POINT('',(205.190942695045,-19.251750621829,-65.0566371172332));
#9384=CARTESIAN_POINT('',(207.055975084935,-32.4333733560609,-65.0590254279614));
#9385=CARTESIAN_POINT('Origin',(205.935453872273,-25.4834663091939,-62.5386290329097));
#9386=CARTESIAN_POINT('Origin',(190.959717263636,2.84788815175222,-84.1592109696548));
#9387=CARTESIAN_POINT('',(190.935818652936,-0.652164166968572,-84.012368800562));
#9388=CARTESIAN_POINT('',(190.966723128053,-0.802105124661298,-84.1592109696548));
#9389=CARTESIAN_POINT('Origin',(190.929100700755,2.84782938575672,-84.012368800562));
#9390=CARTESIAN_POINT('Origin',(190.990333826517,2.84794691774772,-84.3060531387476));
#9391=CARTESIAN_POINT('',(190.75211927565,-0.652516762941569,-83.1313157860043));
#9392=CARTESIAN_POINT('',(190.997051778698,-0.652046634977573,-84.3060531387476));
#9393=CARTESIAN_POINT('Origin',(190.745401323469,2.84747678978372,-83.1313157860043));
#9394=CARTESIAN_POINT('Origin',(225.570029584084,-180.232425246173,-77.0162362159014));
#9395=CARTESIAN_POINT('',(225.546130973384,-183.732477564894,-76.8693940468092));
#9396=CARTESIAN_POINT('',(225.577035448501,-183.882418522587,-77.0162362159014));
#9397=CARTESIAN_POINT('Origin',(225.539413021204,-180.232484012168,-76.8693940468091));
#9398=CARTESIAN_POINT('Origin',(225.600646146965,-180.232366480178,-77.1630783849936));
#9399=CARTESIAN_POINT('',(225.362431596098,-183.732830160867,-75.9883410322503));
#9400=CARTESIAN_POINT('',(225.607364099146,-183.732360032903,-77.1630783849936));
#9401=CARTESIAN_POINT('Origin',(225.355713643917,-180.232836608141,-75.9883410322503));
#9402=CARTESIAN_POINT('Origin',(190.745401323469,2.84747678978372,-83.1313157860043));
#9403=CARTESIAN_POINT('Origin',(225.355713643917,-180.232836608141,-75.9883410322503));
#9404=CARTESIAN_POINT('Origin',(232.655198006317,-170.66774653521,-56.7643762641734));
#9405=CARTESIAN_POINT('',(232.833616127476,-170.455614500854,-53.9741478204981));
#9406=CARTESIAN_POINT('',(232.922539779743,-170.66774653521,-54.0609472608184));
#9407=CARTESIAN_POINT('Origin',(232.618935440156,-170.66774653521,-53.7645954344704));
#9408=CARTESIAN_POINT('',(232.955176089288,-170.66774653521,-56.7607500075538));
#9409=CARTESIAN_POINT('',(232.955176089288,-170.66774653521,-56.7607500075573));
#9410=CARTESIAN_POINT('',(232.655198006317,-170.36774653521,-56.7643762641704));
#9411=CARTESIAN_POINT('Origin',(232.655198006316,-170.66774653521,-56.7643762641249));
#9412=CARTESIAN_POINT('',(232.622561696772,-170.36774653521,-54.064573517438));
#9413=CARTESIAN_POINT('',(232.655198006317,-170.36774653521,-56.7643762641734));
#9414=CARTESIAN_POINT('Origin',(232.618935440156,-170.66774653521,-53.7645954344705));
#9415=CARTESIAN_POINT('Origin',(232.955176089288,-174.36774653521,-56.7607500075573));
#9416=CARTESIAN_POINT('',(232.922539779743,-174.06774653521,-54.0609472608184));
#9417=CARTESIAN_POINT('',(232.922539779743,-173.36774653521,-54.0609472608184));
#9418=CARTESIAN_POINT('',(232.955176089288,-174.06774653521,-56.7607500075538));
#9419=CARTESIAN_POINT('',(232.955176089288,-174.06774653521,-56.7607500075573));
#9420=CARTESIAN_POINT('',(232.955176089288,-130.561501243031,-56.7607500075538));
#9421=CARTESIAN_POINT('Origin',(232.77073760995,-173.36774653521,-53.9127713476444));
#9422=CARTESIAN_POINT('',(232.618935440156,-170.66774653521,-53.7645954344705));
#9423=CARTESIAN_POINT('',(232.618935440156,-170.66774653521,-53.7645954344705));
#9424=CARTESIAN_POINT('',(232.618935440156,-174.06774653521,-53.7645954344705));
#9425=CARTESIAN_POINT('',(232.618935440156,-173.36774653521,-53.7645954344705));
#9426=CARTESIAN_POINT('',(232.833616127476,-174.279878569566,-53.9741478204981));
#9427=CARTESIAN_POINT('',(232.618935440156,-174.06774653521,-53.7645954344705));
#9428=CARTESIAN_POINT('Origin',(232.618935440156,-174.06774653521,-53.7645954344704));
#9429=CARTESIAN_POINT('Origin',(231.920799708199,-170.51774653521,-53.9230457413916));
#9430=CARTESIAN_POINT('',(229.222810089768,-170.36774653521,-54.1056710924197));
#9431=CARTESIAN_POINT('',(231.922612836507,-170.36774653521,-54.0730347828754));
#9432=CARTESIAN_POINT('',(229.009631447119,-170.455614500854,-54.0203736967694));
#9433=CARTESIAN_POINT('Origin',(229.219183833152,-170.66774653521,-53.8056930094523));
#9434=CARTESIAN_POINT('',(229.219183833152,-170.66774653521,-53.8056930094523));
#9435=CARTESIAN_POINT('',(229.219183833152,-170.66774653521,-53.8056930094523));
#9436=CARTESIAN_POINT('',(231.918986579891,-170.66774653521,-53.7730566999079));
#9437=CARTESIAN_POINT('Origin',(229.255446399312,-170.66774653521,-56.8054738391587));
#9438=CARTESIAN_POINT('',(229.255446399312,-170.36774653521,-56.8054738391582));
#9439=CARTESIAN_POINT('',(229.255446399312,-170.36774653521,-56.8054738391587));
#9440=CARTESIAN_POINT('',(228.955468316341,-170.66774653521,-56.8091000957747));
#9441=CARTESIAN_POINT('Origin',(229.255446399311,-170.66774653521,-56.8054738391066));
#9442=CARTESIAN_POINT('',(228.922832006797,-170.66774653521,-54.1092973490357));
#9443=CARTESIAN_POINT('',(228.955468316341,-170.66774653521,-56.8091000957747));
#9444=CARTESIAN_POINT('Origin',(229.219183833152,-170.66774653521,-53.8056930094523));
#9445=CARTESIAN_POINT('Origin',(229.071007919974,-171.36774653521,-53.957495179244));
#9446=CARTESIAN_POINT('',(228.922832006797,-174.06774653521,-54.1092973490357));
#9447=CARTESIAN_POINT('',(228.922832006797,-171.36774653521,-54.1092973490357));
#9448=CARTESIAN_POINT('',(229.009631447119,-174.279878569566,-54.0203736967669));
#9449=CARTESIAN_POINT('Origin',(229.219183833152,-174.06774653521,-53.8056930094523));
#9450=CARTESIAN_POINT('',(229.219183833152,-174.06774653521,-53.8056930094523));
#9451=CARTESIAN_POINT('',(229.219183833152,-174.06774653521,-53.8056930094523));
#9452=CARTESIAN_POINT('',(229.219183833152,-171.36774653521,-53.8056930094523));
#9453=CARTESIAN_POINT('Origin',(228.955468316341,-170.36774653521,-56.8091000957783));
#9454=CARTESIAN_POINT('',(228.955468316341,-174.06774653521,-56.8091000957747));
#9455=CARTESIAN_POINT('',(228.955468316341,-128.561501243031,-56.8091000957747));
#9456=CARTESIAN_POINT('',(228.955468316341,-174.06774653521,-56.8091000957747));
#9457=CARTESIAN_POINT('Origin',(232.655198006317,-174.06774653521,-56.7643762641734));
#9458=CARTESIAN_POINT('',(232.622561696772,-174.36774653521,-54.0645735174344));
#9459=CARTESIAN_POINT('Origin',(232.618935440156,-174.06774653521,-53.7645954344705));
#9460=CARTESIAN_POINT('',(232.655198006317,-174.36774653521,-56.7643762641703));
#9461=CARTESIAN_POINT('',(232.655198006317,-174.36774653521,-56.7643762641734));
#9462=CARTESIAN_POINT('Origin',(232.655198006316,-174.06774653521,-56.7643762641249));
#9463=CARTESIAN_POINT('Origin',(228.955468316341,-174.36774653521,-56.8091000957712));
#9464=CARTESIAN_POINT('',(229.222810089768,-174.36774653521,-54.1056710924162));
#9465=CARTESIAN_POINT('',(229.922758950033,-174.36774653521,-54.0972098269787));
#9466=CARTESIAN_POINT('',(229.255446399312,-174.36774653521,-56.8054738391582));
#9467=CARTESIAN_POINT('',(229.255446399312,-174.36774653521,-56.8054738391587));
#9468=CARTESIAN_POINT('',(243.603860841193,-174.36774653521,-56.632024391479));
#9469=CARTESIAN_POINT('Origin',(229.920945821725,-174.21774653521,-53.9472207854968));
#9470=CARTESIAN_POINT('',(229.919132693417,-174.06774653521,-53.7972317440148));
#9471=CARTESIAN_POINT('Origin',(229.219183833152,-174.06774653521,-53.8056930094523));
#9472=CARTESIAN_POINT('Origin',(229.255446399312,-174.06774653521,-56.8054738391587));
#9473=CARTESIAN_POINT('Origin',(229.255446399311,-174.06774653521,-56.8054738391066));
#9474=CARTESIAN_POINT('Origin',(196.452638370098,-3.56453433243427,-57.2020074741516));
#9475=CARTESIAN_POINT('',(196.206823417905,-3.77666636679023,-54.4169073317567));
#9476=CARTESIAN_POINT('',(196.120023977583,-3.56453433243427,-54.5058309840286));
#9477=CARTESIAN_POINT('Origin',(196.416375803938,-3.56453433243427,-54.2022266444345));
#9478=CARTESIAN_POINT('',(196.152660287127,-3.56453433243427,-57.2056337307654));
#9479=CARTESIAN_POINT('',(196.152660287127,-3.56453433243427,-57.2056337307676));
#9480=CARTESIAN_POINT('',(196.452638370098,-3.86453433243426,-57.2020074741489));
#9481=CARTESIAN_POINT('Origin',(196.452638370097,-3.56453433243427,-57.202007474039));
#9482=CARTESIAN_POINT('',(196.420002060554,-3.86453433243427,-54.5022047274091));
#9483=CARTESIAN_POINT('',(196.452638370098,-3.86453433243427,-57.2020074741516));
#9484=CARTESIAN_POINT('Origin',(196.416375803938,-3.56453433243427,-54.2022266444345));
#9485=CARTESIAN_POINT('Origin',(196.152660287127,0.135465667565729,-57.2056337307676));
#9486=CARTESIAN_POINT('',(196.120023977583,-0.164534332434271,-54.5058309840286));
#9487=CARTESIAN_POINT('',(196.120023977583,-0.864534332434271,-54.5058309840286));
#9488=CARTESIAN_POINT('',(196.152660287127,-0.164534332434272,-57.2056337307654));
#9489=CARTESIAN_POINT('',(196.152660287127,-0.164534332434271,-57.205633730762));
#9490=CARTESIAN_POINT('',(196.152660287127,-43.3098951416436,-57.2056337307654));
#9491=CARTESIAN_POINT('Origin',(196.26819989076,-0.864534332434271,-54.3540288142316));
#9492=CARTESIAN_POINT('',(196.416375803938,-3.56453433243427,-54.2022266444345));
#9493=CARTESIAN_POINT('',(196.416375803938,-3.56453433243427,-54.2022266444345));
#9494=CARTESIAN_POINT('',(196.416375803938,-0.164534332434271,-54.2022266444345));
#9495=CARTESIAN_POINT('',(196.416375803938,-0.864534332434271,-54.2022266444345));
#9496=CARTESIAN_POINT('',(196.206823417905,0.0475977019216896,-54.4169073317552));
#9497=CARTESIAN_POINT('',(196.416375803938,-0.164534332434271,-54.2022266444345));
#9498=CARTESIAN_POINT('Origin',(196.416375803938,-0.164534332434271,-54.2022266444345));
#9499=CARTESIAN_POINT('Origin',(197.118137792511,-3.71453433243427,-54.3437544204844));
#9500=CARTESIAN_POINT('',(199.819753667558,-3.86453433243427,-54.4611071524273));
#9501=CARTESIAN_POINT('',(197.119950920819,-3.86453433243427,-54.4937434619717));
#9502=CARTESIAN_POINT('',(200.030808098262,-3.77666636679023,-54.3706814554839));
#9503=CARTESIAN_POINT('Origin',(199.816127410942,-3.56453433243427,-54.1611290694528));
#9504=CARTESIAN_POINT('',(199.816127410942,-3.56453433243427,-54.1611290694528));
#9505=CARTESIAN_POINT('',(199.816127410942,-3.56453433243427,-54.1611290694528));
#9506=CARTESIAN_POINT('',(197.116324664203,-3.56453433243427,-54.1937653789971));
#9507=CARTESIAN_POINT('Origin',(199.852389977103,-3.56453433243427,-57.1609098991663));
#9508=CARTESIAN_POINT('',(199.852389977103,-3.86453433243426,-57.1609098991611));
#9509=CARTESIAN_POINT('',(199.852389977103,-3.86453433243427,-57.1609098991663));
#9510=CARTESIAN_POINT('',(200.152368060074,-3.56453433243427,-57.1572836425445));
#9511=CARTESIAN_POINT('Origin',(199.852389977101,-3.56453433243427,-57.1609098990573));
#9512=CARTESIAN_POINT('',(200.119731750529,-3.56453433243427,-54.4574808958057));
#9513=CARTESIAN_POINT('',(200.152368060074,-3.56453433243427,-57.1572836425502));
#9514=CARTESIAN_POINT('Origin',(199.816127410942,-3.56453433243427,-54.1611290694527));
#9515=CARTESIAN_POINT('Origin',(199.967929580736,-2.86453433243427,-54.3093049826292));
#9516=CARTESIAN_POINT('',(200.119731750529,-0.164534332434271,-54.4574808958057));
#9517=CARTESIAN_POINT('',(200.119731750529,-2.86453433243427,-54.4574808958057));
#9518=CARTESIAN_POINT('',(200.030808098262,0.0475977019216827,-54.3706814554839));
#9519=CARTESIAN_POINT('Origin',(199.816127410942,-0.164534332434271,-54.1611290694527));
#9520=CARTESIAN_POINT('',(199.816127410942,-0.164534332434271,-54.1611290694528));
#9521=CARTESIAN_POINT('',(199.816127410942,-0.164534332434271,-54.1611290694528));
#9522=CARTESIAN_POINT('',(199.816127410942,-2.86453433243427,-54.1611290694528));
#9523=CARTESIAN_POINT('Origin',(200.152368060074,-3.86453433243427,-57.1572836425467));
#9524=CARTESIAN_POINT('',(200.152368060074,-0.164534332434272,-57.1572836425445));
#9525=CARTESIAN_POINT('',(200.152368060074,-45.3098951416436,-57.1572836425445));
#9526=CARTESIAN_POINT('',(200.152368060074,-0.164534332434271,-57.1572836425447));
#9527=CARTESIAN_POINT('Origin',(196.452638370098,-0.164534332434271,-57.202007474146));
#9528=CARTESIAN_POINT('',(196.420002060554,0.135465667565729,-54.502204727407));
#9529=CARTESIAN_POINT('Origin',(196.416375803938,-0.164534332434271,-54.2022266444345));
#9530=CARTESIAN_POINT('',(196.452638370098,0.135465667565722,-57.2020074741489));
#9531=CARTESIAN_POINT('',(196.452638370098,0.135465667565729,-57.202007474146));
#9532=CARTESIAN_POINT('Origin',(196.452638370097,-0.164534332434271,-57.202007474039));
#9533=CARTESIAN_POINT('Origin',(200.152368060074,0.135465667565729,-57.1572836425426));
#9534=CARTESIAN_POINT('',(199.819753667558,0.135465667565729,-54.4611071524253));
#9535=CARTESIAN_POINT('',(199.119804807293,0.135465667565729,-54.4695684178627));
#9536=CARTESIAN_POINT('',(199.852389977103,0.135465667565722,-57.1609098991611));
#9537=CARTESIAN_POINT('',(199.852389977103,0.135465667565729,-57.1609098991607));
#9538=CARTESIAN_POINT('',(229.202310713059,0.135465667565722,-56.8061161648639));
#9539=CARTESIAN_POINT('Origin',(199.117991678985,-0.0145343324342711,-54.3195793763764));
#9540=CARTESIAN_POINT('',(199.116178550677,-0.164534332434271,-54.1695903348902));
#9541=CARTESIAN_POINT('Origin',(199.816127410942,-0.164534332434271,-54.1611290694528));
#9542=CARTESIAN_POINT('Origin',(199.852389977103,-0.164534332434271,-57.1609098991607));
#9543=CARTESIAN_POINT('Origin',(199.852389977101,-0.164534332434271,-57.1609098990573));
#9544=CARTESIAN_POINT('Origin',(198.11625160744,-1.86453433243427,-54.1816778569436));
#9545=CARTESIAN_POINT('Origin',(230.919059636654,-172.36774653521,-53.7851442219614));
#9546=CARTESIAN_POINT('Origin',(232.955176089288,-170.36774653521,-56.7607500075573));
#9547=CARTESIAN_POINT('',(245.603714727666,-170.36774653521,-56.6078493473685));
#9548=CARTESIAN_POINT('Origin',(258.252253366044,-86.7552559508529,-56.4549486871833));
#9549=CARTESIAN_POINT('',(193.152879457418,13.1354656675668,-57.2418962969311));
#9550=CARTESIAN_POINT('',(290.547828680625,13.1354656675667,-56.0645466867752));
#9551=CARTESIAN_POINT('',(183.155132821207,3.28976256125684,-57.3627531093065));
#9552=CARTESIAN_POINT('Ctrl Pts',(193.152879457418,13.1354656675667,-57.2418962969311));
#9553=CARTESIAN_POINT('Ctrl Pts',(191.674615775556,13.1354656675667,-57.2597661473025));
#9554=CARTESIAN_POINT('Ctrl Pts',(188.71874239014,12.4671263986092,-57.2954979424905));
#9555=CARTESIAN_POINT('Ctrl Pts',(185.439774906084,9.88889666487467,-57.335135430059));
#9556=CARTESIAN_POINT('Ctrl Pts',(183.586907166132,6.61961272225354,-57.3575336460723));
#9557=CARTESIAN_POINT('Ctrl Pts',(183.174507891521,4.40217575558947,-57.3625188956059));
#9558=CARTESIAN_POINT('Ctrl Pts',(183.155132821207,3.28976256125683,-57.3627531093065));
#9559=CARTESIAN_POINT('',(183.153610025051,3.11488757853954,-57.3627715174835));
#9560=CARTESIAN_POINT('Ctrl Pts',(183.155132821207,3.28976256125683,-57.3627531093065));
#9561=CARTESIAN_POINT('Ctrl Pts',(183.154117649819,3.23147683488809,-57.3627653811096));
#9562=CARTESIAN_POINT('Ctrl Pts',(183.153610025051,3.1731822067606,-57.3627715174835));
#9563=CARTESIAN_POINT('Ctrl Pts',(183.153610025051,3.11488757853954,-57.3627715174835));
#9564=CARTESIAN_POINT('',(183.153610025047,-42.5591304104923,-57.3627715174835));
#9565=CARTESIAN_POINT('',(183.153610025047,-42.2843515156587,-57.3627715174835));
#9566=CARTESIAN_POINT('',(183.153610025047,-42.8211240763601,-57.3627715174835));
#9567=CARTESIAN_POINT('Ctrl Pts',(183.153610025047,-42.5591304104923,-57.3627715174835));
#9568=CARTESIAN_POINT('Ctrl Pts',(183.153610025047,-42.6464616324481,-57.3627715174835));
#9569=CARTESIAN_POINT('Ctrl Pts',(183.153610025047,-42.7337928544038,-57.3627715174835));
#9570=CARTESIAN_POINT('Ctrl Pts',(183.153610025047,-42.8211240763596,-57.3627715174835));
#9571=CARTESIAN_POINT('',(185.785955940477,-65.7059456436143,-57.3309506534444));
#9572=CARTESIAN_POINT('Ctrl Pts',(183.153610025047,-42.8211240763601,-57.3627715174835));
#9573=CARTESIAN_POINT('Ctrl Pts',(183.153610025046,-50.5167279031623,-57.3627715174836));
#9574=CARTESIAN_POINT('Ctrl Pts',(184.038768669897,-58.2119761799858,-57.3520713611228));
#9575=CARTESIAN_POINT('Ctrl Pts',(185.785955940476,-65.7059456436143,-57.3309506534444));
#9576=CARTESIAN_POINT('',(218.466610255638,-183.455145770109,-56.9358936620453));
#9577=CARTESIAN_POINT('',(191.106669676934,-84.8766079115136,-57.2666317098716));
#9578=CARTESIAN_POINT('',(218.534117158258,-183.6983747982,-56.935077611253));
#9579=CARTESIAN_POINT('Ctrl Pts',(218.466610255638,-183.455145770109,-56.9358936620453));
#9580=CARTESIAN_POINT('Ctrl Pts',(218.489112556511,-183.536222112806,-56.9356216451145));
#9581=CARTESIAN_POINT('Ctrl Pts',(218.511614857385,-183.617298455503,-56.9353496281837));
#9582=CARTESIAN_POINT('Ctrl Pts',(218.534117158258,-183.6983747982,-56.935077611253));
#9583=CARTESIAN_POINT('',(223.350673142387,-187.367746535208,-56.8768531308724));
#9584=CARTESIAN_POINT('Ctrl Pts',(218.534117158258,-183.6983747982,-56.935077611253));
#9585=CARTESIAN_POINT('Ctrl Pts',(218.783313898744,-184.596236774383,-56.9320652200807));
#9586=CARTESIAN_POINT('Ctrl Pts',(219.962080650453,-186.524922339154,-56.9178158099557));
#9587=CARTESIAN_POINT('Ctrl Pts',(222.114658101312,-187.367746535208,-56.8917945815161));
#9588=CARTESIAN_POINT('Ctrl Pts',(223.350673142387,-187.367746535208,-56.8768531308724));
#9589=CARTESIAN_POINT('',(240.307144394029,-187.367746535208,-56.6718764357053));
#9590=CARTESIAN_POINT('',(240.801463254216,-187.367746535208,-56.6659009090279));
#9591=CARTESIAN_POINT('',(219.964929460083,-114.074246528319,-56.9177813723905));
#9592=CARTESIAN_POINT('',(217.814365620983,-106.325712198712,-56.9437782594752));
#9593=CARTESIAN_POINT('',(209.927425482581,-50.0683012836601,-57.0391187876169));
#9594=CARTESIAN_POINT('',(227.202456826586,-3.86453433243426,-56.8302912089744));
#9595=CARTESIAN_POINT('Origin',(196.152660287127,-3.86453433243427,-57.2056337307676));
#9596=CARTESIAN_POINT('Ctrl Pts',(183.153610025051,3.11488757853954,-57.3627715174835));
#9597=CARTESIAN_POINT('Ctrl Pts',(183.153610025051,3.1731822067606,-57.3627715174835));
#9598=CARTESIAN_POINT('Ctrl Pts',(183.154117649819,3.23147683488809,-57.3627653811096));
#9599=CARTESIAN_POINT('Ctrl Pts',(183.155132821207,3.28976256125683,-57.3627531093065));
#9600=CARTESIAN_POINT('Ctrl Pts',(181.466919249565,3.11488757853969,-55.7163724821812));
#9601=CARTESIAN_POINT('Ctrl Pts',(181.466919249565,3.18285812841983,-55.7163724821812));
#9602=CARTESIAN_POINT('Ctrl Pts',(181.467257665377,3.25082867752111,-55.7163683333999));
#9603=CARTESIAN_POINT('Ctrl Pts',(181.467934449099,3.31880211196146,-55.7163603835715));
#9604=CARTESIAN_POINT('Ctrl Pts',(179.780228474078,3.11488757853984,-54.0699734468788));
#9605=CARTESIAN_POINT('Ctrl Pts',(179.780228474078,3.19253405007906,-54.0699734468788));
#9606=CARTESIAN_POINT('Ctrl Pts',(179.780397680935,3.27018052015413,-54.0699712856902));
#9607=CARTESIAN_POINT('Ctrl Pts',(179.780736076992,3.34784166266608,-54.0699676578364));
#9608=CARTESIAN_POINT('Ctrl Pts',(178.093537698592,3.11488757853999,-52.4235744115765));
#9609=CARTESIAN_POINT('Ctrl Pts',(178.093537698592,3.20220997173829,-52.4235744115765));
#9610=CARTESIAN_POINT('Ctrl Pts',(178.093537696493,3.28953236278715,-52.4235742379805));
#9611=CARTESIAN_POINT('Ctrl Pts',(178.093537704884,3.37688121337071,-52.4235749321014));
#9612=CARTESIAN_POINT('',(178.093537698592,3.11488757853908,-52.4235744115765));
#9613=CARTESIAN_POINT('',(178.095846343042,3.37684147778545,-52.4258277350074));
#9614=CARTESIAN_POINT('Ctrl Pts',(178.093537698592,3.11488757853999,-52.4235744115766));
#9615=CARTESIAN_POINT('Ctrl Pts',(178.093537698592,3.15854977282564,-52.4235744115766));
#9616=CARTESIAN_POINT('Ctrl Pts',(178.093730097288,3.20221062109346,-52.4237621856629));
#9617=CARTESIAN_POINT('Ctrl Pts',(178.094114870648,3.24586950436302,-52.4241377531802));
#9618=CARTESIAN_POINT('Ctrl Pts',(178.094499673107,3.28953168946167,-52.4245133491008));
#9619=CARTESIAN_POINT('Ctrl Pts',(178.09507685566,3.33318922230452,-52.4250767437376));
#9620=CARTESIAN_POINT('Ctrl Pts',(178.09584634304,3.37684147778545,-52.4258277348116));
#9621=CARTESIAN_POINT('',(178.093537698592,3.11488757853999,-52.4235744115765));
#9622=CARTESIAN_POINT('',(183.155132821207,3.28976256125684,-57.3627531093065));
#9623=CARTESIAN_POINT('Ctrl Pts',(183.155132821207,3.28976256125683,-57.3627531093065));
#9624=CARTESIAN_POINT('Ctrl Pts',(183.174507891521,4.40217575558947,-57.3625188956059));
#9625=CARTESIAN_POINT('Ctrl Pts',(183.586907166132,6.61961272225354,-57.3575336460723));
#9626=CARTESIAN_POINT('Ctrl Pts',(185.439774906084,9.88889666487467,-57.335135430059));
#9627=CARTESIAN_POINT('Ctrl Pts',(188.71874239014,12.4671263986092,-57.2954979424905));
#9628=CARTESIAN_POINT('Ctrl Pts',(191.674615775556,13.1354656675667,-57.2597661473025));
#9629=CARTESIAN_POINT('Ctrl Pts',(193.152879457418,13.1354656675667,-57.2418962969311));
#9630=CARTESIAN_POINT('Ctrl Pts',(181.468703995151,3.31878886676637,-55.7171113178082));
#9631=CARTESIAN_POINT('Ctrl Pts',(181.481623707626,4.61601264148322,-55.7169595536051));
#9632=CARTESIAN_POINT('Ctrl Pts',(181.943307884617,7.2085169280593,-55.7115617804893));
#9633=CARTESIAN_POINT('Ctrl Pts',(184.085935813206,11.0501869217244,-55.6864234244428));
#9634=CARTESIAN_POINT('Ctrl Pts',(187.919854832478,14.0961121442738,-55.6410808173574));
#9635=CARTESIAN_POINT('Ctrl Pts',(191.394821835418,14.8885439536838,-55.599402657102));
#9636=CARTESIAN_POINT('Ctrl Pts',(193.13277036315,14.8885439536838,-55.5783936310907));
#9637=CARTESIAN_POINT('Ctrl Pts',(179.782275169095,3.34781517227591,-54.0714695263099));
#9638=CARTESIAN_POINT('Ctrl Pts',(179.78873952373,4.82984952737697,-54.0714002116042));
#9639=CARTESIAN_POINT('Ctrl Pts',(180.299708603101,7.79742113386505,-54.0655899149063));
#9640=CARTESIAN_POINT('Ctrl Pts',(182.732096720328,12.2114771785742,-54.0377114188265));
#9641=CARTESIAN_POINT('Ctrl Pts',(187.120967274816,15.7250978899385,-53.9866636922244));
#9642=CARTESIAN_POINT('Ctrl Pts',(191.115027895279,16.6416222398009,-53.9390391669014));
#9643=CARTESIAN_POINT('Ctrl Pts',(193.112661268882,16.6416222398009,-53.9148909652502));
#9644=CARTESIAN_POINT('Ctrl Pts',(178.09584634304,3.37684147778544,-52.4258277348116));
#9645=CARTESIAN_POINT('Ctrl Pts',(178.095855339834,5.04368641327071,-52.4258408696034));
#9646=CARTESIAN_POINT('Ctrl Pts',(178.656109321586,8.3863253396708,-52.4196180493233));
#9647=CARTESIAN_POINT('Ctrl Pts',(181.37825762745,13.3727674354239,-52.3889994132103));
#9648=CARTESIAN_POINT('Ctrl Pts',(186.322079717153,17.3540836356031,-52.3322465670913));
#9649=CARTESIAN_POINT('Ctrl Pts',(190.835233955141,18.3947005259179,-52.2786756767008));
#9650=CARTESIAN_POINT('Ctrl Pts',(193.092552174615,18.3947005259179,-52.2513882994098));
#9651=CARTESIAN_POINT('Ctrl Pts',(178.09584634304,3.37684147778544,-52.4258277348116));
#9652=CARTESIAN_POINT('Ctrl Pts',(178.101677983726,3.70766466709017,-52.4315191993904));
#9653=CARTESIAN_POINT('Ctrl Pts',(178.118529611037,4.03776089867983,-52.4370580712382));
#9654=CARTESIAN_POINT('Ctrl Pts',(178.146182458447,4.36659869473529,-52.4424381413915));
#9655=CARTESIAN_POINT('Ctrl Pts',(178.174306326454,4.70103769969139,-52.4479098521566));
#9656=CARTESIAN_POINT('Ctrl Pts',(178.213602445454,5.03417555970299,-52.4532173062704));
#9657=CARTESIAN_POINT('Ctrl Pts',(178.263893405853,5.36546515054123,-52.4583533957776));
#9658=CARTESIAN_POINT('Ctrl Pts',(178.314388833172,5.69810165863305,-52.4635103669779));
#9659=CARTESIAN_POINT('Ctrl Pts',(178.375968725807,6.02887541213803,-52.4684945771527));
#9660=CARTESIAN_POINT('Ctrl Pts',(178.448506236429,6.35723618348606,-52.4732982509427));
#9661=CARTESIAN_POINT('Ctrl Pts',(178.520836042909,6.68465672554019,-52.4780881698775));
#9662=CARTESIAN_POINT('Ctrl Pts',(178.604060893375,7.00967865493224,-52.4826985841404));
#9663=CARTESIAN_POINT('Ctrl Pts',(178.698106306912,7.3317514437691,-52.4871212165829));
#9664=CARTESIAN_POINT('Ctrl Pts',(178.790243463152,7.64728911593792,-52.4914541102457));
#9665=CARTESIAN_POINT('Ctrl Pts',(178.892766732764,7.9599966050598,-52.4956067631657));
#9666=CARTESIAN_POINT('Ctrl Pts',(179.005652930957,8.26934361587982,-52.4995708687551));
#9667=CARTESIAN_POINT('Ctrl Pts',(179.103796150963,8.53828979554867,-52.5030172607253));
#9668=CARTESIAN_POINT('Ctrl Pts',(179.209773111888,8.80469592255947,-52.5063211286333));
#9669=CARTESIAN_POINT('Ctrl Pts',(179.323452084802,9.06822226790935,-52.5094779854957));
#9670=CARTESIAN_POINT('Ctrl Pts',(179.460541073239,9.38601683610804,-52.5132849367974));
#9671=CARTESIAN_POINT('Ctrl Pts',(179.608373947569,9.69856832035237,-52.5168655800931));
#9672=CARTESIAN_POINT('Ctrl Pts',(179.766555139379,10.0053602280421,-52.5202166008297));
#9673=CARTESIAN_POINT('Ctrl Pts',(179.9191712921,10.3013587604931,-52.5234497278953));
#9674=CARTESIAN_POINT('Ctrl Pts',(180.08142103112,10.5919963441575,-52.5264690992579));
#9675=CARTESIAN_POINT('Ctrl Pts',(180.253002542229,10.8767988498712,-52.5292711526372));
#9676=CARTESIAN_POINT('Ctrl Pts',(180.424863413055,11.1620650555879,-52.5320777681678));
#9677=CARTESIAN_POINT('Ctrl Pts',(180.606086701215,11.4414777032121,-52.5346663556074));
#9678=CARTESIAN_POINT('Ctrl Pts',(180.796418074262,11.7145421540667,-52.5370327888404));
#9679=CARTESIAN_POINT('Ctrl Pts',(180.98581428734,11.9862649504179,-52.5393875950169));
#9680=CARTESIAN_POINT('Ctrl Pts',(181.184229572411,12.2517022838354,-52.5415224223556));
#9681=CARTESIAN_POINT('Ctrl Pts',(181.391457929537,12.5103410215384,-52.5434326967903));
#9682=CARTESIAN_POINT('Ctrl Pts',(181.414548314899,12.5391598000402,-52.5436455488027));
#9683=CARTESIAN_POINT('Ctrl Pts',(181.437748162275,12.5678941395864,-52.5438556123786));
#9684=CARTESIAN_POINT('Ctrl Pts',(181.461057218957,12.5965433061168,-52.5440628808157));
#9685=CARTESIAN_POINT('Ctrl Pts',(181.670841597267,12.8543893301589,-52.545928322254));
#9686=CARTESIAN_POINT('Ctrl Pts',(181.889469083561,13.1053391321539,-52.5475673878304));
#9687=CARTESIAN_POINT('Ctrl Pts',(182.116512566655,13.3490289208262,-52.5489779635822));
#9688=CARTESIAN_POINT('Ctrl Pts',(182.279885371425,13.5243798435951,-52.5499929661437));
#9689=CARTESIAN_POINT('Ctrl Pts',(182.447616625682,13.6959710248376,-52.5508896523497));
#9690=CARTESIAN_POINT('Ctrl Pts',(182.619558174971,13.8636543359407,-52.5516671022228));
#9691=CARTESIAN_POINT('Ctrl Pts',(182.854207039258,14.0924919768301,-52.5527280891136));
#9692=CARTESIAN_POINT('Ctrl Pts',(183.09595197579,14.3133274346688,-52.5535638495752));
#9693=CARTESIAN_POINT('Ctrl Pts',(183.344308359877,14.5259022948101,-52.554175753326));
#9694=CARTESIAN_POINT('Ctrl Pts',(183.595691783494,14.7410680789054,-52.5547951151368));
#9695=CARTESIAN_POINT('Ctrl Pts',(183.853849158454,14.9477710941573,-52.5551851268373));
#9696=CARTESIAN_POINT('Ctrl Pts',(184.118321588811,15.1457126012615,-52.5553467011097));
#9697=CARTESIAN_POINT('Ctrl Pts',(184.383031774268,15.3438320535786,-52.5555084206338));
#9698=CARTESIAN_POINT('Ctrl Pts',(184.654068810642,15.5331746148803,-52.5554412876357));
#9699=CARTESIAN_POINT('Ctrl Pts',(184.93100993691,15.7134041772319,-52.5551457694753));
#9700=CARTESIAN_POINT('Ctrl Pts',(185.207047525001,15.893045729083,-52.5548512154619));
#9701=CARTESIAN_POINT('Ctrl Pts',(185.488951186059,16.0636340012945,-52.5543297597824));
#9702=CARTESIAN_POINT('Ctrl Pts',(185.77633276591,16.2247944367805,-52.5535814846402));
#9703=CARTESIAN_POINT('Ctrl Pts',(186.063714345762,16.3859548722666,-52.552833209498));
#9704=CARTESIAN_POINT('Ctrl Pts',(186.356574265671,16.5376878558418,-52.5518581108776));
#9705=CARTESIAN_POINT('Ctrl Pts',(186.654548443556,16.6795714788887,-52.5506559518087));
#9706=CARTESIAN_POINT('Ctrl Pts',(186.926175919549,16.8089098352746,-52.5495600869389));
#9707=CARTESIAN_POINT('Ctrl Pts',(187.202053903117,16.9300629669444,-52.5482755313127));
#9708=CARTESIAN_POINT('Ctrl Pts',(187.481789489161,17.0429062398761,-52.5468039947217));
#9709=CARTESIAN_POINT('Ctrl Pts',(187.783649358717,17.164674285655,-52.5452160743227));
#9710=CARTESIAN_POINT('Ctrl Pts',(188.089050728693,17.2763834523348,-52.5434155444867));
#9711=CARTESIAN_POINT('Ctrl Pts',(188.397444398176,17.3780202523521,-52.5414075463411));
#9712=CARTESIAN_POINT('Ctrl Pts',(188.708895271231,17.4806646099778,-52.5393796422774));
#9713=CARTESIAN_POINT('Ctrl Pts',(189.02339857148,17.5730361003276,-52.5371401305232));
#9714=CARTESIAN_POINT('Ctrl Pts',(189.340415205697,17.6550747397945,-52.5346939535193));
#9715=CARTESIAN_POINT('Ctrl Pts',(189.658949533084,17.7375061330456,-52.5322360656279));
#9716=CARTESIAN_POINT('Ctrl Pts',(189.980021860011,17.8095056703852,-52.5295695229241));
#9717=CARTESIAN_POINT('Ctrl Pts',(190.30310407436,17.8709635547674,-52.5266990727916));
#9718=CARTESIAN_POINT('Ctrl Pts',(190.625128276792,17.9322201802405,-52.5238380226518));
#9719=CARTESIAN_POINT('Ctrl Pts',(190.949149781118,17.9830041934098,-52.5207743921386));
#9720=CARTESIAN_POINT('Ctrl Pts',(191.274655962128,18.0231563730152,-52.5175127107231));
#9721=CARTESIAN_POINT('Ctrl Pts',(191.595760753273,18.0627656277647,-52.5142951327144));
#9722=CARTESIAN_POINT('Ctrl Pts',(191.918310869425,18.0920286544334,-52.5108848175559));
#9723=CARTESIAN_POINT('Ctrl Pts',(192.241816205416,18.1107424755843,-52.5072860374255));
#9724=CARTESIAN_POINT('Ctrl Pts',(192.525761555978,18.1271678692821,-52.5041273356297));
#9725=CARTESIAN_POINT('Ctrl Pts',(192.810443040242,18.1354656675658,-52.5008234400973));
#9726=CARTESIAN_POINT('Ctrl Pts',(193.095525788654,18.1354656675658,-52.4973772443204));
#9727=CARTESIAN_POINT('',(193.152879457418,13.1354656675668,-57.2418962969311));
#9728=CARTESIAN_POINT('Origin',(290.517651275043,15.7662830357371,-53.56815406133));
#9729=CARTESIAN_POINT('Origin',(180.623573861817,-42.2843515156585,-54.89317296453));
#9730=CARTESIAN_POINT('',(178.093537698588,-42.5591304104919,-52.4235744115765));
#9731=CARTESIAN_POINT('',(183.153610025047,-42.5591304104923,-57.3627715174835));
#9732=CARTESIAN_POINT('',(178.093537698588,-42.0006264276399,-52.4235744115765));
#9733=CARTESIAN_POINT('Ctrl Pts',(213.726752935402,-185.016052955979,-51.993362177462));
#9734=CARTESIAN_POINT('Ctrl Pts',(214.26508645255,-186.78188002322,-51.9875355069134));
#9735=CARTESIAN_POINT('Ctrl Pts',(216.674967271187,-190.514041875528,-51.9615360033952));
#9736=CARTESIAN_POINT('Ctrl Pts',(220.879746874755,-192.106111798868,-51.9132078444992));
#9737=CARTESIAN_POINT('Ctrl Pts',(223.290318331223,-192.106111798868,-51.884067879982));
#9738=CARTESIAN_POINT('Ctrl Pts',(215.329207676354,-184.576826903386,-53.6406006553923));
#9739=CARTESIAN_POINT('Ctrl Pts',(215.771162267948,-186.053332273608,-53.6357120779692));
#9740=CARTESIAN_POINT('Ctrl Pts',(217.770671730942,-189.184335363403,-53.6136292722487));
#9741=CARTESIAN_POINT('Ctrl Pts',(221.291383950274,-190.526656710981,-53.5727367568382));
#9742=CARTESIAN_POINT('Ctrl Pts',(223.310436601611,-190.526656710981,-53.5483296302788));
#9743=CARTESIAN_POINT('Ctrl Pts',(216.931662417306,-184.137600850793,-55.2878391333226));
#9744=CARTESIAN_POINT('Ctrl Pts',(217.277238083346,-185.324784523995,-55.2838886490249));
#9745=CARTESIAN_POINT('Ctrl Pts',(218.866376190698,-187.854628851279,-55.2657225411022));
#9746=CARTESIAN_POINT('Ctrl Pts',(221.703021025793,-188.947201623095,-55.2322656691771));
#9747=CARTESIAN_POINT('Ctrl Pts',(223.330554871999,-188.947201623095,-55.2125913805756));
#9748=CARTESIAN_POINT('Ctrl Pts',(218.534117158258,-183.6983747982,-56.935077611253));
#9749=CARTESIAN_POINT('Ctrl Pts',(218.783313898744,-184.596236774383,-56.9320652200807));
#9750=CARTESIAN_POINT('Ctrl Pts',(219.962080650453,-186.524922339154,-56.9178158099557));
#9751=CARTESIAN_POINT('Ctrl Pts',(222.114658101312,-187.367746535208,-56.8917945815161));
#9752=CARTESIAN_POINT('Ctrl Pts',(223.350673142387,-187.367746535208,-56.8768531308724));
#9753=CARTESIAN_POINT('',(223.290318331223,-192.106111798868,-51.884067879982));
#9754=CARTESIAN_POINT('',(223.350673142387,-187.367746535208,-56.8768531308724));
#9755=CARTESIAN_POINT('',(213.726752935402,-185.016052955979,-51.993362177462));
#9756=CARTESIAN_POINT('',(213.726752935402,-185.016052955979,-51.993362177462));
#9757=CARTESIAN_POINT('Ctrl Pts',(223.290318331223,-192.106111798868,-51.884067879982));
#9758=CARTESIAN_POINT('Ctrl Pts',(220.879746874755,-192.106111798868,-51.9132078444992));
#9759=CARTESIAN_POINT('Ctrl Pts',(216.674967271187,-190.514041875528,-51.9615360033952));
#9760=CARTESIAN_POINT('Ctrl Pts',(214.26508645255,-186.78188002322,-51.9875355069134));
#9761=CARTESIAN_POINT('Ctrl Pts',(213.726752935402,-185.016052955979,-51.993362177462));
#9762=CARTESIAN_POINT('Origin',(240.771285848634,-189.736929167038,-54.1695082835826));
#9763=CARTESIAN_POINT('',(241.56189726117,-192.106111798868,-51.6631936303245));
#9764=CARTESIAN_POINT('',(235.839994531171,-170.498298939552,-74.5037039557703));
#9765=CARTESIAN_POINT('',(240.741108443051,-192.106111798868,-51.6731156581374));
#9766=CARTESIAN_POINT('Origin',(188.701456293586,-85.5358719723428,-54.7957697282985));
#9767=CARTESIAN_POINT('',(180.881394963877,-66.6853058950728,-52.3903646227702));
#9768=CARTESIAN_POINT('Ctrl Pts',(180.881395395469,-66.6853058267171,-52.3903646177702));
#9769=CARTESIAN_POINT('Ctrl Pts',(181.699045078284,-66.5230180733907,-53.2137566138886));
#9770=CARTESIAN_POINT('Ctrl Pts',(182.516574140761,-66.360274356498,-54.0371557582242));
#9771=CARTESIAN_POINT('Ctrl Pts',(183.334003011226,-66.1970530632115,-54.8605873305161));
#9772=CARTESIAN_POINT('Ctrl Pts',(184.151443173151,-66.0338295152865,-55.6840302771854));
#9773=CARTESIAN_POINT('Ctrl Pts',(184.968745445517,-65.8701359064328,-56.5074676806066));
#9774=CARTESIAN_POINT('Ctrl Pts',(185.785955933892,-65.7059456448408,-57.3309506468318));
#9775=CARTESIAN_POINT('',(213.656183484878,-184.773673874146,-51.9941693626426));
#9776=CARTESIAN_POINT('',(186.296242910239,-86.1951360331719,-52.3249077467253));
#9777=CARTESIAN_POINT('',(218.466610255638,-183.455145770109,-56.9358936620453));
#9778=CARTESIAN_POINT('Ctrl Pts',(178.093862096057,-42.8211240763591,-52.4235705006542));
#9779=CARTESIAN_POINT('Ctrl Pts',(178.113864680291,-50.898468660257,-52.4233299993515));
#9780=CARTESIAN_POINT('Ctrl Pts',(179.062910625094,-58.9707811112424,-52.4119809562475));
#9781=CARTESIAN_POINT('Ctrl Pts',(180.914717353382,-66.8277284443133,-52.3898284308848));
#9782=CARTESIAN_POINT('Ctrl Pts',(179.780444739054,-42.8211240763594,-54.0699708395973));
#9783=CARTESIAN_POINT('Ctrl Pts',(179.793779795209,-50.7712217412254,-54.0698105053955));
#9784=CARTESIAN_POINT('Ctrl Pts',(180.721529973362,-58.7178461341569,-54.0586777578726));
#9785=CARTESIAN_POINT('Ctrl Pts',(182.53846354908,-66.4538008440803,-54.036869171738));
#9786=CARTESIAN_POINT('Ctrl Pts',(181.467027382051,-42.8211240763597,-55.7163711785404));
#9787=CARTESIAN_POINT('Ctrl Pts',(181.473694910128,-50.6439748221938,-55.7162910114395));
#9788=CARTESIAN_POINT('Ctrl Pts',(182.380149321629,-58.4649111570713,-55.7053745594977));
#9789=CARTESIAN_POINT('Ctrl Pts',(184.162209744778,-66.0798732438473,-55.6839099125912));
#9790=CARTESIAN_POINT('Ctrl Pts',(183.153610025047,-42.8211240763601,-57.3627715174835));
#9791=CARTESIAN_POINT('Ctrl Pts',(183.153610025046,-50.5167279031623,-57.3627715174836));
#9792=CARTESIAN_POINT('Ctrl Pts',(184.038768669897,-58.2119761799858,-57.3520713611228));
#9793=CARTESIAN_POINT('Ctrl Pts',(185.785955940476,-65.7059456436143,-57.3309506534444));
#9794=CARTESIAN_POINT('',(180.880488186548,-66.6820375360841,-52.3902379019707));
#9795=CARTESIAN_POINT('',(178.093862096018,-42.8211240763591,-52.4235704973654));
#9796=CARTESIAN_POINT('Ctrl Pts',(180.880488630635,-66.6820374320686,-52.3902378968288));
#9797=CARTESIAN_POINT('Ctrl Pts',(179.051216013038,-58.8710081078051,-52.412120804802));
#9798=CARTESIAN_POINT('Ctrl Pts',(178.113741065523,-50.8485511563522,-52.4233314856351));
#9799=CARTESIAN_POINT('Ctrl Pts',(178.093862096057,-42.8211240763591,-52.4235705006542));
#9800=CARTESIAN_POINT('Ctrl Pts',(180.881395395469,-66.6853058267161,-52.3903646177702));
#9801=CARTESIAN_POINT('Ctrl Pts',(180.881093142777,-66.6842163720846,-52.3903223953823));
#9802=CARTESIAN_POINT('Ctrl Pts',(180.880790890369,-66.683126918034,-52.3902801550381));
#9803=CARTESIAN_POINT('Ctrl Pts',(180.880488638245,-66.682037464564,-52.3902378967377));
#9804=CARTESIAN_POINT('',(178.093862096057,-42.8211240763591,-52.4235705006542));
#9805=CARTESIAN_POINT('Ctrl Pts',(218.534117158258,-183.6983747982,-56.935077611253));
#9806=CARTESIAN_POINT('Ctrl Pts',(218.511614857385,-183.617298455503,-56.9353496281837));
#9807=CARTESIAN_POINT('Ctrl Pts',(218.489112556511,-183.536222112806,-56.9356216451145));
#9808=CARTESIAN_POINT('Ctrl Pts',(218.466610255638,-183.455145770109,-56.9358936620453));
#9809=CARTESIAN_POINT('Ctrl Pts',(216.931662417306,-184.137600850793,-55.2878391333226));
#9810=CARTESIAN_POINT('Ctrl Pts',(216.908479443679,-184.056713418028,-55.2881090300253));
#9811=CARTESIAN_POINT('Ctrl Pts',(216.885636967613,-183.975731486692,-55.2883803240658));
#9812=CARTESIAN_POINT('Ctrl Pts',(216.86313466674,-183.894655143995,-55.2886523409965));
#9813=CARTESIAN_POINT('Ctrl Pts',(215.329207676354,-184.576826903386,-53.6406006553923));
#9814=CARTESIAN_POINT('Ctrl Pts',(215.305344029972,-184.496128380553,-53.6408684318668));
#9815=CARTESIAN_POINT('Ctrl Pts',(215.282161378715,-184.415240860578,-53.641139003017));
#9816=CARTESIAN_POINT('Ctrl Pts',(215.259659077841,-184.334164517881,-53.6414110199478));
#9817=CARTESIAN_POINT('Ctrl Pts',(213.726752935402,-185.016052955979,-51.993362177462));
#9818=CARTESIAN_POINT('Ctrl Pts',(213.702208616266,-184.935543343077,-51.9936278337083));
#9819=CARTESIAN_POINT('Ctrl Pts',(213.678685789816,-184.854750234464,-51.9938976819683));
#9820=CARTESIAN_POINT('Ctrl Pts',(213.656183488943,-184.773673891767,-51.994169698899));
#9821=CARTESIAN_POINT('Ctrl Pts',(213.726752935402,-185.016052955979,-51.993362177462));
#9822=CARTESIAN_POINT('Ctrl Pts',(213.702208616266,-184.935543343077,-51.9936278337083));
#9823=CARTESIAN_POINT('Ctrl Pts',(213.678685789816,-184.854750234464,-51.9938976819683));
#9824=CARTESIAN_POINT('Ctrl Pts',(213.656183488943,-184.773673891767,-51.994169698899));
#9825=CARTESIAN_POINT('Ctrl Pts',(183.153610025047,-42.8211240763596,-57.3627715174835));
#9826=CARTESIAN_POINT('Ctrl Pts',(183.153610025047,-42.7337928544038,-57.3627715174835));
#9827=CARTESIAN_POINT('Ctrl Pts',(183.153610025047,-42.6464616324481,-57.3627715174835));
#9828=CARTESIAN_POINT('Ctrl Pts',(183.153610025047,-42.5591304104923,-57.3627715174835));
#9829=CARTESIAN_POINT('Ctrl Pts',(181.467027382051,-42.8211240763594,-55.7163711785404));
#9830=CARTESIAN_POINT('Ctrl Pts',(181.466955293585,-42.7337928544037,-55.7163720452969));
#9831=CARTESIAN_POINT('Ctrl Pts',(181.466919249561,-42.6464616324479,-55.7163724821812));
#9832=CARTESIAN_POINT('Ctrl Pts',(181.466919249561,-42.5591304104922,-55.7163724821812));
#9833=CARTESIAN_POINT('Ctrl Pts',(179.780444739054,-42.8211240763593,-54.0699708395973));
#9834=CARTESIAN_POINT('Ctrl Pts',(179.780300562123,-42.7337928544035,-54.0699725731103));
#9835=CARTESIAN_POINT('Ctrl Pts',(179.780228474074,-42.6464616324478,-54.0699734468789));
#9836=CARTESIAN_POINT('Ctrl Pts',(179.780228474074,-42.559130410492,-54.0699734468789));
#9837=CARTESIAN_POINT('Ctrl Pts',(178.093862096057,-42.8211240763591,-52.4235705006541));
#9838=CARTESIAN_POINT('Ctrl Pts',(178.093645830662,-42.7337928544034,-52.4235731009236));
#9839=CARTESIAN_POINT('Ctrl Pts',(178.093537698588,-42.6464616324476,-52.4235744115765));
#9840=CARTESIAN_POINT('Ctrl Pts',(178.093537698588,-42.5591304104919,-52.4235744115765));
#9841=CARTESIAN_POINT('Ctrl Pts',(178.093862096057,-42.8211240763591,-52.4235705006541));
#9842=CARTESIAN_POINT('Ctrl Pts',(178.093645830662,-42.7337928544034,-52.4235731009236));
#9843=CARTESIAN_POINT('Ctrl Pts',(178.093537698588,-42.6464616324476,-52.4235744115765));
#9844=CARTESIAN_POINT('Ctrl Pts',(178.093537698588,-42.5591304104919,-52.4235744115765));
#9845=CARTESIAN_POINT('Origin',(223.332491933122,-182.275213281011,-55.3728326275987));
#9846=CARTESIAN_POINT('',(223.290235532111,-192.105752869341,-51.8772184146892));
#9847=CARTESIAN_POINT('Origin',(223.290235532111,-182.092034142117,-51.8772184146892));
#9848=CARTESIAN_POINT('',(223.326166901829,-192.261513350756,-54.8496013832282));
#9849=CARTESIAN_POINT('Origin',(223.326166901829,-192.261513350756,-54.8496013832282));
#9850=CARTESIAN_POINT('',(241.561714843107,-192.105752869341,-51.656345369266));
#9851=CARTESIAN_POINT('',(216.577109633092,-192.105752869341,-51.9583694006816));
#9852=CARTESIAN_POINT('',(241.605674877917,-192.192249536656,-53.306674235397));
#9853=CARTESIAN_POINT('Ctrl Pts',(178.093537698592,3.11488757853893,-52.4235744115765));
#9854=CARTESIAN_POINT('Ctrl Pts',(178.093537698594,18.1354656675664,-52.4235744115765));
#9855=CARTESIAN_POINT('Ctrl Pts',(193.092441847143,18.1354656675658,-52.242261580748));
#9856=CARTESIAN_POINT('Ctrl Pts',(178.506773273375,3.11488757853893,-86.6080320068885));
#9857=CARTESIAN_POINT('Ctrl Pts',(178.506773273377,18.1354656675664,-86.6080320068885));
#9858=CARTESIAN_POINT('Ctrl Pts',(193.505677421926,18.1354656675658,-86.4267191760601));
#9859=CARTESIAN_POINT('',(178.153975308868,3.11488757853908,-57.4232091277596));
#9860=CARTESIAN_POINT('Origin',(203.152148889783,-6.86453433243431,-57.121021076379));
#9861=CARTESIAN_POINT('',(219.964929460083,-114.074246528319,-56.9177813723906));
#9862=CARTESIAN_POINT('Origin',(209.863983734074,-87.116140433822,-52.0395203866739));
#9863=CARTESIAN_POINT('',(178.093537698588,-42.8211240763601,-52.4235744115765));
#9864=CARTESIAN_POINT('',(178.093537698588,-42.0006264276399,-52.4235744115765));
#9865=CARTESIAN_POINT('',(180.880483916618,-66.9440126920462,-52.3898846764363));
#9866=CARTESIAN_POINT('Origin',(283.585830210057,-42.8211240763797,-51.1483408347496));
#9867=CARTESIAN_POINT('',(213.656177554893,-185.035641833862,-51.9936788111899));
#9868=CARTESIAN_POINT('',(184.516190557716,-80.0435530120007,-52.3459347813886));
#9869=CARTESIAN_POINT('',(223.29023553211,-192.36774653521,-51.8772184146893));
#9870=CARTESIAN_POINT('Origin',(223.29023553211,-182.354027807985,-51.8772184146893));
#9871=CARTESIAN_POINT('',(241.63442976956,-192.36774653521,-51.6554663617713));
#9872=CARTESIAN_POINT('',(216.577109633092,-192.36774653521,-51.9583694006816));
#9873=CARTESIAN_POINT('',(226.936918466908,-139.412252344432,-51.8331358337557));
#9874=CARTESIAN_POINT('Ctrl Pts',(180.880483916618,-66.9440126920462,-52.3898846764363));
#9875=CARTESIAN_POINT('Ctrl Pts',(178.093537698587,-55.0440236091181,-52.4235744115765));
#9876=CARTESIAN_POINT('Ctrl Pts',(178.093537698588,-42.8211240763821,-52.4235744115765));
#9877=CARTESIAN_POINT('Ctrl Pts',(181.293980325133,-66.9440126920462,-86.5959194548575));
#9878=CARTESIAN_POINT('Ctrl Pts',(178.507034107102,-55.0440236091181,-86.6296091899977));
#9879=CARTESIAN_POINT('Ctrl Pts',(178.507034107103,-42.8211240763821,-86.6296091899977));
#9880=CARTESIAN_POINT('',(180.940921526894,-66.9440126920462,-57.3895193926188));
#9881=CARTESIAN_POINT('',(178.153975308864,-42.8211240763601,-57.4232091277597));
#9882=CARTESIAN_POINT('Origin',(213.716615165169,-185.035641833862,-56.9933135273731));
#9883=CARTESIAN_POINT('',(213.716615165169,-185.035641833862,-56.9933135273731));
#9884=CARTESIAN_POINT('Ctrl Pts',(223.29023553211,-192.36774653521,-51.8772184146893));
#9885=CARTESIAN_POINT('Ctrl Pts',(215.691163600572,-192.36774653521,-51.9690790753036));
#9886=CARTESIAN_POINT('Ctrl Pts',(213.656177554893,-185.035641833862,-51.9936788111899));
#9887=CARTESIAN_POINT('Ctrl Pts',(223.620150002535,-192.36774653521,-79.1690294603273));
#9888=CARTESIAN_POINT('Ctrl Pts',(216.021078070996,-192.36774653521,-79.2608901209416));
#9889=CARTESIAN_POINT('Ctrl Pts',(213.986092025317,-185.035641833862,-79.2854898568279));
#9890=CARTESIAN_POINT('',(223.350673142386,-192.36774653521,-56.8768531308724));
#9891=CARTESIAN_POINT('Origin',(241.694867379836,-192.36774653521,-56.6551010779545));
#9892=CARTESIAN_POINT('',(241.694867379836,-192.36774653521,-56.6551010779542));
#9893=CARTESIAN_POINT('Origin',(219.964929460083,-114.074246528319,-56.9177813723906));
#9894=CARTESIAN_POINT('Origin',(178.153975308864,-42.8211240763601,-57.4232091277597));
#9895=UNCERTAINTY_MEASURE_WITH_UNIT(LENGTH_MEASURE(0.01),#9899,
'DISTANCE_ACCURACY_VALUE',
'Maximum model space distance between geometric entities at asserted c
onnectivities');
#9896=UNCERTAINTY_MEASURE_WITH_UNIT(LENGTH_MEASURE(0.01),#9899,
'DISTANCE_ACCURACY_VALUE',
'Maximum model space distance between geometric entities at asserted c
onnectivities');
#9897=(
GEOMETRIC_REPRESENTATION_CONTEXT(3)
GLOBAL_UNCERTAINTY_ASSIGNED_CONTEXT((#9895))
GLOBAL_UNIT_ASSIGNED_CONTEXT((#9899,#9901,#9902))
REPRESENTATION_CONTEXT('','3D')
);
#9898=(
GEOMETRIC_REPRESENTATION_CONTEXT(3)
GLOBAL_UNCERTAINTY_ASSIGNED_CONTEXT((#9896))
GLOBAL_UNIT_ASSIGNED_CONTEXT((#9899,#9901,#9902))
REPRESENTATION_CONTEXT('','3D')
);
#9899=(
LENGTH_UNIT()
NAMED_UNIT(*)
SI_UNIT(.MILLI.,.METRE.)
);
#9900=(
LENGTH_UNIT()
NAMED_UNIT(*)
SI_UNIT($,.METRE.)
);
#9901=(
NAMED_UNIT(*)
PLANE_ANGLE_UNIT()
SI_UNIT($,.RADIAN.)
);
#9902=(
NAMED_UNIT(*)
SI_UNIT($,.STERADIAN.)
SOLID_ANGLE_UNIT()
);
#9903=SHAPE_DEFINITION_REPRESENTATION(#9904,#9905);
#9904=PRODUCT_DEFINITION_SHAPE('',$,#9907);
#9905=SHAPE_REPRESENTATION('',(#5071),#9897);
#9906=PRODUCT_DEFINITION_CONTEXT('part definition',#9911,'design');
#9907=PRODUCT_DEFINITION('2026-05-27-21-27-23-419','Palmrest',#9908,#9906);
#9908=PRODUCT_DEFINITION_FORMATION('',$,#9913);
#9909=PRODUCT_RELATED_PRODUCT_CATEGORY('Palmrest','Palmrest',(#9913));
#9910=APPLICATION_PROTOCOL_DEFINITION('international standard',
'automotive_design',2009,#9911);
#9911=APPLICATION_CONTEXT(
'Core Data for Automotive Mechanical Design Process');
#9912=PRODUCT_CONTEXT('part definition',#9911,'mechanical');
#9913=PRODUCT('2026-05-27-21-27-23-419','Palmrest',$,(#9912));
#9914=PRESENTATION_STYLE_ASSIGNMENT((#9917));
#9915=PRESENTATION_STYLE_ASSIGNMENT((#9918));
#9916=PRESENTATION_STYLE_ASSIGNMENT((#9919));
#9917=SURFACE_STYLE_USAGE(.BOTH.,#9920);
#9918=SURFACE_STYLE_USAGE(.BOTH.,#9921);
#9919=SURFACE_STYLE_USAGE(.BOTH.,#9922);
#9920=SURFACE_SIDE_STYLE('',(#9923));
#9921=SURFACE_SIDE_STYLE('',(#9924));
#9922=SURFACE_SIDE_STYLE('',(#9925));
#9923=SURFACE_STYLE_FILL_AREA(#9926);
#9924=SURFACE_STYLE_FILL_AREA(#9927);
#9925=SURFACE_STYLE_FILL_AREA(#9928);
#9926=FILL_AREA_STYLE('Plastic - Glossy (Black)',(#9929));
#9927=FILL_AREA_STYLE('Powder Coat - Rough (Yellow)',(#9930));
#9928=FILL_AREA_STYLE('Paek (Beige)',(#9931));
#9929=FILL_AREA_STYLE_COLOUR('Plastic - Glossy (Black)',#9932);
#9930=FILL_AREA_STYLE_COLOUR('Powder Coat - Rough (Yellow)',#9933);
#9931=FILL_AREA_STYLE_COLOUR('Paek (Beige)',#9934);
#9932=COLOUR_RGB('Plastic - Glossy (Black)',0.0980392156862745,0.0980392156862745,
0.0980392156862745);
#9933=COLOUR_RGB('Powder Coat - Rough (Yellow)',0.909803921568627,0.67843137254902,
0.137254901960784);
#9934=COLOUR_RGB('Paek (Beige)',0.898039215686275,0.792156862745098,0.619607843137255);
ENDSEC;
END-ISO-10303-21;
